idx,wer_low,wer_med,wer_high
0,0.2235294117647059,0.2235294117647059,0.2235294117647059
1,0.0625,0.0625,0.1375
2,0.25396825396825395,0.23809523809523808,0.25396825396825395
3,0.08974358974358974,0.10256410256410256,0.1282051282051282
4,0.08108108108108109,0.05405405405405406,0.08108108108108109
5,0.19718309859154928,0.19718309859154928,0.18309859154929578
6,0.03773584905660377,0.03773584905660377,0.05660377358490566
7,0.04285714285714286,0.04285714285714286,0.05714285714285714
8,0.0547945205479452,0.0547945205479452,0.0547945205479452
9,0.21666666666666667,0.21666666666666667,0.23333333333333334
10,0.2727272727272727,0.2857142857142857,0.2857142857142857
11,0.15384615384615385,0.16666666666666666,0.15384615384615385
12,0.0875,0.0875,0.1
13,0.11538461538461539,0.11538461538461539,0.11538461538461539
14,0.09210526315789473,0.05263157894736842,0.09210526315789473
15,0.2222222222222222,0.2361111111111111,0.2222222222222222
16,0.12048192771084337,0.12048192771084337,0.12048192771084337
17,0.14285714285714285,0.17857142857142858,0.14285714285714285
18,0.14285714285714285,0.14285714285714285,0.15584415584415584
19,0.2361111111111111,0.25,0.25
20,0.42105263157894735,0.42105263157894735,0.40789473684210525
21,0.047619047619047616,0.09523809523809523,0.07142857142857142
22,0.1267605633802817,0.23943661971830985,0.2112676056338028
23,0.08641975308641975,0.08641975308641975,0.08641975308641975
24,0.07407407407407407,0.07407407407407407,0.06172839506172839
25,0.06097560975609756,0.06097560975609756,0.06097560975609756
26,0.075,0.0625,0.075
27,0.10526315789473684,0.10526315789473684,0.13157894736842105
28,0.3170731707317073,0.2804878048780488,0.2682926829268293
29,0.12195121951219512,0.10975609756097561,0.13414634146341464
30,0.19736842105263158,0.17105263157894737,0.2236842105263158
31,0.06976744186046512,0.06976744186046512,0.06976744186046512
32,0.17142857142857143,0.17142857142857143,0.18571428571428572
33,0.025,0.05,0.025
34,0.16304347826086957,0.16304347826086957,0.18478260869565216
35,0.16483516483516483,0.1978021978021978,0.1978021978021978
36,0.3,0.3,0.3
37,0.16393442622950818,0.14754098360655737,0.14754098360655737
38,0.1797752808988764,0.2696629213483146,0.21348314606741572
39,0.15,0.1375,0.125
40,0.5176470588235295,0.49411764705882355,0.49411764705882355
41,0.189873417721519,0.189873417721519,0.189873417721519
42,0.1590909090909091,0.17045454545454544,0.18181818181818182
43,0.1282051282051282,0.11538461538461539,0.14102564102564102
44,0.046875,0.03125,0.046875
45,0.32967032967032966,0.3516483516483517,0.34065934065934067
46,0.29069767441860467,0.26744186046511625,0.32558139534883723
47,0.27692307692307694,0.2923076923076923,0.2923076923076923
48,0.18181818181818182,0.19696969696969696,0.18181818181818182
49,0.16304347826086957,0.16304347826086957,0.17391304347826086
50,0.25806451612903225,0.21505376344086022,0.26881720430107525
51,0.09090909090909091,0.09090909090909091,0.1038961038961039
52,0.08955223880597014,0.13432835820895522,0.08955223880597014
53,0.07575757575757576,0.07575757575757576,0.045454545454545456
54,0.11842105263157894,0.09210526315789473,0.13157894736842105
55,0.17582417582417584,0.18681318681318682,0.18681318681318682
56,0.21153846153846154,0.21153846153846154,0.15384615384615385
57,0.07407407407407407,0.08641975308641975,0.1111111111111111
58,0.1724137931034483,0.1724137931034483,0.25287356321839083
59,0.0945945945945946,0.0945945945945946,0.0945945945945946
60,0.11764705882352941,0.11764705882352941,0.11764705882352941
61,0.2073170731707317,0.23170731707317074,0.24390243902439024
62,0.28378378378378377,0.28378378378378377,0.24324324324324326
63,0.17333333333333334,0.18666666666666668,0.21333333333333335
64,0.22058823529411764,0.20588235294117646,0.17647058823529413
65,0.1527777777777778,0.1527777777777778,0.16666666666666666
66,0.2159090909090909,0.25,0.2159090909090909
67,0.05555555555555555,0.05555555555555555,0.09259259259259259
68,0.21212121212121213,0.21212121212121213,0.21212121212121213
69,0.25675675675675674,0.25675675675675674,0.25675675675675674
70,0.3157894736842105,0.32456140350877194,0.32456140350877194
71,0.10843373493975904,0.0963855421686747,0.10843373493975904
72,0.12121212121212122,0.09090909090909091,0.13636363636363635
73,0.13924050632911392,0.11392405063291139,0.13924050632911392
74,0.35064935064935066,0.23376623376623376,0.22077922077922077
75,0.28169014084507044,0.28169014084507044,0.28169014084507044
76,0.25510204081632654,0.2653061224489796,0.2653061224489796
77,0.4090909090909091,0.39090909090909093,0.44545454545454544
78,0.22077922077922077,0.22077922077922077,0.23376623376623376
79,0.1111111111111111,0.12345679012345678,0.14814814814814814
80,0.038461538461538464,0.0641025641025641,0.07692307692307693
81,0.32051282051282054,0.23076923076923078,0.23076923076923078
82,0.11428571428571428,0.1,0.1
83,0.12307692307692308,0.12307692307692308,0.09230769230769231
84,0.10344827586206896,0.10344827586206896,0.11494252873563218
85,0.1388888888888889,0.18055555555555555,0.2222222222222222
86,0.13333333333333333,0.13333333333333333,0.12222222222222222
87,0.23809523809523808,0.22857142857142856,0.26666666666666666
88,0.1875,0.15625,0.171875
89,0.20270270270270271,0.1891891891891892,0.17567567567567569
90,0.08333333333333333,0.08333333333333333,0.08333333333333333
91,0.13253012048192772,0.10843373493975904,0.12048192771084337
92,0.05194805194805195,0.09090909090909091,0.03896103896103896
93,0.20652173913043478,0.17391304347826086,0.1956521739130435
94,0.22580645161290322,0.22580645161290322,0.22580645161290322
95,0.2,0.2,0.225
96,0.16393442622950818,0.21311475409836064,0.21311475409836064
97,0.2,0.21428571428571427,0.21428571428571427
98,0.22988505747126436,0.20689655172413793,0.21839080459770116
99,0.08860759493670886,0.16455696202531644,0.10126582278481013
100,0.2,0.2153846153846154,0.27692307692307694
101,0.06666666666666667,0.06666666666666667,0.06666666666666667
102,0.1686746987951807,0.18072289156626506,0.20481927710843373
103,0.07142857142857142,0.07142857142857142,0.07142857142857142
104,0.23809523809523808,0.26666666666666666,0.2761904761904762
105,0.1038961038961039,0.1038961038961039,0.1038961038961039
106,0.21176470588235294,0.2,0.25882352941176473
107,0.08860759493670886,0.08860759493670886,0.10126582278481013
108,0.23076923076923078,0.23076923076923078,0.27884615384615385
109,0.16666666666666666,0.15555555555555556,0.17777777777777778
110,0.10256410256410256,0.14102564102564102,0.16666666666666666
111,0.14814814814814814,0.14814814814814814,0.2345679012345679
112,0.2727272727272727,0.2545454545454545,0.2545454545454545
113,0.11904761904761904,0.11904761904761904,0.13095238095238096
114,0.1044776119402985,0.11940298507462686,0.13432835820895522
115,0.2608695652173913,0.2608695652173913,0.2898550724637681
116,0.1927710843373494,0.1927710843373494,0.18072289156626506
117,0.2755102040816326,0.30612244897959184,0.2857142857142857
118,0.13253012048192772,0.13253012048192772,0.13253012048192772
119,0.12790697674418605,0.16279069767441862,0.16279069767441862
120,0.2,0.23529411764705882,0.23529411764705882
121,0.2911392405063291,0.27848101265822783,0.3291139240506329
122,0.4368932038834951,0.44660194174757284,0.4368932038834951
123,0.44871794871794873,0.44871794871794873,0.46153846153846156
124,0.175,0.1625,0.175
125,0.14492753623188406,0.13043478260869565,0.15942028985507245
126,0.3111111111111111,0.34444444444444444,0.4888888888888889
127,0.2727272727272727,0.22077922077922077,0.36363636363636365
128,0.13636363636363635,0.10606060606060606,0.15151515151515152
129,0.3333333333333333,0.3793103448275862,0.4942528735632184
130,0.3291139240506329,0.35443037974683544,0.4050632911392405
131,0.38235294117647056,0.39215686274509803,0.4411764705882353
132,0.14634146341463414,0.13414634146341464,0.15853658536585366
133,0.29896907216494845,0.30927835051546393,0.28865979381443296
134,0.16666666666666666,0.1527777777777778,0.2916666666666667
135,0.3333333333333333,0.34615384615384615,0.3717948717948718
136,0.15,0.2,0.2875
137,0.08974358974358974,0.10256410256410256,0.21794871794871795
138,0.32894736842105265,0.19736842105263158,0.2631578947368421
139,0.1728395061728395,0.2345679012345679,0.2839506172839506
140,0.45918367346938777,0.45918367346938777,0.45918367346938777
141,0.24242424242424243,0.24242424242424243,0.42424242424242425
142,0.2638888888888889,0.2638888888888889,0.2916666666666667
143,0.23529411764705882,0.3088235294117647,0.5147058823529411
144,0.21052631578947367,0.24210526315789474,0.25263157894736843
145,0.08860759493670886,0.1518987341772152,0.20253164556962025
146,0.2159090909090909,0.2159090909090909,0.2840909090909091
147,0.10810810810810811,0.10810810810810811,0.21621621621621623
148,0.2727272727272727,0.25,0.4318181818181818
149,0.05,0.05,0.15
150,0.35789473684210527,0.47368421052631576,0.3894736842105263
151,0.16666666666666666,0.2916666666666667,0.2916666666666667
152,0.20224719101123595,0.2247191011235955,0.43820224719101125
153,0.11842105263157894,0.14473684210526316,0.18421052631578946
154,0.37349397590361444,0.3132530120481928,0.37349397590361444
155,0.1875,0.21875,0.359375
156,0.08974358974358974,0.11538461538461539,0.14102564102564102
157,0.2830188679245283,0.2641509433962264,0.2830188679245283
158,0.17105263157894737,0.2236842105263158,0.3157894736842105
159,0.4657534246575342,0.4520547945205479,0.4520547945205479
160,0.30612244897959184,0.336734693877551,0.37755102040816324
161,0.1527777777777778,0.1527777777777778,0.16666666666666666
162,0.39285714285714285,0.4642857142857143,0.6309523809523809
163,0.0875,0.1125,0.1375
164,0.17073170731707318,0.21951219512195122,0.25609756097560976
165,0.42045454545454547,0.38636363636363635,0.4772727272727273
166,0.21176470588235294,0.2823529411764706,0.29411764705882354
167,0.3548387096774194,0.5161290322580645,0.6129032258064516
168,0.25333333333333335,0.5333333333333333,0.72
169,0.3764705882352941,0.38823529411764707,0.43529411764705883
170,0.2571428571428571,0.44285714285714284,0.6857142857142857
171,0.22077922077922077,0.22077922077922077,0.2727272727272727
172,0.22580645161290322,0.3763440860215054,0.3548387096774194
173,0.4142857142857143,0.4714285714285714,0.45714285714285713
174,0.29577464788732394,0.29577464788732394,0.4225352112676056
175,0.27631578947368424,0.25,0.2236842105263158
176,0.323943661971831,0.323943661971831,0.4507042253521127
177,0.2,0.3384615384615385,0.5692307692307692
178,0.1927710843373494,0.25301204819277107,0.3614457831325301
179,0.4117647058823529,0.4823529411764706,0.49411764705882355
180,0.3088235294117647,0.35294117647058826,0.6323529411764706
181,0.359375,0.453125,0.546875
182,0.5111111111111111,0.4888888888888889,0.5333333333333333
183,0.44642857142857145,0.44642857142857145,0.5892857142857143
184,0.07407407407407407,0.18518518518518517,0.30864197530864196
185,0.2087912087912088,0.2857142857142857,0.37362637362637363
186,0.35365853658536583,0.2926829268292683,0.4146341463414634
187,0.4777777777777778,0.36666666666666664,0.5777777777777777
188,0.25,0.35,0.3875
189,0.2878787878787879,0.2878787878787879,0.30303030303030304
190,0.25,0.4659090909090909,0.5227272727272727
191,0.136986301369863,0.1917808219178082,0.2465753424657534
192,0.19696969696969696,0.16666666666666666,0.25757575757575757
193,0.42696629213483145,0.4606741573033708,0.5056179775280899
194,0.3103448275862069,0.367816091954023,0.3563218390804598
195,0.3875,0.3875,0.5125
196,0.3411764705882353,0.4235294117647059,0.4117647058823529
197,0.21794871794871795,0.24358974358974358,0.28205128205128205
198,0.23809523809523808,0.30158730158730157,0.3333333333333333
199,0.16901408450704225,0.1267605633802817,0.2676056338028169
200,0.17045454545454544,0.18181818181818182,0.3068181818181818
201,0.171875,0.234375,0.28125
202,0.1724137931034483,0.22413793103448276,0.27586206896551724
203,0.34285714285714286,0.5142857142857142,0.37142857142857144
204,0.21739130434782608,0.2391304347826087,0.32608695652173914
205,0.20430107526881722,0.3548387096774194,0.26881720430107525
206,0.4268292682926829,0.4634146341463415,0.45121951219512196
207,0.3333333333333333,0.4057971014492754,0.5652173913043478
208,0.18840579710144928,0.3188405797101449,0.4057971014492754
209,0.34545454545454546,0.2909090909090909,0.36363636363636365
210,0.22988505747126436,0.3448275862068966,0.40229885057471265
211,0.5217391304347826,0.4673913043478261,0.532608695652174
212,0.3561643835616438,0.3972602739726027,0.3972602739726027
213,0.18518518518518517,0.2777777777777778,0.2037037037037037
214,0.17721518987341772,0.13924050632911392,0.20253164556962025
215,0.13157894736842105,0.19736842105263158,0.2236842105263158
216,0.2903225806451613,0.27956989247311825,0.3333333333333333
217,0.3595505617977528,0.33707865168539325,0.4044943820224719
218,0.2549019607843137,0.30392156862745096,0.47058823529411764
219,0.2857142857142857,0.2755102040816326,0.35714285714285715
220,0.1875,0.22916666666666666,0.28125
221,0.25,0.32894736842105265,0.4605263157894737
222,0.3010752688172043,0.3118279569892473,0.3548387096774194
223,0.3424657534246575,0.1780821917808219,0.3150684931506849
224,0.3253012048192771,0.25301204819277107,0.5421686746987951
225,0.13725490196078433,0.09803921568627451,0.17647058823529413
226,0.2441860465116279,0.26744186046511625,0.36046511627906974
227,0.28125,0.53125,0.96875
228,0.5070422535211268,0.5774647887323944,0.7746478873239436
229,0.23529411764705882,0.17647058823529413,0.20588235294117646
230,0.32558139534883723,0.32558139534883723,0.38372093023255816
231,0.2857142857142857,0.2967032967032967,0.42857142857142855
232,0.1935483870967742,0.22580645161290322,0.3118279569892473
233,0.42,0.5,0.43
234,0.2222222222222222,0.3950617283950617,0.4074074074074074
235,0.26136363636363635,0.3522727272727273,0.375
236,0.11764705882352941,0.23529411764705882,0.25
237,0.14814814814814814,0.24691358024691357,0.2962962962962963
238,0.3411764705882353,0.24705882352941178,0.25882352941176473
239,0.38095238095238093,0.36904761904761907,0.42857142857142855
240,0.32142857142857145,0.4166666666666667,0.5357142857142857
241,0.2631578947368421,0.3815789473684211,0.42105263157894735
242,0.4126984126984127,0.38095238095238093,0.3492063492063492
243,0.3950617283950617,0.5432098765432098,0.41975308641975306
244,0.19101123595505617,0.25842696629213485,0.42696629213483145
245,0.2823529411764706,0.25882352941176473,0.35294117647058826
246,0.35294117647058826,0.36470588235294116,0.49411764705882355
247,0.27380952380952384,0.36904761904761907,0.34523809523809523
248,0.40217391304347827,0.44565217391304346,0.43478260869565216
249,0.20833333333333334,0.19444444444444445,0.2638888888888889
250,0.08641975308641975,0.18518518518518517,0.25925925925925924
251,0.23469387755102042,0.3979591836734694,0.46938775510204084
252,0.1875,0.1125,0.15
253,0.3048780487804878,0.3780487804878049,0.4268292682926829
254,0.34831460674157305,0.38202247191011235,0.550561797752809
255,0.3142857142857143,0.3619047619047619,0.3142857142857143
256,0.13333333333333333,0.16,0.26666666666666666
257,0.31746031746031744,0.2698412698412698,0.30158730158730157
258,0.3888888888888889,0.45555555555555555,0.43333333333333335
259,0.2054794520547945,0.2054794520547945,0.3972602739726027
260,0.5131578947368421,0.5131578947368421,0.5657894736842105
261,0.16666666666666666,0.16666666666666666,0.1794871794871795
262,0.18604651162790697,0.3023255813953488,0.3372093023255814
263,0.34285714285714286,0.4857142857142857,0.5142857142857142
264,0.16279069767441862,0.29069767441860467,0.5
265,0.3142857142857143,0.37142857142857144,0.6285714285714286
266,0.3880597014925373,0.31343283582089554,0.3582089552238806
267,0.38095238095238093,0.40476190476190477,0.42857142857142855
268,0.42696629213483145,0.5056179775280899,0.4606741573033708
269,0.10975609756097561,0.15853658536585366,0.2804878048780488
270,0.5154639175257731,0.30927835051546393,0.3917525773195876
271,0.28,0.26666666666666666,0.24
272,0.5,0.5,0.8068181818181818
273,0.13924050632911392,0.1518987341772152,0.26582278481012656
274,0.5480769230769231,0.5865384615384616,0.6634615384615384
275,0.19230769230769232,0.24358974358974358,0.358974358974359
276,0.21621621621621623,0.33783783783783783,0.25675675675675674
277,0.1375,0.3125,0.3625
278,0.2558139534883721,0.3372093023255814,0.37209302325581395
279,0.25757575757575757,0.16666666666666666,0.3181818181818182
280,0.22535211267605634,0.16901408450704225,0.22535211267605634
281,0.1111111111111111,0.14814814814814814,0.19753086419753085
282,0.21311475409836064,0.3114754098360656,0.18032786885245902
283,0.14492753623188406,0.13043478260869565,0.2028985507246377
284,0.3488372093023256,0.37209302325581395,0.3953488372093023
285,0.18072289156626506,0.2891566265060241,0.3253012048192771
286,0.3563218390804598,0.39080459770114945,0.4942528735632184
287,0.1016949152542373,0.22033898305084745,0.3728813559322034
288,0.38666666666666666,0.38666666666666666,0.36
289,0.3103448275862069,0.2988505747126437,0.4367816091954023
290,0.2087912087912088,0.24175824175824176,0.2967032967032967
291,0.08771929824561403,0.10526315789473684,0.14035087719298245
292,0.4166666666666667,0.5595238095238095,0.5
293,0.24390243902439024,0.3170731707317073,0.5
294,0.2948717948717949,0.4230769230769231,0.47435897435897434
295,0.21212121212121213,0.22727272727272727,0.22727272727272727
296,0.08641975308641975,0.16049382716049382,0.35802469135802467
297,0.33783783783783783,0.3783783783783784,0.4864864864864865
298,0.2708333333333333,0.3541666666666667,0.46875
299,0.39325842696629215,0.4157303370786517,0.3707865168539326
300,0.2826086956521739,0.30434782608695654,0.358695652173913
301,0.3472222222222222,0.3472222222222222,0.2916666666666667
302,0.16483516483516483,0.16483516483516483,0.18681318681318682
303,0.2463768115942029,0.2898550724637681,0.4057971014492754
304,0.44339622641509435,0.4339622641509434,0.5849056603773585
305,0.08139534883720931,0.09302325581395349,0.26744186046511625
306,0.18,0.2,0.24
307,0.225,0.25,0.3125
308,0.2153846153846154,0.24615384615384617,0.2923076923076923
309,0.4,0.4588235294117647,0.43529411764705883
310,0.2875,0.225,0.2
311,0.4,0.42857142857142855,0.5857142857142857
312,0.07575757575757576,0.09090909090909091,0.2878787878787879
313,0.23376623376623376,0.2987012987012987,0.38961038961038963
314,0.4155844155844156,0.38961038961038963,0.42857142857142855
315,0.3125,0.375,0.425
316,0.09803921568627451,0.17647058823529413,0.19607843137254902
317,0.26744186046511625,0.3953488372093023,0.4883720930232558
318,0.18888888888888888,0.18888888888888888,0.2777777777777778
319,0.33653846153846156,0.38461538461538464,0.4423076923076923
320,0.2236842105263158,0.21052631578947367,0.18421052631578946
321,0.25609756097560976,0.2804878048780488,0.4024390243902439
322,0.39080459770114945,0.5172413793103449,0.6206896551724138
323,0.4631578947368421,0.43157894736842106,0.4631578947368421
324,0.5263157894736842,0.5789473684210527,0.8947368421052632
325,0.3181818181818182,0.4090909090909091,0.4431818181818182
326,0.3,0.35,0.3625
327,0.14864864864864866,0.16216216216216217,0.16216216216216217
328,0.33783783783783783,0.24324324324324326,0.35135135135135137
329,0.345679012345679,0.35802469135802467,0.3950617283950617
330,0.25,0.25,0.4880952380952381
331,0.20481927710843373,0.21686746987951808,0.27710843373493976
332,0.16176470588235295,0.14705882352941177,0.25
333,0.42857142857142855,0.42857142857142855,0.44285714285714284
334,0.2087912087912088,0.24175824175824176,0.31868131868131866
335,0.11688311688311688,0.12987012987012986,0.16883116883116883
336,0.30666666666666664,0.22666666666666666,0.24
337,0.2777777777777778,0.2638888888888889,0.25
338,0.17307692307692307,0.19230769230769232,0.4230769230769231
339,0.4126984126984127,0.47619047619047616,0.3968253968253968
340,0.11267605633802817,0.15492957746478872,0.18309859154929578
341,0.2077922077922078,0.2597402597402597,0.2597402597402597
342,0.3146067415730337,0.4943820224719101,0.8539325842696629
343,0.015625,0.03125,0.171875
344,0.30612244897959184,0.3163265306122449,0.32653061224489793
345,0.28888888888888886,0.2777777777777778,0.4111111111111111
346,0.16666666666666666,0.20833333333333334,0.18055555555555555
347,0.22972972972972974,0.24324324324324326,0.3783783783783784
348,0.11842105263157894,0.17105263157894737,0.2894736842105263
349,0.4605263157894737,0.4868421052631579,0.5921052631578947
350,0.375,0.4125,0.6125
351,0.41025641025641024,0.47435897435897434,0.9230769230769231
352,0.35384615384615387,0.36923076923076925,0.3076923076923077
353,0.27586206896551724,0.3563218390804598,0.3333333333333333
354,0.25287356321839083,0.2413793103448276,0.3103448275862069
355,0.26436781609195403,0.2413793103448276,0.3333333333333333
356,0.25757575757575757,0.3181818181818182,0.3939393939393939
357,0.25555555555555554,0.25555555555555554,0.32222222222222224
358,0.31521739130434784,0.40217391304347827,0.43478260869565216
359,0.10843373493975904,0.10843373493975904,0.18072289156626506
360,0.08,0.06,0.24
361,0.4225352112676056,0.4084507042253521,0.49295774647887325
362,0.4383561643835616,0.4520547945205479,0.3698630136986301
363,0.13253012048192772,0.1927710843373494,0.21686746987951808
364,0.21348314606741572,0.29213483146067415,0.29213483146067415
365,0.42168674698795183,0.5421686746987951,0.7469879518072289
366,0.3469387755102041,0.3673469387755102,0.41836734693877553
367,0.3707865168539326,0.3595505617977528,0.3146067415730337
368,0.3188405797101449,0.34782608695652173,0.3333333333333333
369,0.07352941176470588,0.14705882352941177,0.27941176470588236
370,0.21686746987951808,0.30120481927710846,0.42168674698795183
371,0.3157894736842105,0.3684210526315789,0.3157894736842105
372,0.2222222222222222,0.18518518518518517,0.2839506172839506
373,0.35294117647058826,0.4,0.3764705882352941
374,0.2631578947368421,0.3684210526315789,0.5263157894736842
375,0.10975609756097561,0.15853658536585366,0.1951219512195122
376,0.11627906976744186,0.1511627906976744,0.2441860465116279
377,0.1,0.21428571428571427,0.34285714285714286
378,0.16923076923076924,0.18461538461538463,0.24615384615384617
379,0.273972602739726,0.3698630136986301,0.5342465753424658
380,0.4155844155844156,0.5324675324675324,0.5844155844155844
381,0.2261904761904762,0.34523809523809523,0.25
382,0.3157894736842105,0.35526315789473684,0.5394736842105263
383,0.17647058823529413,0.2,0.27058823529411763
384,0.2077922077922078,0.2077922077922078,0.24675324675324675
385,0.2711864406779661,0.423728813559322,0.423728813559322
386,0.30120481927710846,0.3253012048192771,0.37349397590361444
387,0.16049382716049382,0.18518518518518517,0.2716049382716049
388,0.2465753424657534,0.273972602739726,0.273972602739726
389,0.3076923076923077,0.3076923076923077,0.4835164835164835
390,0.27586206896551724,0.2413793103448276,0.3448275862068966
391,0.34408602150537637,0.3978494623655914,0.5268817204301075
392,0.1590909090909091,0.17045454545454544,0.19318181818181818
393,0.16666666666666666,0.18181818181818182,0.22727272727272727
394,0.3010752688172043,0.2903225806451613,0.3010752688172043
395,0.32142857142857145,0.36904761904761907,0.44047619047619047
396,0.36,0.36,0.38666666666666666
397,0.29411764705882354,0.22058823529411764,0.23529411764705882
398,0.14893617021276595,0.19148936170212766,0.3191489361702128
399,0.16216216216216217,0.2702702702702703,0.28378378378378377
400,0.28125,0.234375,0.546875
401,0.22916666666666666,0.21875,0.20833333333333334
402,0.23170731707317074,0.24390243902439024,0.4146341463414634
403,0.2692307692307692,0.32051282051282054,0.4358974358974359
404,0.3522727272727273,0.36363636363636365,0.45454545454545453
405,0.2553191489361702,0.3191489361702128,0.3404255319148936
406,0.24719101123595505,0.2808988764044944,0.30337078651685395
407,0.136986301369863,0.1917808219178082,0.3424657534246575
408,0.18571428571428572,0.18571428571428572,0.21428571428571427
409,0.2692307692307692,0.28205128205128205,0.3974358974358974
410,0.2111111111111111,0.2,0.18888888888888888
411,0.4657534246575342,0.5068493150684932,0.4246575342465753
412,0.2653061224489796,0.32653061224489793,0.336734693877551
413,0.15294117647058825,0.1411764705882353,0.21176470588235294
414,0.38461538461538464,0.4230769230769231,0.46153846153846156
415,0.41836734693877553,0.46938775510204084,0.47959183673469385
416,0.10126582278481013,0.11392405063291139,0.1518987341772152
417,0.1917808219178082,0.2465753424657534,0.2602739726027397
418,0.15853658536585366,0.15853658536585366,0.23170731707317074
419,0.16417910447761194,0.1791044776119403,0.208955223880597
420,0.352112676056338,0.3380281690140845,0.352112676056338
421,0.3058823529411765,0.29411764705882354,0.4117647058823529
422,0.3875,0.4125,0.4625
423,0.11494252873563218,0.16091954022988506,0.1839080459770115
424,0.36486486486486486,0.35135135135135137,0.33783783783783783
425,0.4507042253521127,0.4507042253521127,0.4084507042253521
426,0.37349397590361444,0.4939759036144578,0.5180722891566265
427,0.1111111111111111,0.09876543209876543,0.12345679012345678
428,0.2127659574468085,0.2765957446808511,0.35106382978723405
429,0.19767441860465115,0.29069767441860467,0.313953488372093
430,0.2318840579710145,0.2463768115942029,0.37681159420289856
431,0.42857142857142855,0.39285714285714285,0.4880952380952381
432,0.3055555555555556,0.3055555555555556,0.3333333333333333
433,0.3541666666666667,0.4479166666666667,0.5729166666666666
434,0.18333333333333332,0.15,0.31666666666666665
435,0.5277777777777778,0.5740740740740741,0.5925925925925926
436,0.125,0.125,0.17045454545454544
437,0.3835616438356164,0.3972602739726027,0.3150684931506849
438,0.1375,0.1125,0.125
439,0.37142857142857144,0.4857142857142857,0.5142857142857142
440,0.41,0.45,0.5
441,0.0759493670886076,0.16455696202531644,0.3924050632911392
442,0.3924050632911392,0.4177215189873418,0.45569620253164556
443,0.46511627906976744,0.5,0.6046511627906976
444,0.3368421052631579,0.3894736842105263,0.4631578947368421
445,0.19444444444444445,0.2361111111111111,0.4305555555555556
446,0.1794871794871795,0.2564102564102564,0.41025641025641024
447,0.20833333333333334,0.25,0.3194444444444444
448,0.12359550561797752,0.1797752808988764,0.3707865168539326
449,0.2826086956521739,0.2608695652173913,0.32608695652173914
450,0.22807017543859648,0.2982456140350877,0.543859649122807
451,0.4666666666666667,0.45714285714285713,0.4857142857142857
452,0.23170731707317074,0.21951219512195122,0.35365853658536583
453,0.09090909090909091,0.10227272727272728,0.18181818181818182
454,0.2222222222222222,0.2962962962962963,0.2222222222222222
455,0.5,0.45454545454545453,0.5113636363636364
456,0.28125,0.359375,0.359375
457,0.25882352941176473,0.27058823529411763,0.29411764705882354
458,0.23170731707317074,0.24390243902439024,0.2926829268292683
459,0.12195121951219512,0.07317073170731707,0.12195121951219512
460,0.20987654320987653,0.2222222222222222,0.30864197530864196
461,0.3026315789473684,0.3157894736842105,0.3157894736842105
462,0.28431372549019607,0.3137254901960784,0.38235294117647056
463,0.19753086419753085,0.2345679012345679,0.30864197530864196
464,0.20512820512820512,0.10256410256410256,0.19230769230769232
465,0.25316455696202533,0.3291139240506329,0.31645569620253167
466,0.17391304347826086,0.2028985507246377,0.4057971014492754
467,0.1935483870967742,0.20430107526881722,0.25806451612903225
468,0.17142857142857143,0.2,0.2857142857142857
469,0.42528735632183906,0.5172413793103449,0.4482758620689655
470,0.5161290322580645,0.532258064516129,0.5645161290322581
471,0.13253012048192772,0.20481927710843373,0.20481927710843373
472,0.27586206896551724,0.3103448275862069,0.3103448275862069
473,0.26506024096385544,0.2891566265060241,0.3132530120481928
474,0.3287671232876712,0.3287671232876712,0.4794520547945205
475,0.09333333333333334,0.06666666666666667,0.10666666666666667
476,0.275,0.35,0.35
477,0.37037037037037035,0.5,0.5185185185185185
478,0.15584415584415584,0.2077922077922078,0.19480519480519481
479,0.2872340425531915,0.3191489361702128,0.2978723404255319
480,0.25,0.25,0.3020833333333333
481,0.14772727272727273,0.17045454545454544,0.20454545454545456
482,0.23170731707317074,0.3170731707317073,0.47560975609756095
483,0.35,0.38333333333333336,0.4666666666666667
484,0.325,0.325,0.375
485,0.34210526315789475,0.35526315789473684,0.3815789473684211
486,0.08064516129032258,0.22580645161290322,0.11290322580645161
487,0.41379310344827586,0.6206896551724138,0.4942528735632184
488,0.19718309859154928,0.36619718309859156,0.4647887323943662
489,0.13636363636363635,0.18181818181818182,0.24242424242424243
490,0.11538461538461539,0.20512820512820512,0.2564102564102564
491,0.39473684210526316,0.35526315789473684,0.3684210526315789
492,0.2876712328767123,0.4246575342465753,0.4657534246575342
493,0.2857142857142857,0.3163265306122449,0.3163265306122449
494,0.2823529411764706,0.24705882352941178,0.32941176470588235
495,0.35051546391752575,0.35051546391752575,0.4845360824742268
496,0.3333333333333333,0.24691358024691357,0.41975308641975306
497,0.3875,0.425,0.5125
498,0.1590909090909091,0.18181818181818182,0.18181818181818182
499,0.3333333333333333,0.4305555555555556,0.4722222222222222
500,0.08888888888888889,0.1111111111111111,0.15555555555555556
501,0.21686746987951808,0.1927710843373494,0.3614457831325301
502,0.15,0.1,0.3
503,0.14864864864864866,0.2702702702702703,0.36486486486486486
504,0.2028985507246377,0.2608695652173913,0.2753623188405797
505,0.38202247191011235,0.4044943820224719,0.5280898876404494
506,0.2289156626506024,0.25301204819277107,0.42168674698795183
507,0.12195121951219512,0.14634146341463414,0.15853658536585366
508,0.3108108108108108,0.3918918918918919,0.5135135135135135
509,0.38461538461538464,0.34615384615384615,0.7051282051282052
510,0.17073170731707318,0.12195121951219512,0.10975609756097561
511,0.20253164556962025,0.2911392405063291,0.35443037974683544
512,0.4444444444444444,0.35185185185185186,0.4074074074074074
513,0.23958333333333334,0.22916666666666666,0.2916666666666667
514,0.1875,0.28125,0.28125
515,0.2716049382716049,0.24691358024691357,0.32098765432098764
516,0.47959183673469385,0.35714285714285715,0.42857142857142855
517,0.32432432432432434,0.35135135135135137,0.6081081081081081
518,0.23636363636363636,0.23636363636363636,0.2727272727272727
519,0.2,0.3333333333333333,0.36
520,0.2,0.17142857142857143,0.22857142857142856
521,0.38613861386138615,0.36633663366336633,0.45544554455445546
522,0.25301204819277107,0.27710843373493976,0.3253012048192771
523,0.25806451612903225,0.3387096774193548,0.3548387096774194
524,0.18309859154929578,0.19718309859154928,0.16901408450704225
525,0.1590909090909091,0.1590909090909091,0.29545454545454547
526,0.16417910447761194,0.2537313432835821,0.3283582089552239
527,0.25287356321839083,0.26436781609195403,0.3448275862068966
528,0.08333333333333333,0.10714285714285714,0.2857142857142857
529,0.49382716049382713,0.4444444444444444,0.5308641975308642
530,0.3953488372093023,0.37209302325581395,0.5116279069767442
531,0.1111111111111111,0.125,0.2222222222222222
532,0.10256410256410256,0.11538461538461539,0.19230769230769232
533,0.058823529411764705,0.0784313725490196,0.09803921568627451
534,0.3068181818181818,0.38636363636363635,0.375
535,0.3088235294117647,0.3235294117647059,0.35294117647058826
536,0.3010752688172043,0.3763440860215054,0.44086021505376344
537,0.23333333333333334,0.34444444444444444,0.37777777777777777
538,0.4625,0.45,0.4375
539,0.08333333333333333,0.18055555555555555,0.2916666666666667
540,0.24719101123595505,0.33707865168539325,0.2696629213483146
541,0.25675675675675674,0.5675675675675675,0.40540540540540543
542,0.13043478260869565,0.17391304347826086,0.2028985507246377
543,0.1927710843373494,0.24096385542168675,0.2289156626506024
544,0.23529411764705882,0.29411764705882354,0.4
545,0.09876543209876543,0.12345679012345678,0.1111111111111111
546,0.2716049382716049,0.2345679012345679,0.43209876543209874
547,0.2727272727272727,0.23376623376623376,0.38961038961038963
548,0.05970149253731343,0.08955223880597014,0.1044776119402985
549,0.10126582278481013,0.13924050632911392,0.20253164556962025
550,0.3717948717948718,0.4230769230769231,0.41025641025641024
551,0.37037037037037035,0.2839506172839506,0.38271604938271603
552,0.08333333333333333,0.09722222222222222,0.19444444444444445
553,0.34615384615384615,0.34615384615384615,0.5256410256410257
554,0.2638888888888889,0.2777777777777778,0.2777777777777778
555,0.25806451612903225,0.5161290322580645,0.45161290322580644
556,0.33766233766233766,0.33766233766233766,0.4025974025974026
557,0.32,0.32,0.32
558,0.21621621621621623,0.21621621621621623,0.32432432432432434
559,0.2558139534883721,0.2558139534883721,0.43023255813953487
560,0.234375,0.3125,0.546875
561,0.20481927710843373,0.26506024096385544,0.2891566265060241
562,0.06944444444444445,0.09722222222222222,0.1527777777777778
563,0.3974358974358974,0.4358974358974359,0.5
564,0.28205128205128205,0.6025641025641025,0.5769230769230769
565,0.3763440860215054,0.3763440860215054,0.4838709677419355
566,0.18666666666666668,0.17333333333333334,0.29333333333333333
567,0.20754716981132076,0.2641509433962264,0.24528301886792453
568,0.43333333333333335,0.4166666666666667,0.4
569,0.29508196721311475,0.3770491803278688,0.5081967213114754
570,0.14285714285714285,0.2,0.37142857142857144
571,0.3333333333333333,0.3111111111111111,0.5888888888888889
572,0.29508196721311475,0.26229508196721313,0.32786885245901637
573,0.3939393939393939,0.40404040404040403,0.47474747474747475
574,0.17857142857142858,0.2261904761904762,0.4523809523809524
575,0.4675324675324675,0.6103896103896104,0.5324675324675324
576,0.39080459770114945,0.4482758620689655,0.5977011494252874
577,0.5,0.6538461538461539,0.7211538461538461
578,0.3142857142857143,0.3,0.38571428571428573
579,0.2191780821917808,0.2876712328767123,0.3835616438356164
580,0.13513513513513514,0.16216216216216217,0.2702702702702703
581,0.1527777777777778,0.125,0.2222222222222222
582,0.20253164556962025,0.25316455696202533,0.3291139240506329
583,0.18072289156626506,0.37349397590361444,0.25301204819277107
584,0.3258426966292135,0.39325842696629215,0.47191011235955055
585,0.26136363636363635,0.26136363636363635,0.3181818181818182
586,0.22077922077922077,0.22077922077922077,0.33766233766233766
587,0.25301204819277107,0.24096385542168675,0.27710843373493976
588,0.1724137931034483,0.22988505747126436,0.3563218390804598
589,0.06329113924050633,0.21518987341772153,0.1518987341772152
590,0.24691358024691357,0.2839506172839506,0.3333333333333333
591,0.36363636363636365,0.4090909090909091,0.41818181818181815
592,0.4,0.4105263157894737,0.4105263157894737
593,0.5161290322580645,0.46236559139784944,0.5268817204301075
594,0.3246753246753247,0.35064935064935066,0.45454545454545453
595,0.23863636363636365,0.25,0.3181818181818182
596,0.17647058823529413,0.17647058823529413,0.19117647058823528
597,0.21311475409836064,0.26229508196721313,0.3114754098360656
598,0.3835616438356164,0.3835616438356164,0.547945205479452
599,0.21052631578947367,0.3026315789473684,0.25
600,0.31868131868131866,0.32967032967032966,0.5714285714285714
601,0.15151515151515152,0.13636363636363635,0.30303030303030304
602,0.20987654320987653,0.5555555555555556,0.35802469135802467
603,0.38181818181818183,0.44545454545454544,0.44545454545454544
604,0.2,0.1375,0.25
605,0.3829787234042553,0.3617021276595745,0.46808510638297873
606,0.2375,0.325,0.425
607,0.32,0.29333333333333333,0.68
608,0.1388888888888889,0.18055555555555555,0.3472222222222222
609,0.07058823529411765,0.11764705882352941,0.1411764705882353
610,0.3194444444444444,0.4444444444444444,0.3055555555555556
611,0.3695652173913043,0.45652173913043476,0.3695652173913043
612,0.24285714285714285,0.4,0.34285714285714286
613,0.4691358024691358,0.4567901234567901,0.5679012345679012
614,0.1566265060240964,0.21686746987951808,0.30120481927710846
615,0.30952380952380953,0.34523809523809523,0.38095238095238093
616,0.20253164556962025,0.24050632911392406,0.4430379746835443
617,0.17721518987341772,0.27848101265822783,0.26582278481012656
618,0.08974358974358974,0.08974358974358974,0.16666666666666666
619,0.17105263157894737,0.15789473684210525,0.25
620,0.36,0.3466666666666667,0.6266666666666667
621,0.3516483516483517,0.34065934065934067,0.42857142857142855
622,0.4791666666666667,0.46875,0.5416666666666666
623,0.22093023255813954,0.20930232558139536,0.2441860465116279
624,0.55,0.3,0.575
625,0.3333333333333333,0.36,0.41333333333333333
626,0.36470588235294116,0.4470588235294118,0.4588235294117647
627,0.23170731707317074,0.3048780487804878,0.45121951219512196
628,0.18072289156626506,0.1927710843373494,0.20481927710843373
629,0.5223880597014925,0.5223880597014925,0.3880597014925373
630,0.061224489795918366,0.1836734693877551,0.2653061224489796
631,0.323943661971831,0.352112676056338,0.323943661971831
632,0.23809523809523808,0.27380952380952384,0.34523809523809523
633,0.32941176470588235,0.38823529411764707,0.3764705882352941
634,0.39436619718309857,0.49295774647887325,0.676056338028169
635,0.34285714285714286,0.4142857142857143,0.4714285714285714
636,0.25,0.34375,0.2604166666666667
637,0.38235294117647056,0.39705882352941174,0.5588235294117647
638,0.1095890410958904,0.3561643835616438,0.3424657534246575
639,0.3142857142857143,0.32857142857142857,0.21428571428571427
640,0.2222222222222222,0.32222222222222224,0.35555555555555557
641,0.32926829268292684,0.2804878048780488,0.23170731707317074
642,0.3333333333333333,0.3968253968253968,0.38095238095238093
643,0.29577464788732394,0.36619718309859156,0.39436619718309857
644,0.29069767441860467,0.36046511627906974,0.4186046511627907
645,0.21621621621621623,0.3783783783783784,0.4594594594594595
646,0.08860759493670886,0.08860759493670886,0.17721518987341772
647,0.24175824175824176,0.32967032967032966,0.38461538461538464
648,0.32786885245901637,0.2459016393442623,0.5245901639344263
649,0.22535211267605634,0.2535211267605634,0.43661971830985913
650,0.43283582089552236,0.417910447761194,0.5223880597014925
651,0.2558139534883721,0.3372093023255814,0.3023255813953488
652,0.1518987341772152,0.20253164556962025,0.2911392405063291
653,0.76,0.6933333333333334,0.8533333333333334
654,0.13924050632911392,0.1518987341772152,0.20253164556962025
655,0.25274725274725274,0.27472527472527475,0.27472527472527475
656,0.48148148148148145,0.5,0.5740740740740741
657,0.5882352941176471,0.6029411764705882,0.7058823529411765
658,0.09523809523809523,0.07936507936507936,0.20634920634920634
659,0.3333333333333333,0.3333333333333333,0.3888888888888889
660,0.16981132075471697,0.2641509433962264,0.33962264150943394
661,0.40963855421686746,0.39759036144578314,0.4457831325301205
662,0.3709677419354839,0.3709677419354839,0.46774193548387094
663,0.25,0.28,0.44
664,0.23595505617977527,0.2696629213483146,0.3595505617977528
665,0.32926829268292684,0.4024390243902439,0.5
666,0.27631578947368424,0.27631578947368424,0.5263157894736842
667,0.11594202898550725,0.2028985507246377,0.2898550724637681
668,0.14084507042253522,0.2112676056338028,0.36619718309859156
669,0.4939759036144578,0.5903614457831325,0.4819277108433735
670,0.1794871794871795,0.16666666666666666,0.24358974358974358
671,0.22093023255813954,0.22093023255813954,0.32558139534883723
672,0.4098360655737705,0.45901639344262296,0.5409836065573771
673,0.2982456140350877,0.3333333333333333,0.43859649122807015
674,0.3,0.2714285714285714,0.32857142857142857
675,0.19480519480519481,0.19480519480519481,0.2857142857142857
676,0.39325842696629215,0.4157303370786517,0.47191011235955055
677,0.3300970873786408,0.4854368932038835,0.5242718446601942
678,0.2542372881355932,0.2033898305084746,0.288135593220339
679,0.3058823529411765,0.35294117647058826,0.38823529411764707
680,0.04477611940298507,0.04477611940298507,0.1044776119402985
681,0.4230769230769231,0.38461538461538464,0.41025641025641024
682,0.25,0.21428571428571427,0.44047619047619047
683,0.24444444444444444,0.37777777777777777,0.5666666666666667
684,0.358974358974359,0.41025641025641024,0.5384615384615384
685,0.35384615384615387,0.23076923076923078,0.24615384615384617
686,0.22972972972972974,0.32432432432432434,0.36486486486486486
687,0.06329113924050633,0.1518987341772152,0.24050632911392406
688,0.4,0.4,0.31666666666666665
689,0.20253164556962025,0.3037974683544304,0.6582278481012658
690,0.44047619047619047,0.35714285714285715,0.42857142857142855
691,0.26506024096385544,0.2891566265060241,0.39759036144578314
692,0.23529411764705882,0.2235294117647059,0.2823529411764706
693,0.25,0.2857142857142857,0.47619047619047616
694,0.37142857142857144,0.37142857142857144,0.5333333333333333
695,0.15384615384615385,0.21794871794871795,0.14102564102564102
696,0.26666666666666666,0.18666666666666668,0.28
697,0.18666666666666668,0.17333333333333334,0.3466666666666667
698,0.21428571428571427,0.2619047619047619,0.2261904761904762
699,0.12658227848101267,0.13924050632911392,0.22784810126582278
700,0.29069767441860467,0.29069767441860467,0.313953488372093
701,0.4,0.44285714285714284,0.4
702,0.24390243902439024,0.24390243902439024,0.2926829268292683
703,0.4574468085106383,0.43617021276595747,0.44680851063829785
704,0.11666666666666667,0.16666666666666666,0.31666666666666665
705,0.14035087719298245,0.14035087719298245,0.17543859649122806
706,0.12987012987012986,0.16883116883116883,0.11688311688311688
707,0.3783783783783784,0.4189189189189189,0.40540540540540543
708,0.22784810126582278,0.27848101265822783,0.2911392405063291
709,0.4583333333333333,0.4722222222222222,0.4166666666666667
710,0.18032786885245902,0.22950819672131148,0.29508196721311475
711,0.5053763440860215,0.4838709677419355,0.5698924731182796
712,0.23595505617977527,0.2696629213483146,0.33707865168539325
713,0.14285714285714285,0.17857142857142858,0.23809523809523808
714,0.24742268041237114,0.28865979381443296,0.38144329896907214
715,0.4,0.36666666666666664,0.3888888888888889
716,0.3103448275862069,0.2988505747126437,0.3333333333333333
717,0.30120481927710846,0.37349397590361444,0.39759036144578314
718,0.22077922077922077,0.22077922077922077,0.2727272727272727
719,0.3333333333333333,0.391304347826087,0.4782608695652174
720,0.41975308641975306,0.37037037037037035,0.4567901234567901
721,0.1232876712328767,0.136986301369863,0.2054794520547945
722,0.10909090909090909,0.2,0.21818181818181817
723,0.25396825396825395,0.20634920634920634,0.30158730158730157
724,0.03389830508474576,0.0847457627118644,0.22033898305084745
725,0.3076923076923077,0.35384615384615387,0.4153846153846154
726,0.25,0.234375,0.3125
727,0.15625,0.15625,0.3125
728,0.25925925925925924,0.30864197530864196,0.2839506172839506
729,0.43859649122807015,0.45614035087719296,0.42105263157894735
730,0.1724137931034483,0.25287356321839083,0.28735632183908044
731,0.38636363636363635,0.4318181818181818,0.38636363636363635
732,0.2894736842105263,0.3026315789473684,0.2894736842105263
733,0.14457831325301204,0.12048192771084337,0.2289156626506024
734,0.23529411764705882,0.23529411764705882,0.19117647058823528
735,0.2727272727272727,0.25,0.3068181818181818
736,0.10256410256410256,0.1794871794871795,0.1794871794871795
737,0.21428571428571427,0.22857142857142856,0.18571428571428572
738,0.32142857142857145,0.27380952380952384,0.42857142857142855
739,0.32,0.37333333333333335,0.56
740,0.4470588235294118,0.4117647058823529,0.4117647058823529
741,0.34210526315789475,0.39473684210526316,0.40789473684210525
742,0.4794520547945205,0.4794520547945205,0.4383561643835616
743,0.25,0.2875,0.45
744,0.4108527131782946,0.46511627906976744,0.4728682170542636
745,0.12,0.16,0.22666666666666666
746,0.234375,0.28125,0.28125
747,0.3263157894736842,0.3157894736842105,0.42105263157894735
748,0.35135135135135137,0.32432432432432434,0.4189189189189189
749,0.22916666666666666,0.21875,0.23958333333333334
750,0.2878787878787879,0.3333333333333333,0.3333333333333333
751,0.31868131868131866,0.34065934065934067,0.38461538461538464
752,0.38235294117647056,0.39705882352941174,0.45588235294117646
753,0.2786885245901639,0.29508196721311475,0.32786885245901637
754,0.18292682926829268,0.24390243902439024,0.32926829268292684
755,0.2465753424657534,0.3698630136986301,0.4520547945205479
756,0.35443037974683544,0.4810126582278481,0.5949367088607594
757,0.2962962962962963,0.4074074074074074,0.3333333333333333
758,0.3870967741935484,0.25806451612903225,0.3118279569892473
759,0.18055555555555555,0.16666666666666666,0.25
760,0.15492957746478872,0.22535211267605634,0.4788732394366197
761,0.2903225806451613,0.3010752688172043,0.3655913978494624
762,0.3877551020408163,0.46938775510204084,0.40816326530612246
763,0.13924050632911392,0.13924050632911392,0.17721518987341772
764,0.411214953271028,0.40186915887850466,0.40186915887850466
765,0.38144329896907214,0.5257731958762887,0.6391752577319587
766,0.2235294117647059,0.23529411764705882,0.36470588235294116
767,0.34615384615384615,0.32051282051282054,0.3974358974358974
768,0.2702702702702703,0.33783783783783783,0.4594594594594595
769,0.04938271604938271,0.13580246913580246,0.3333333333333333
770,0.1111111111111111,0.2222222222222222,0.3333333333333333
771,0.34065934065934067,0.4725274725274725,0.4725274725274725
772,0.27884615384615385,0.3076923076923077,0.46153846153846156
773,0.175,0.1375,0.2125
774,0.2777777777777778,0.375,0.6388888888888888
775,0.32978723404255317,0.4787234042553192,0.39361702127659576
776,0.2857142857142857,0.34065934065934067,0.43956043956043955
777,0.14772727272727273,0.20454545454545456,0.22727272727272727
778,0.21739130434782608,0.2318840579710145,0.15942028985507245
779,0.4,0.4117647058823529,0.49411764705882355
780,0.21428571428571427,0.20238095238095238,0.25
781,0.2891566265060241,0.3614457831325301,0.43373493975903615
782,0.4158415841584158,0.40594059405940597,0.46534653465346537
783,0.09859154929577464,0.09859154929577464,0.19718309859154928
784,0.40425531914893614,0.46808510638297873,0.7978723404255319
785,0.1375,0.125,0.225
786,0.21739130434782608,0.30434782608695654,0.391304347826087
787,0.17567567567567569,0.14864864864864866,0.21621621621621623
788,0.27692307692307694,0.38461538461538464,0.35384615384615387
789,0.4117647058823529,0.36764705882352944,0.45588235294117646
790,0.1323529411764706,0.1323529411764706,0.19117647058823528
791,0.18421052631578946,0.21052631578947367,0.27631578947368424
792,0.19318181818181818,0.26136363636363635,0.2840909090909091
793,0.3375,0.4125,0.425
794,0.16666666666666666,0.2,0.37777777777777777
795,0.15517241379310345,0.27586206896551724,0.3620689655172414
796,0.4647887323943662,0.647887323943662,0.9014084507042254
797,0.29333333333333333,0.26666666666666666,0.32
798,0.3191489361702128,0.4148936170212766,0.46808510638297873
799,0.23255813953488372,0.29069767441860467,0.313953488372093
800,0.3333333333333333,0.36904761904761907,0.5
801,0.36231884057971014,0.30434782608695654,0.3188405797101449
802,0.2391304347826087,0.22826086956521738,0.31521739130434784
803,0.16,0.14666666666666667,0.21333333333333335
804,0.19480519480519481,0.16883116883116883,0.36363636363636365
805,0.19791666666666666,0.25,0.3125
806,0.20253164556962025,0.21518987341772153,0.2911392405063291
807,0.11538461538461539,0.16666666666666666,0.11538461538461539
808,0.2696629213483146,0.3146067415730337,0.38202247191011235
809,0.3253012048192771,0.3493975903614458,0.37349397590361444
810,0.5145631067961165,0.6019417475728155,0.7669902912621359
811,0.21428571428571427,0.22857142857142856,0.35714285714285715
812,0.36231884057971014,0.3188405797101449,0.43478260869565216
813,0.41025641025641024,0.41025641025641024,0.5256410256410257
814,0.23255813953488372,0.2558139534883721,0.3023255813953488
815,0.15476190476190477,0.19047619047619047,0.32142857142857145
816,0.39759036144578314,0.3855421686746988,0.5421686746987951
817,0.31645569620253167,0.3037974683544304,0.4177215189873418
818,0.27058823529411763,0.32941176470588235,0.4117647058823529
819,0.25675675675675674,0.24324324324324326,0.25675675675675674
820,0.23809523809523808,0.30158730158730157,0.31746031746031744
821,0.12,0.16,0.30666666666666664
822,0.28735632183908044,0.3448275862068966,0.3333333333333333
823,0.4387755102040816,0.41836734693877553,0.37755102040816324
824,0.4318181818181818,0.45454545454545453,0.3977272727272727
825,0.1791044776119403,0.22388059701492538,0.417910447761194
826,0.3253012048192771,0.3132530120481928,0.3493975903614458
827,0.26865671641791045,0.3283582089552239,0.44776119402985076
828,0.45454545454545453,0.4090909090909091,0.4696969696969697
829,0.11842105263157894,0.14473684210526316,0.14473684210526316
830,0.4409448818897638,0.4409448818897638,0.4566929133858268
831,0.2978723404255319,0.32978723404255317,0.48936170212765956
832,0.34782608695652173,0.43478260869565216,0.5362318840579711
833,0.1917808219178082,0.3287671232876712,0.3698630136986301
834,0.2441860465116279,0.29069767441860467,0.313953488372093
835,0.14102564102564102,0.19230769230769232,0.24358974358974358
836,0.0847457627118644,0.0847457627118644,0.1864406779661017
837,0.25252525252525254,0.3434343434343434,0.36363636363636365
838,0.2976190476190476,0.2619047619047619,0.47619047619047616
839,0.30666666666666664,0.22666666666666666,0.38666666666666666
840,0.32,0.29333333333333333,0.5066666666666667
841,0.21333333333333335,0.24,0.29333333333333333
842,0.34328358208955223,0.31343283582089554,0.417910447761194
843,0.10465116279069768,0.08139534883720931,0.1511627906976744
844,0.5531914893617021,0.574468085106383,0.5638297872340425
845,0.2948717948717949,0.3333333333333333,0.44871794871794873
846,0.3108108108108108,0.4189189189189189,0.44594594594594594
847,0.4727272727272727,0.3090909090909091,0.34545454545454546
848,0.19607843137254902,0.19607843137254902,0.27450980392156865
849,0.25316455696202533,0.26582278481012656,0.3924050632911392
850,0.23376623376623376,0.22077922077922077,0.44155844155844154
851,0.2318840579710145,0.3333333333333333,0.4492753623188406
852,0.25263157894736843,0.28421052631578947,0.3263157894736842
853,0.22784810126582278,0.24050632911392406,0.43037974683544306
854,0.4117647058823529,0.6176470588235294,0.8088235294117647
855,0.4418604651162791,0.37209302325581395,0.5348837209302325
856,0.3373493975903614,0.3493975903614458,0.4457831325301205
857,0.5061728395061729,0.4074074074074074,0.5432098765432098
858,0.40594059405940597,0.42574257425742573,0.46534653465346537
859,0.18478260869565216,0.2608695652173913,0.31521739130434784
860,0.17142857142857143,0.24285714285714285,0.18571428571428572
861,0.4177215189873418,0.45569620253164556,0.6075949367088608
862,0.5,0.6627906976744186,0.5581395348837209
863,0.3953488372093023,0.3372093023255814,0.32558139534883723
864,0.23076923076923078,0.14102564102564102,0.32051282051282054
865,0.32222222222222224,0.26666666666666666,0.3111111111111111
866,0.20270270270270271,0.13513513513513514,0.28378378378378377
867,0.19402985074626866,0.208955223880597,0.26865671641791045
868,0.40963855421686746,0.40963855421686746,0.5060240963855421
869,0.3023255813953488,0.313953488372093,0.43023255813953487
870,0.36904761904761907,0.47619047619047616,0.5119047619047619
871,0.27631578947368424,0.15789473684210525,0.3684210526315789
872,0.1206896551724138,0.10344827586206896,0.15517241379310345
873,0.171875,0.234375,0.328125
874,0.12941176470588237,0.1411764705882353,0.23529411764705882
875,0.48,0.51,0.61
876,0.16883116883116883,0.18181818181818182,0.38961038961038963
877,0.5119047619047619,0.20238095238095238,0.5
878,0.06666666666666667,0.14666666666666667,0.24
879,0.29347826086956524,0.358695652173913,0.44565217391304346
880,0.25333333333333335,0.30666666666666664,0.41333333333333333
881,0.10666666666666667,0.13333333333333333,0.18666666666666668
882,0.45161290322580644,0.5161290322580645,0.6559139784946236
883,0.32,0.4,0.48
884,0.6,0.6476190476190476,0.7333333333333333
885,0.0,0.030303030303030304,0.15151515151515152
886,0.4936708860759494,0.4050632911392405,0.620253164556962
887,0.25806451612903225,0.22580645161290322,0.3548387096774194
888,0.3048780487804878,0.2926829268292683,0.2926829268292683
889,0.1951219512195122,0.34146341463414637,0.2804878048780488
890,0.1724137931034483,0.2413793103448276,0.11494252873563218
891,0.125,0.15,0.2375
892,0.25333333333333335,0.32,0.3466666666666667
893,0.3333333333333333,0.30864197530864196,0.32098765432098764
894,0.2236842105263158,0.2631578947368421,0.5
895,0.34782608695652173,0.32608695652173914,0.41304347826086957
896,0.2289156626506024,0.24096385542168675,0.2891566265060241
897,0.3956043956043956,0.38461538461538464,0.5274725274725275
898,0.24691358024691357,0.2962962962962963,0.2839506172839506
899,0.336734693877551,0.45918367346938777,0.46938775510204084
900,0.15,0.2125,0.2
901,0.07142857142857142,0.11904761904761904,0.15476190476190477
902,0.29577464788732394,0.5492957746478874,0.9014084507042254
903,0.13513513513513514,0.20270270270270271,0.36486486486486486
904,0.0759493670886076,0.16455696202531644,0.16455696202531644
905,0.3625,0.3125,0.475
906,0.16842105263157894,0.17894736842105263,0.29473684210526313
907,0.16470588235294117,0.16470588235294117,0.32941176470588235
908,0.2,0.24444444444444444,0.28888888888888886
909,0.20238095238095238,0.19047619047619047,0.21428571428571427
910,0.30864197530864196,0.2839506172839506,0.4567901234567901
911,0.17647058823529413,0.19117647058823528,0.20588235294117646
912,0.3068181818181818,0.2727272727272727,0.3522727272727273
913,0.09722222222222222,0.16666666666666666,0.1111111111111111
914,0.23958333333333334,0.3125,0.3645833333333333
915,0.4659090909090909,0.6477272727272727,0.7840909090909091
916,0.3253012048192771,0.30120481927710846,0.3493975903614458
917,0.1,0.1,0.18333333333333332
918,0.28431372549019607,0.30392156862745096,0.3627450980392157
919,0.39705882352941174,0.3382352941176471,0.2647058823529412
920,0.10144927536231885,0.18840579710144928,0.14492753623188406
921,0.13846153846153847,0.26153846153846155,0.18461538461538463
922,0.3170731707317073,0.4146341463414634,0.3780487804878049
923,0.19753086419753085,0.18518518518518517,0.345679012345679
924,0.25333333333333335,0.2,0.25333333333333335
925,0.26666666666666666,0.26666666666666666,0.38666666666666666
926,0.11428571428571428,0.22857142857142856,0.24285714285714285
927,0.5,0.5,0.6551724137931034
928,0.3263157894736842,0.3368421052631579,0.4105263157894737
929,0.14634146341463414,0.17073170731707318,0.2073170731707317
930,0.2808988764044944,0.3146067415730337,0.4157303370786517
931,0.46551724137931033,0.5172413793103449,0.5
932,0.3888888888888889,0.37037037037037035,0.5370370370370371
933,0.2328767123287671,0.3287671232876712,0.3698630136986301
934,0.09090909090909091,0.19480519480519481,0.42857142857142855
935,0.4939759036144578,0.4939759036144578,0.5060240963855421
936,0.30392156862745096,0.3431372549019608,0.37254901960784315
937,0.1506849315068493,0.2465753424657534,0.3835616438356164
938,0.12345679012345678,0.16049382716049382,0.2345679012345679
939,0.3469387755102041,0.3979591836734694,0.40816326530612246
940,0.21052631578947367,0.21052631578947367,0.3157894736842105
941,0.25806451612903225,0.26881720430107525,0.27956989247311825
942,0.14814814814814814,0.16666666666666666,0.25925925925925924
943,0.3387096774193548,0.3387096774193548,0.3870967741935484
944,0.5232558139534884,0.46511627906976744,0.6744186046511628
945,0.30120481927710846,0.3253012048192771,0.43373493975903615
946,0.3620689655172414,0.39655172413793105,0.3793103448275862
947,0.3431372549019608,0.3431372549019608,0.38235294117647056
948,0.3055555555555556,0.3611111111111111,0.3055555555555556
949,0.3258426966292135,0.3146067415730337,0.34831460674157305
950,0.5833333333333334,0.20238095238095238,0.4166666666666667
951,0.34285714285714286,0.4,0.45714285714285713
952,0.20253164556962025,0.189873417721519,0.4177215189873418
953,0.3088235294117647,0.35294117647058826,0.3382352941176471
954,0.5217391304347826,0.5362318840579711,0.6231884057971014
955,0.2982456140350877,0.2631578947368421,0.2982456140350877
956,0.10526315789473684,0.10526315789473684,0.14473684210526316
957,0.2,0.22857142857142856,0.22857142857142856
958,0.14864864864864866,0.16216216216216217,0.21621621621621623
959,0.22535211267605634,0.2535211267605634,0.18309859154929578
960,0.2,0.3,0.3625
961,0.38613861386138615,0.39603960396039606,0.5346534653465347
962,0.2727272727272727,0.32954545454545453,0.4318181818181818
963,0.4158415841584158,0.32673267326732675,0.45544554455445546
964,0.2558139534883721,0.27906976744186046,0.36046511627906974
965,0.3888888888888889,0.4444444444444444,0.45555555555555555
966,0.18823529411764706,0.21176470588235294,0.32941176470588235
967,0.18181818181818182,0.12727272727272726,0.3090909090909091
968,0.3220338983050847,0.4576271186440678,0.559322033898305
969,0.2125,0.2375,0.325
970,0.22972972972972974,0.24324324324324326,0.22972972972972974
971,0.5633802816901409,0.6197183098591549,0.6901408450704225
972,0.3253012048192771,0.3253012048192771,0.5542168674698795
973,0.09210526315789473,0.2236842105263158,0.18421052631578946
974,0.3838383838383838,0.41414141414141414,0.42424242424242425
975,0.12962962962962962,0.14814814814814814,0.12962962962962962
976,0.5970149253731343,0.47761194029850745,0.582089552238806
977,0.25,0.2894736842105263,0.34210526315789475
978,0.3150684931506849,0.3150684931506849,0.4794520547945205
979,0.2375,0.25,0.2875
980,0.20987654320987653,0.2962962962962963,0.32098765432098764
981,0.5196078431372549,0.7745098039215687,0.6862745098039216
982,0.24050632911392406,0.22784810126582278,0.22784810126582278
983,0.25555555555555554,0.3888888888888889,0.5
984,0.26136363636363635,0.22727272727272727,0.32954545454545453
985,0.2916666666666667,0.3194444444444444,0.3611111111111111
986,0.10526315789473684,0.17105263157894737,0.23684210526315788
987,0.27941176470588236,0.3382352941176471,0.29411764705882354
988,0.06944444444444445,0.041666666666666664,0.1111111111111111
989,0.2247191011235955,0.2696629213483146,0.30337078651685395
990,0.35185185185185186,0.35185185185185186,0.37037037037037035
991,0.2988505747126437,0.2988505747126437,0.41379310344827586
992,0.2857142857142857,0.24285714285714285,0.5285714285714286
993,0.275,0.3125,0.375
994,0.49056603773584906,0.5,0.6415094339622641
995,0.20481927710843373,0.2289156626506024,0.2891566265060241
996,0.3055555555555556,0.3333333333333333,0.3333333333333333
997,0.11688311688311688,0.2077922077922078,0.23376623376623376
998,0.2823529411764706,0.3176470588235294,0.25882352941176473
999,0.38961038961038963,0.37662337662337664,0.42857142857142855
1000,0.15,0.18333333333333332,0.4
1001,0.25333333333333335,0.29333333333333333,0.36
1002,0.23076923076923078,0.23076923076923078,0.23076923076923078
1003,0.12658227848101267,0.1518987341772152,0.12658227848101267
1004,0.17857142857142858,0.2261904761904762,0.2261904761904762
1005,0.3194444444444444,0.3888888888888889,0.375
1006,0.4146341463414634,0.4878048780487805,0.5853658536585366
1007,0.18666666666666668,0.18666666666666668,0.26666666666666666
1008,0.32098765432098764,0.24691358024691357,0.4691358024691358
1009,0.09195402298850575,0.08045977011494253,0.16091954022988506
1010,0.23529411764705882,0.3088235294117647,0.3382352941176471
1011,0.1935483870967742,0.1774193548387097,0.3064516129032258
1012,0.45348837209302323,0.4186046511627907,0.46511627906976744
1013,0.3617021276595745,0.39361702127659576,0.39361702127659576
1014,0.20408163265306123,0.2653061224489796,0.4489795918367347
1015,0.29069767441860467,0.32558139534883723,0.36046511627906974
1016,0.34782608695652173,0.43478260869565216,0.34782608695652173
1017,0.2328767123287671,0.2876712328767123,0.273972602739726
1018,0.1891891891891892,0.17567567567567569,0.25675675675675674
1019,0.2077922077922078,0.2727272727272727,0.3246753246753247
1020,0.23076923076923078,0.3384615384615385,0.5076923076923077
1021,0.34146341463414637,0.3780487804878049,0.524390243902439
1022,0.35135135135135137,0.4594594594594595,0.5405405405405406
1023,0.21348314606741572,0.24719101123595505,0.42696629213483145
1024,0.23376623376623376,0.2727272727272727,0.3116883116883117
1025,0.30392156862745096,0.3235294117647059,0.39215686274509803
1026,0.32608695652173914,0.2826086956521739,0.391304347826087
1027,0.35555555555555557,0.5333333333333333,0.6666666666666666
1028,0.3522727272727273,0.3977272727272727,0.3977272727272727
1029,0.3064516129032258,0.3225806451612903,0.5645161290322581
1030,0.6025641025641025,0.32051282051282054,0.38461538461538464
1031,0.13432835820895522,0.1044776119402985,0.3582089552238806
1032,0.4067796610169492,0.423728813559322,0.3728813559322034
1033,0.48717948717948717,0.5384615384615384,0.6410256410256411
1034,0.20270270270270271,0.28378378378378377,0.32432432432432434
1035,0.3333333333333333,0.31746031746031744,0.36507936507936506
1036,0.39285714285714285,0.38095238095238093,0.40476190476190477
1037,0.28,0.37,0.33
1038,0.6382978723404256,0.6702127659574468,0.5957446808510638
1039,0.515625,0.546875,0.46875
1040,0.23863636363636365,0.26136363636363635,0.3181818181818182
1041,0.30526315789473685,0.28421052631578947,0.3894736842105263
1042,0.21739130434782608,0.29347826086956524,0.22826086956521738
1043,0.4098360655737705,0.5737704918032787,0.5901639344262295
1044,0.3235294117647059,0.39705882352941174,0.4411764705882353
1045,0.17721518987341772,0.17721518987341772,0.21518987341772153
1046,0.36363636363636365,0.4090909090909091,0.42045454545454547
1047,0.37681159420289856,0.4782608695652174,0.43478260869565216
1048,0.36363636363636365,0.3787878787878788,0.45454545454545453
1049,0.5277777777777778,0.5694444444444444,0.6111111111111112
1050,0.23170731707317074,0.2073170731707317,0.2804878048780488
1051,0.2159090909090909,0.1590909090909091,0.32954545454545453
1052,0.275,0.2,0.2
1053,0.2727272727272727,0.23376623376623376,0.33766233766233766
1054,0.2441860465116279,0.313953488372093,0.3953488372093023
1055,0.0684931506849315,0.1095890410958904,0.2602739726027397
1056,0.40963855421686746,0.5783132530120482,0.6626506024096386
1057,0.12658227848101267,0.1518987341772152,0.1518987341772152
1058,0.3717948717948718,0.3974358974358974,0.5512820512820513
1059,0.07228915662650602,0.1686746987951807,0.1686746987951807
1060,0.1917808219178082,0.1917808219178082,0.2876712328767123
1061,0.367816091954023,0.41379310344827586,0.5057471264367817
1062,0.125,0.08333333333333333,0.2916666666666667
1063,0.21052631578947367,0.27631578947368424,0.35526315789473684
1064,0.2857142857142857,0.2857142857142857,0.22077922077922077
1065,0.41975308641975306,0.4444444444444444,0.5679012345679012
1066,0.32954545454545453,0.3409090909090909,0.3977272727272727
1067,0.30434782608695654,0.2717391304347826,0.3695652173913043
1068,0.22972972972972974,0.40540540540540543,0.40540540540540543
1069,0.24705882352941178,0.27058823529411763,0.36470588235294116
1070,0.12903225806451613,0.12903225806451613,0.22580645161290322
1071,0.25882352941176473,0.2,0.21176470588235294
1072,0.4,0.4470588235294118,0.5176470588235295
1073,0.19480519480519481,0.18181818181818182,0.24675324675324675
1074,0.2361111111111111,0.3194444444444444,0.25
1075,0.35294117647058826,0.4,0.4235294117647059
1076,0.2222222222222222,0.2638888888888889,0.4027777777777778
1077,0.3220338983050847,0.3728813559322034,0.4745762711864407
1078,0.03508771929824561,0.12280701754385964,0.17543859649122806
1079,0.15789473684210525,0.15789473684210525,0.27631578947368424
1080,0.23076923076923078,0.2087912087912088,0.34065934065934067
1081,0.1282051282051282,0.21794871794871795,0.34615384615384615
1082,0.2777777777777778,0.28888888888888886,0.35555555555555557
1083,0.2328767123287671,0.2876712328767123,0.3150684931506849
1084,0.47191011235955055,0.5168539325842697,0.5730337078651685
1085,0.17647058823529413,0.35294117647058826,0.4235294117647059
1086,0.3150684931506849,0.3698630136986301,0.4246575342465753
1087,0.3372093023255814,0.3488372093023256,0.36046511627906974
1088,0.42105263157894735,0.4342105263157895,0.39473684210526316
1089,0.4411764705882353,0.49019607843137253,0.6078431372549019
1090,0.3269230769230769,0.3269230769230769,0.46153846153846156
1091,0.17105263157894737,0.23684210526315788,0.39473684210526316
1092,0.23170731707317074,0.3170731707317073,0.3780487804878049
1093,0.24324324324324326,0.32432432432432434,0.36486486486486486
1094,0.29577464788732394,0.2676056338028169,0.352112676056338
1095,0.2571428571428571,0.35714285714285715,0.37142857142857144
1096,0.3333333333333333,0.3448275862068966,0.47126436781609193
1097,0.21621621621621623,0.1891891891891892,0.3918918918918919
1098,0.30120481927710846,0.30120481927710846,0.3493975903614458
1099,0.2911392405063291,0.34177215189873417,0.3924050632911392
1100,0.19696969696969696,0.22727272727272727,0.16666666666666666
1101,0.26881720430107525,0.3225806451612903,0.25806451612903225
1102,0.36666666666666664,0.4222222222222222,0.43333333333333335
1103,0.18055555555555555,0.1388888888888889,0.3888888888888889
1104,0.26436781609195403,0.25287356321839083,0.367816091954023
1105,0.3793103448275862,0.3103448275862069,0.3103448275862069
1106,0.28888888888888886,0.35555555555555557,0.4666666666666667
1107,0.3645833333333333,0.4166666666666667,0.3958333333333333
1108,0.3333333333333333,0.3655913978494624,0.43010752688172044
1109,0.16470588235294117,0.2235294117647059,0.3411764705882353
1110,0.19444444444444445,0.3333333333333333,0.3333333333333333
1111,0.24242424242424243,0.2727272727272727,0.21212121212121213
1112,0.2823529411764706,0.3176470588235294,0.38823529411764707
1113,0.2777777777777778,0.3194444444444444,0.3194444444444444
1114,0.2222222222222222,0.3111111111111111,0.3333333333333333
1115,0.2976190476190476,0.35714285714285715,0.4166666666666667
1116,0.09411764705882353,0.12941176470588237,0.24705882352941178
1117,0.5277777777777778,0.5277777777777778,0.6018518518518519
1118,0.48333333333333334,0.5333333333333333,0.4666666666666667
1119,0.3472222222222222,0.3472222222222222,0.3611111111111111
1120,0.19753086419753085,0.24691358024691357,0.43209876543209874
1121,0.2073170731707317,0.13414634146341464,0.13414634146341464
1122,0.23684210526315788,0.34210526315789475,0.5
1123,0.39325842696629215,0.449438202247191,0.39325842696629215
1124,0.05747126436781609,0.08045977011494253,0.13793103448275862
1125,0.125,0.203125,0.203125
1126,0.08108108108108109,0.13513513513513514,0.24324324324324326
1127,0.12048192771084337,0.30120481927710846,0.4457831325301205
1128,0.4918032786885246,0.47540983606557374,0.4918032786885246
1129,0.3764705882352941,0.5411764705882353,0.4235294117647059
1130,0.35526315789473684,0.34210526315789475,0.42105263157894735
1131,0.25274725274725274,0.26373626373626374,0.3516483516483517
1132,0.2375,0.1875,0.2
1133,0.25,0.3235294117647059,0.6470588235294118
1134,0.30526315789473685,0.3368421052631579,0.37894736842105264
1135,0.16883116883116883,0.16883116883116883,0.18181818181818182
1136,0.4523809523809524,0.47619047619047616,0.6190476190476191
1137,0.32051282051282054,0.41025641025641024,0.5512820512820513
1138,0.12162162162162163,0.20270270270270271,0.3783783783783784
1139,0.25806451612903225,0.24731182795698925,0.3333333333333333
1140,0.24,0.3333333333333333,0.29333333333333333
1141,0.16666666666666666,0.2777777777777778,0.3611111111111111
1142,0.5121951219512195,0.4634146341463415,0.5
1143,0.23076923076923078,0.26153846153846155,0.36923076923076925
1144,0.16901408450704225,0.16901408450704225,0.18309859154929578
1145,0.5,0.5,0.5476190476190477
1146,0.3880597014925373,0.3880597014925373,0.5074626865671642
1147,0.3557692307692308,0.34615384615384615,0.4519230769230769
1148,0.26,0.36,0.32
1149,0.2,0.23333333333333334,0.2833333333333333
1150,0.39285714285714285,0.5,0.5357142857142857
1151,0.2261904761904762,0.2976190476190476,0.2976190476190476
1152,0.4945054945054945,0.5824175824175825,0.5824175824175825
1153,0.0975609756097561,0.12195121951219512,0.23170731707317074
1154,0.2087912087912088,0.26373626373626374,0.3956043956043956
1155,0.21978021978021978,0.4175824175824176,0.27472527472527475
1156,0.2,0.23076923076923078,0.3076923076923077
1157,0.5441176470588235,0.7205882352941176,0.6029411764705882
1158,0.2236842105263158,0.18421052631578946,0.3157894736842105
1159,0.358974358974359,0.358974358974359,0.38461538461538464
1160,0.2125,0.2375,0.2625
1161,0.2857142857142857,0.39285714285714285,0.3392857142857143
1162,0.10465116279069768,0.09302325581395349,0.1744186046511628
1163,0.37142857142857144,0.42857142857142855,0.5428571428571428
1164,0.2111111111111111,0.25555555555555554,0.25555555555555554
1165,0.40476190476190477,0.4166666666666667,0.47619047619047616
1166,0.12658227848101267,0.12658227848101267,0.13924050632911392
1167,0.20454545454545456,0.3409090909090909,0.36363636363636365
1168,0.20253164556962025,0.26582278481012656,0.34177215189873417
1169,0.3870967741935484,0.3655913978494624,0.44086021505376344
1170,0.14473684210526316,0.27631578947368424,0.35526315789473684
1171,0.2391304347826087,0.2391304347826087,0.2826086956521739
1172,0.3088235294117647,0.5882352941176471,0.5588235294117647
1173,0.39325842696629215,0.38202247191011235,0.4943820224719101
1174,0.3048780487804878,0.35365853658536583,0.43902439024390244
1175,0.313953488372093,0.3023255813953488,0.5697674418604651
1176,0.14444444444444443,0.14444444444444443,0.15555555555555556
1177,0.0875,0.0875,0.2125
1178,0.23076923076923078,0.36923076923076925,0.38461538461538464
1179,0.4563106796116505,0.4368932038834951,0.5145631067961165
1180,0.24285714285714285,0.22857142857142856,0.2714285714285714
1181,0.42857142857142855,0.4,0.44285714285714284
1182,0.14285714285714285,0.14285714285714285,0.37142857142857144
1183,0.18181818181818182,0.20454545454545456,0.2727272727272727
1184,0.2894736842105263,0.2631578947368421,0.34210526315789475
1185,0.07058823529411765,0.08235294117647059,0.09411764705882353
1186,0.2236842105263158,0.19736842105263158,0.42105263157894735
1187,0.1951219512195122,0.18292682926829268,0.25609756097560976
1188,0.22388059701492538,0.29850746268656714,0.2835820895522388
1189,0.2765957446808511,0.3404255319148936,0.3191489361702128
1190,0.20634920634920634,0.14285714285714285,0.23809523809523808
1191,0.2716049382716049,0.30864197530864196,0.43209876543209874
1192,0.13043478260869565,0.18840579710144928,0.18840579710144928
1193,0.47619047619047616,0.38095238095238093,0.47619047619047616
1194,0.2916666666666667,0.3611111111111111,0.4583333333333333
1195,0.22972972972972974,0.2702702702702703,0.4189189189189189
1196,0.5,0.6022727272727273,0.5909090909090909
1197,0.27906976744186046,0.29069767441860467,0.3372093023255814
1198,0.27941176470588236,0.29411764705882354,0.3382352941176471
1199,0.36363636363636365,0.5818181818181818,0.34545454545454546
1200,0.109375,0.078125,0.109375
1201,0.2463768115942029,0.4057971014492754,0.4782608695652174
1202,0.43137254901960786,0.5294117647058824,0.5490196078431373
1203,0.3977272727272727,0.4318181818181818,0.5795454545454546
1204,0.13513513513513514,0.20270270270270271,0.22972972972972974
1205,0.35384615384615387,0.3230769230769231,0.4461538461538462
1206,0.16049382716049382,0.16049382716049382,0.2222222222222222
1207,0.07792207792207792,0.07792207792207792,0.05194805194805195
1208,0.3287671232876712,0.3835616438356164,0.4383561643835616
1209,0.28169014084507044,0.30985915492957744,0.4084507042253521
1210,0.31746031746031744,0.31746031746031744,0.5396825396825397
1211,0.14925373134328357,0.14925373134328357,0.19402985074626866
1212,0.0975609756097561,0.0975609756097561,0.12195121951219512
1213,0.41509433962264153,0.44339622641509435,0.44339622641509435
1214,0.3492063492063492,0.42857142857142855,0.42857142857142855
1215,0.2441860465116279,0.2441860465116279,0.29069767441860467
1216,0.25,0.28125,0.578125
1217,0.32098765432098764,0.20987654320987653,0.2839506172839506
1218,0.3,0.2875,0.45
1219,0.425531914893617,0.5957446808510638,0.6914893617021277
1220,0.2028985507246377,0.2463768115942029,0.21739130434782608
1221,0.23376623376623376,0.24675324675324675,0.35064935064935066
1222,0.25274725274725274,0.2967032967032967,0.6153846153846154
1223,0.19047619047619047,0.17857142857142858,0.40476190476190477
1224,0.37272727272727274,0.33636363636363636,0.35454545454545455
1225,0.23170731707317074,0.4024390243902439,0.47560975609756095
1226,0.26506024096385544,0.30120481927710846,0.3493975903614458
1227,0.5,0.44594594594594594,0.6216216216216216
1228,0.140625,0.078125,0.328125
1229,0.23636363636363636,0.2545454545454545,0.3090909090909091
1230,0.234375,0.234375,0.3125
1231,0.4857142857142857,0.5285714285714286,0.5571428571428572
1232,0.31521739130434784,0.29347826086956524,0.2826086956521739
1233,0.3333333333333333,0.3333333333333333,0.5507246376811594
1234,0.25882352941176473,0.3058823529411765,0.35294117647058826
1235,0.14864864864864866,0.25675675675675674,0.2972972972972973
1236,0.18181818181818182,0.13636363636363635,0.3181818181818182
1237,0.24561403508771928,0.21052631578947367,0.3157894736842105
1238,0.21176470588235294,0.23529411764705882,0.2235294117647059
1239,0.16666666666666666,0.16666666666666666,0.3076923076923077
1240,0.2,0.30666666666666664,0.38666666666666666
1241,0.1927710843373494,0.27710843373493976,0.4819277108433735
1242,0.3684210526315789,0.35526315789473684,0.40789473684210525
1243,0.20270270270270271,0.25675675675675674,0.28378378378378377
1244,0.2,0.2545454545454545,0.509090909090909
1245,0.5813953488372093,0.5581395348837209,0.8255813953488372
1246,0.3698630136986301,0.5616438356164384,0.9726027397260274
1247,0.36666666666666664,0.4222222222222222,0.35555555555555557
1248,0.5147058823529411,0.5147058823529411,0.6323529411764706
1249,0.4603174603174603,0.4126984126984127,0.4603174603174603
1250,0.21875,0.23958333333333334,0.2916666666666667
1251,0.47692307692307695,0.35384615384615387,0.5846153846153846
1252,0.37373737373737376,0.3838383838383838,0.45454545454545453
1253,0.4155844155844156,0.5064935064935064,0.5584415584415584
1254,0.5441176470588235,0.47058823529411764,0.6617647058823529
1255,0.2826086956521739,0.32608695652173914,0.391304347826087
1256,0.3670886075949367,0.1518987341772152,0.4177215189873418
1257,0.25,0.21428571428571427,0.3333333333333333
1258,0.22093023255813954,0.2441860465116279,0.22093023255813954
1259,0.07058823529411765,0.2,0.27058823529411763
1260,0.27450980392156865,0.29411764705882354,0.35294117647058826
1261,0.1625,0.2875,0.1625
1262,0.2923076923076923,0.3384615384615385,0.36923076923076925
1263,0.43478260869565216,0.44565217391304346,0.4891304347826087
1264,0.25,0.22727272727272727,0.3068181818181818
1265,0.2261904761904762,0.23809523809523808,0.40476190476190477
1266,0.20588235294117646,0.17647058823529413,0.25
1267,0.30985915492957744,0.30985915492957744,0.29577464788732394
1268,0.32558139534883723,0.313953488372093,0.4418604651162791
1269,0.3013698630136986,0.2876712328767123,0.3698630136986301
1270,0.4125,0.475,0.65
1271,0.17045454545454544,0.2727272727272727,0.3409090909090909
1272,0.29069767441860467,0.2441860465116279,0.27906976744186046
1273,0.06976744186046512,0.09302325581395349,0.20930232558139536
1274,0.21428571428571427,0.19047619047619047,0.35714285714285715
1275,0.32432432432432434,0.28378378378378377,0.3783783783783784
1276,0.35802469135802467,0.4444444444444444,0.4691358024691358
1277,0.3950617283950617,0.3950617283950617,0.3950617283950617
1278,0.25773195876288657,0.25773195876288657,0.28865979381443296
1279,0.4444444444444444,0.5555555555555556,0.6984126984126984
1280,0.4647887323943662,0.4084507042253521,0.6197183098591549
1281,0.47058823529411764,0.49019607843137253,0.5490196078431373
1282,0.26865671641791045,0.31343283582089554,0.373134328358209
1283,0.21348314606741572,0.3146067415730337,0.33707865168539325
1284,0.23255813953488372,0.29069767441860467,0.27906976744186046
1285,0.390625,0.40625,0.296875
1286,0.1724137931034483,0.22413793103448276,0.25862068965517243
1287,0.15254237288135594,0.11864406779661017,0.1864406779661017
1288,0.23809523809523808,0.27380952380952384,0.35714285714285715
1289,0.43902439024390244,0.5121951219512195,0.5853658536585366
1290,0.35135135135135137,0.36486486486486486,0.43243243243243246
1291,0.23404255319148937,0.3829787234042553,0.44680851063829785
1292,0.4177215189873418,0.3924050632911392,0.3924050632911392
1293,0.26506024096385544,0.46987951807228917,0.43373493975903615
1294,0.12987012987012986,0.2597402597402597,0.22077922077922077
1295,0.4246575342465753,0.4246575342465753,0.410958904109589
1296,0.24358974358974358,0.19230769230769232,0.34615384615384615
1297,0.25842696629213485,0.24719101123595505,0.3258426966292135
1298,0.3695652173913043,0.41304347826086957,0.391304347826087
1299,0.23655913978494625,0.24731182795698925,0.27956989247311825
1300,0.2361111111111111,0.2777777777777778,0.2777777777777778
1301,0.36363636363636365,0.42045454545454547,0.45454545454545453
1302,0.0684931506849315,0.1232876712328767,0.1506849315068493
1303,0.3125,0.25,0.46875
1304,0.28169014084507044,0.22535211267605634,0.6197183098591549
1305,0.421875,0.5,0.671875
1306,0.175,0.2,0.175
1307,0.32608695652173914,0.31521739130434784,0.42391304347826086
1308,0.21176470588235294,0.43529411764705883,0.4588235294117647
1309,0.3194444444444444,0.16666666666666666,0.2777777777777778
1310,0.3,0.3333333333333333,0.35555555555555557
1311,0.32894736842105265,0.2894736842105263,0.39473684210526316
1312,0.1044776119402985,0.11940298507462686,0.23880597014925373
1313,0.24,0.22,0.24
1314,0.32558139534883723,0.32558139534883723,0.3372093023255814
1315,0.18604651162790697,0.19767441860465115,0.3023255813953488
1316,0.12345679012345678,0.18518518518518517,0.18518518518518517
1317,0.19753086419753085,0.2716049382716049,0.49382716049382713
1318,0.34444444444444444,0.37777777777777777,0.4777777777777778
1319,0.27941176470588236,0.4411764705882353,0.5147058823529411
1320,0.3894736842105263,0.4105263157894737,0.43157894736842106
1321,0.358974358974359,0.3974358974358974,0.3333333333333333
1322,0.1506849315068493,0.136986301369863,0.2054794520547945
1323,0.19540229885057472,0.22988505747126436,0.367816091954023
1324,0.21568627450980393,0.23529411764705882,0.2549019607843137
1325,0.189873417721519,0.17721518987341772,0.21518987341772153
1326,0.42105263157894735,0.4342105263157895,0.5921052631578947
1327,0.2826086956521739,0.33695652173913043,0.32608695652173914
1328,0.18309859154929578,0.1267605633802817,0.323943661971831
1329,0.3125,0.425,0.85
1330,0.3333333333333333,0.25925925925925924,0.37037037037037035
1331,0.29896907216494845,0.3711340206185567,0.422680412371134
1332,0.03076923076923077,0.046153846153846156,0.15384615384615385
1333,0.30434782608695654,0.3333333333333333,0.463768115942029
1334,0.5945945945945946,0.43243243243243246,0.5540540540540541
1335,0.4025974025974026,0.42857142857142855,0.4935064935064935
1336,0.24050632911392406,0.2911392405063291,0.3037974683544304
1337,0.43478260869565216,0.4927536231884058,0.5797101449275363
1338,0.2,0.2153846153846154,0.2923076923076923
1339,0.16666666666666666,0.16666666666666666,0.32051282051282054
1340,0.20833333333333334,0.2777777777777778,0.4027777777777778
1341,0.32954545454545453,0.36363636363636365,0.5909090909090909
1342,0.2638888888888889,0.2361111111111111,0.3194444444444444
1343,0.14102564102564102,0.1282051282051282,0.16666666666666666
1344,0.27586206896551724,0.3793103448275862,0.41379310344827586
1345,0.13924050632911392,0.11392405063291139,0.16455696202531644
1346,0.32,0.18,0.24
1347,0.1956521739130435,0.29347826086956524,0.5
1348,0.24444444444444444,0.26666666666666666,0.3888888888888889
1349,0.4189189189189189,0.40540540540540543,0.40540540540540543
1350,0.1590909090909091,0.1590909090909091,0.18181818181818182
1351,0.39090909090909093,0.38181818181818183,0.44545454545454544
1352,0.30303030303030304,0.36363636363636365,0.3333333333333333
1353,0.2875,0.425,0.4375
1354,0.30864197530864196,0.3333333333333333,0.345679012345679
1355,0.25,0.2727272727272727,0.32954545454545453
1356,0.2328767123287671,0.3013698630136986,0.3424657534246575
1357,0.35064935064935066,0.35064935064935066,0.42857142857142855
1358,0.25287356321839083,0.3103448275862069,0.5402298850574713
1359,0.12345679012345678,0.18518518518518517,0.20987654320987653
1360,0.11627906976744186,0.313953488372093,0.27906976744186046
1361,0.4,0.4,0.56
1362,0.2708333333333333,0.3125,0.4583333333333333
1363,0.125,0.1375,0.225
1364,0.13846153846153847,0.15384615384615385,0.23076923076923078
1365,0.3194444444444444,0.3333333333333333,0.5138888888888888
1366,0.3372093023255814,0.32558139534883723,0.5116279069767442
1367,0.3614457831325301,0.39759036144578314,0.40963855421686746
1368,0.12658227848101267,0.13924050632911392,0.16455696202531644
1369,0.43529411764705883,0.3764705882352941,0.3764705882352941
1370,0.38961038961038963,0.38961038961038963,0.45454545454545453
1371,0.13580246913580246,0.20987654320987653,0.2222222222222222
1372,0.3055555555555556,0.375,0.4861111111111111
1373,0.6403508771929824,0.6754385964912281,0.7017543859649122
1374,0.2988505747126437,0.3333333333333333,0.40229885057471265
1375,0.10144927536231885,0.13043478260869565,0.18840579710144928
1376,0.12727272727272726,0.10909090909090909,0.18181818181818182
1377,0.05454545454545454,0.10909090909090909,0.07272727272727272
1378,0.2653061224489796,0.3979591836734694,0.42857142857142855
1379,0.18292682926829268,0.1951219512195122,0.23170731707317074
1380,0.44329896907216493,0.4845360824742268,0.6082474226804123
1381,0.37623762376237624,0.39603960396039606,0.39603960396039606
1382,0.23529411764705882,0.27450980392156865,0.27450980392156865
1383,0.15,0.1875,0.2375
1384,0.21348314606741572,0.21348314606741572,0.3595505617977528
1385,0.22580645161290322,0.3225806451612903,0.6881720430107527
1386,0.19540229885057472,0.21839080459770116,0.26436781609195403
1387,0.2545454545454545,0.23636363636363636,0.23636363636363636
1388,0.14606741573033707,0.1348314606741573,0.21348314606741572
1389,0.5855855855855856,0.5585585585585585,0.5405405405405406
1390,0.2125,0.125,0.3
1391,0.3888888888888889,0.4305555555555556,0.5138888888888888
1392,0.23809523809523808,0.2857142857142857,0.4444444444444444
1393,0.21348314606741572,0.2696629213483146,0.30337078651685395
1394,0.16455696202531644,0.16455696202531644,0.24050632911392406
1395,0.3026315789473684,0.40789473684210525,0.5
1396,0.225,0.225,0.2625
1397,0.36065573770491804,0.5245901639344263,0.5081967213114754
1398,0.41025641025641024,0.5256410256410257,0.6025641025641025
1399,0.30666666666666664,0.3333333333333333,0.37333333333333335
1400,0.27472527472527475,0.34065934065934067,0.4725274725274725
1401,0.42424242424242425,0.6666666666666666,0.7575757575757576
1402,0.0641025641025641,0.05128205128205128,0.21794871794871795
1403,0.10204081632653061,0.10204081632653061,0.1836734693877551
1404,0.4803921568627451,0.4803921568627451,0.47058823529411764
1405,0.3815789473684211,0.4605263157894737,0.6973684210526315
1406,0.19736842105263158,0.27631578947368424,0.2631578947368421
1407,0.44155844155844154,0.4025974025974026,0.6753246753246753
1408,0.3116883116883117,0.3116883116883117,0.2597402597402597
1409,0.2268041237113402,0.20618556701030927,0.26804123711340205
1410,0.34782608695652173,0.43478260869565216,0.4927536231884058
1411,0.5227272727272727,0.6022727272727273,0.5227272727272727
1412,0.45918367346938777,0.5,0.47959183673469385
1413,0.30303030303030304,0.42424242424242425,0.4393939393939394
1414,0.16666666666666666,0.19696969696969696,0.25757575757575757
1415,0.33766233766233766,0.38961038961038963,0.44155844155844154
1416,0.16483516483516483,0.27472527472527475,0.3956043956043956
1417,0.12195121951219512,0.1951219512195122,0.2926829268292683
1418,0.37662337662337664,0.2987012987012987,0.45454545454545453
1419,0.18666666666666668,0.18666666666666668,0.41333333333333333
1420,0.22388059701492538,0.29850746268656714,0.3582089552238806
1421,0.19117647058823528,0.27941176470588236,0.38235294117647056
1422,0.15151515151515152,0.16666666666666666,0.12121212121212122
1423,0.4084507042253521,0.43661971830985913,0.38028169014084506
1424,0.1282051282051282,0.20512820512820512,0.2692307692307692
1425,0.5529411764705883,0.6823529411764706,0.5647058823529412
1426,0.24528301886792453,0.1509433962264151,0.18867924528301888
1427,0.20454545454545456,0.20454545454545456,0.22727272727272727
1428,0.11688311688311688,0.15584415584415584,0.2077922077922078
1429,0.15789473684210525,0.10526315789473684,0.25
1430,0.35064935064935066,0.5714285714285714,0.42857142857142855
1431,0.3698630136986301,0.2465753424657534,0.3013698630136986
1432,0.32786885245901637,0.39344262295081966,0.5409836065573771
1433,0.4157303370786517,0.3707865168539326,0.33707865168539325
1434,0.2716049382716049,0.32098765432098764,0.4074074074074074
1435,0.21951219512195122,0.3170731707317073,0.6707317073170732
1436,0.6617647058823529,0.6029411764705882,0.6470588235294118
1437,0.3181818181818182,0.26136363636363635,0.38636363636363635
1438,0.33783783783783783,0.32432432432432434,0.4594594594594595
1439,0.22388059701492538,0.22388059701492538,0.23880597014925373
1440,0.35714285714285715,0.4166666666666667,0.44047619047619047
1441,0.25,0.2125,0.3125
1442,0.3627450980392157,0.43137254901960786,0.4215686274509804
1443,0.35294117647058826,0.23529411764705882,0.24705882352941178
1444,0.10714285714285714,0.10714285714285714,0.11904761904761904
1445,0.391304347826087,0.41304347826086957,0.42391304347826086
1446,0.4661016949152542,0.4745762711864407,0.4830508474576271
1447,0.3707865168539326,0.39325842696629215,0.48314606741573035
1448,0.3465346534653465,0.4158415841584158,0.46534653465346537
1449,0.22077922077922077,0.22077922077922077,0.2727272727272727
1450,0.31868131868131866,0.3626373626373626,0.34065934065934067
1451,0.25301204819277107,0.3493975903614458,0.4578313253012048
1452,0.12658227848101267,0.17721518987341772,0.34177215189873417
1453,0.16,0.16,0.16
1454,0.4727272727272727,0.4727272727272727,0.45454545454545453
1455,0.313953488372093,0.313953488372093,0.5
1456,0.2804878048780488,0.2926829268292683,0.3048780487804878
1457,0.29069767441860467,0.43023255813953487,0.4186046511627907
1458,0.3010752688172043,0.3225806451612903,0.3763440860215054
1459,0.13793103448275862,0.1896551724137931,0.3103448275862069
1460,0.22784810126582278,0.20253164556962025,0.24050632911392406
1461,0.1941747572815534,0.2621359223300971,0.27184466019417475
1462,0.44537815126050423,0.48739495798319327,0.5126050420168067
1463,0.32432432432432434,0.35135135135135137,0.5675675675675675
1464,0.13580246913580246,0.18518518518518517,0.2839506172839506
1465,0.4117647058823529,0.5147058823529411,0.5882352941176471
1466,0.26666666666666666,0.24,0.32
1467,0.24615384615384617,0.4153846153846154,0.5692307692307692
1468,0.13414634146341464,0.13414634146341464,0.32926829268292684
1469,0.225,0.3375,0.35
1470,0.21359223300970873,0.21359223300970873,0.2621359223300971
1471,0.19718309859154928,0.16901408450704225,0.19718309859154928
1472,0.4935064935064935,0.5974025974025974,0.5194805194805194
1473,0.313953488372093,0.32558139534883723,0.3372093023255814
1474,0.2153846153846154,0.24615384615384617,0.3384615384615385
1475,0.13253012048192772,0.12048192771084337,0.26506024096385544
1476,0.21621621621621623,0.25675675675675674,0.3783783783783784
1477,0.40217391304347827,0.3695652173913043,0.44565217391304346
1478,0.19318181818181818,0.25,0.42045454545454547
1479,0.43333333333333335,0.45555555555555555,0.37777777777777777
1480,0.16049382716049382,0.18518518518518517,0.20987654320987653
1481,0.16304347826086957,0.21739130434782608,0.32608695652173914
1482,0.27058823529411763,0.32941176470588235,0.4588235294117647
1483,0.27692307692307694,0.27692307692307694,0.36923076923076925
1484,0.3076923076923077,0.3516483516483517,0.5494505494505495
1485,0.38636363636363635,0.5795454545454546,0.4318181818181818
1486,0.29473684210526313,0.42105263157894735,0.5263157894736842
1487,0.22950819672131148,0.11475409836065574,0.4426229508196721
1488,0.15714285714285714,0.2571428571428571,0.4142857142857143
1489,0.20987654320987653,0.2962962962962963,0.345679012345679
1490,0.2641509433962264,0.2830188679245283,0.32075471698113206
1491,0.39285714285714285,0.40476190476190477,0.44047619047619047
1492,0.26136363636363635,0.2840909090909091,0.3068181818181818
1493,0.2,0.17333333333333334,0.22666666666666666
1494,0.39705882352941174,0.5,0.45588235294117646
1495,0.1791044776119403,0.208955223880597,0.2537313432835821
1496,0.17894736842105263,0.14736842105263157,0.28421052631578947
1497,0.3170731707317073,0.3902439024390244,0.45121951219512196
1498,0.4418604651162791,0.47674418604651164,0.45348837209302323
1499,0.35135135135135137,0.4864864864864865,0.5405405405405406
1500,0.175,0.2375,0.3
1501,0.15942028985507245,0.15942028985507245,0.2898550724637681
1502,0.14,0.06,0.18
1503,0.33043478260869563,0.33043478260869563,0.3391304347826087
1504,0.6,0.5571428571428572,0.6285714285714286
1505,0.42105263157894735,0.45263157894736844,0.45263157894736844
1506,0.3088235294117647,0.3235294117647059,0.3235294117647059
1507,0.5402298850574713,0.5287356321839081,0.6551724137931034
1508,0.422680412371134,0.422680412371134,0.4742268041237113
1509,0.3194444444444444,0.3611111111111111,0.3472222222222222
1510,0.10294117647058823,0.22058823529411764,0.35294117647058826
1511,0.14516129032258066,0.1935483870967742,0.24193548387096775
1512,0.20430107526881722,0.26881720430107525,0.34408602150537637
1513,0.2638888888888889,0.3472222222222222,0.375
1514,0.39285714285714285,0.5952380952380952,0.6428571428571429
1515,0.2839506172839506,0.35802469135802467,0.5432098765432098
1516,0.08860759493670886,0.0759493670886076,0.02531645569620253
1517,0.24050632911392406,0.3037974683544304,0.35443037974683544
1518,0.30851063829787234,0.40425531914893614,0.26595744680851063
1519,0.37333333333333335,0.3466666666666667,0.4266666666666667
1520,0.3132530120481928,0.3253012048192771,0.3855421686746988
1521,0.26136363636363635,0.3068181818181818,0.3409090909090909
1522,0.24675324675324675,0.36363636363636365,0.5064935064935064
1523,0.24242424242424243,0.4393939393939394,0.5909090909090909
1524,0.18888888888888888,0.16666666666666666,0.2222222222222222
1525,0.1875,0.225,0.3
1526,0.3181818181818182,0.2878787878787879,0.3787878787878788
1527,0.3116883116883117,0.37662337662337664,0.4805194805194805
1528,0.21875,0.1875,0.234375
1529,0.19101123595505617,0.2696629213483146,0.2696629213483146
1530,0.1323529411764706,0.14705882352941177,0.20588235294117646
1531,0.27472527472527475,0.34065934065934067,0.42857142857142855
1532,0.38,0.46,0.58
1533,0.3875,0.375,0.3875
1534,0.3493975903614458,0.37349397590361444,0.39759036144578314
1535,0.08860759493670886,0.10126582278481013,0.20253164556962025
1536,0.5063291139240507,0.4177215189873418,0.5569620253164557
1537,0.08571428571428572,0.1,0.22857142857142856
1538,0.21176470588235294,0.23529411764705882,0.23529411764705882
1539,0.19047619047619047,0.2222222222222222,0.19047619047619047
1540,0.2826086956521739,0.30434782608695654,0.391304347826087
1541,0.20408163265306123,0.16326530612244897,0.3469387755102041
1542,0.273972602739726,0.3013698630136986,0.5616438356164384
1543,0.2597402597402597,0.2857142857142857,0.45454545454545453
1544,0.4880952380952381,0.38095238095238093,0.27380952380952384
1545,0.2222222222222222,0.26666666666666666,0.3
1546,0.25,0.3125,0.296875
1547,0.2711864406779661,0.3220338983050847,0.4576271186440678
1548,0.32941176470588235,0.35294117647058826,0.4470588235294118
1549,0.5064935064935064,0.5454545454545454,0.5844155844155844
1550,0.1095890410958904,0.136986301369863,0.3972602739726027
1551,0.44,0.48,0.49
1552,0.25,0.15625,0.25
1553,0.3375,0.3375,0.3625
1554,0.04878048780487805,0.0975609756097561,0.12195121951219512
1555,0.1724137931034483,0.20689655172413793,0.28735632183908044
1556,0.2676056338028169,0.352112676056338,0.43661971830985913
1557,0.26595744680851063,0.2978723404255319,0.35106382978723405
1558,0.2765957446808511,0.3617021276595745,0.30851063829787234
1559,0.3561643835616438,0.4794520547945205,0.4931506849315068
1560,0.1625,0.175,0.175
1561,0.39473684210526316,0.39473684210526316,0.4473684210526316
1562,0.37037037037037035,0.4444444444444444,0.46296296296296297
1563,0.3188405797101449,0.3333333333333333,0.43478260869565216
1564,0.21212121212121213,0.30303030303030304,0.25757575757575757
1565,0.125,0.10416666666666667,0.16666666666666666
1566,0.14102564102564102,0.15384615384615385,0.3076923076923077
1567,0.3595505617977528,0.48314606741573035,0.6179775280898876
1568,0.13725490196078433,0.19607843137254902,0.3333333333333333
1569,0.4392523364485981,0.5327102803738317,0.5607476635514018
1570,0.24,0.27,0.31
1571,0.35365853658536583,0.3902439024390244,0.6219512195121951
1572,0.2112676056338028,0.5915492957746479,0.352112676056338
1573,0.20930232558139536,0.13953488372093023,0.20930232558139536
1574,0.3541666666666667,0.3333333333333333,0.4583333333333333
1575,0.34615384615384615,0.3717948717948718,0.5128205128205128
1576,0.07462686567164178,0.08955223880597014,0.22388059701492538
1577,0.2625,0.375,0.475
1578,0.1891891891891892,0.25675675675675674,0.24324324324324326
1579,0.08974358974358974,0.11538461538461539,0.1794871794871795
1580,0.3493975903614458,0.4939759036144578,0.5060240963855421
1581,0.2345679012345679,0.345679012345679,0.345679012345679
1582,0.38636363636363635,0.4090909090909091,0.32954545454545453
1583,0.47674418604651164,0.5,0.4883720930232558
1584,0.16666666666666666,0.23333333333333334,0.3888888888888889
1585,0.46153846153846156,0.3626373626373626,0.4835164835164835
1586,0.3950617283950617,0.4444444444444444,0.49382716049382713
1587,0.19117647058823528,0.20588235294117646,0.29411764705882354
1588,0.11940298507462686,0.11940298507462686,0.22388059701492538
1589,0.1794871794871795,0.14102564102564102,0.1282051282051282
1590,0.15,0.125,0.2125
1591,0.5588235294117647,0.5490196078431373,0.6372549019607843
1592,0.3978494623655914,0.41935483870967744,0.46236559139784944
1593,0.09523809523809523,0.17857142857142858,0.23809523809523808
1594,0.20454545454545456,0.23863636363636365,0.23863636363636365
1595,0.2891566265060241,0.25301204819277107,0.37349397590361444
1596,0.189873417721519,0.17721518987341772,0.21518987341772153
1597,0.2073170731707317,0.23170731707317074,0.2926829268292683
1598,0.24096385542168675,0.25301204819277107,0.21686746987951808
1599,0.2727272727272727,0.2727272727272727,0.3181818181818182
1600,0.13924050632911392,0.16455696202531644,0.379746835443038
1601,0.43661971830985913,0.4647887323943662,0.5211267605633803
1602,0.44047619047619047,0.40476190476190477,0.6428571428571429
1603,0.25333333333333335,0.36,0.44
1604,0.35294117647058826,0.36764705882352944,0.4852941176470588
1605,0.32954545454545453,0.3977272727272727,0.5340909090909091
1606,0.08536585365853659,0.0975609756097561,0.18292682926829268
1607,0.3548387096774194,0.3709677419354839,0.41935483870967744
1608,0.2261904761904762,0.21428571428571427,0.2976190476190476
1609,0.375,0.4318181818181818,0.4318181818181818
1610,0.225,0.2625,0.375
1611,0.23076923076923078,0.24358974358974358,0.47435897435897434
1612,0.23684210526315788,0.25,0.21052631578947367
1613,0.4945054945054945,0.38461538461538464,0.5494505494505495
1614,0.4,0.48,0.6
1615,0.0375,0.0875,0.0625
1616,0.12643678160919541,0.19540229885057472,0.1839080459770115
1617,0.18571428571428572,0.35714285714285715,0.37142857142857144
1618,0.18181818181818182,0.24675324675324675,0.33766233766233766
1619,0.3382352941176471,0.6470588235294118,0.4411764705882353
1620,0.2736842105263158,0.3684210526315789,0.3473684210526316
1621,0.2987012987012987,0.2857142857142857,0.2987012987012987
1622,0.30097087378640774,0.32038834951456313,0.36893203883495146
1623,0.2159090909090909,0.25,0.32954545454545453
1624,0.2833333333333333,0.2833333333333333,0.4
1625,0.47368421052631576,0.5131578947368421,0.40789473684210525
1626,0.16666666666666666,0.1111111111111111,0.24444444444444444
1627,0.39,0.23,0.28
1628,0.2247191011235955,0.14606741573033707,0.2247191011235955
1629,0.19540229885057472,0.2413793103448276,0.27586206896551724
1630,0.367816091954023,0.3793103448275862,0.367816091954023
1631,0.12195121951219512,0.3048780487804878,0.45121951219512196
1632,0.21505376344086022,0.15053763440860216,0.20430107526881722
1633,0.4186046511627907,0.3488372093023256,0.4069767441860465
1634,0.16417910447761194,0.19402985074626866,0.208955223880597
1635,0.3815789473684211,0.25,0.39473684210526316
1636,0.4329896907216495,0.4536082474226804,0.5463917525773195
1637,0.14473684210526316,0.2631578947368421,0.3815789473684211
1638,0.27941176470588236,0.3235294117647059,0.4411764705882353
1639,0.1566265060240964,0.21686746987951808,0.3614457831325301
1640,0.25757575757575757,0.3333333333333333,0.3484848484848485
1641,0.25,0.2894736842105263,0.2894736842105263
1642,0.16455696202531644,0.20253164556962025,0.21518987341772153
1643,0.16216216216216217,0.21621621621621623,0.3108108108108108
1644,0.3918918918918919,0.43243243243243246,0.5135135135135135
1645,0.42,0.46,0.68
1646,0.21794871794871795,0.20512820512820512,0.3076923076923077
1647,0.18181818181818182,0.24675324675324675,0.44155844155844154
1648,0.3625,0.4375,0.45
1649,0.24752475247524752,0.24752475247524752,0.31683168316831684
1650,0.14864864864864866,0.1891891891891892,0.25675675675675674
1651,0.0641025641025641,0.10256410256410256,0.11538461538461539
1652,0.125,0.14772727272727273,0.19318181818181818
1653,0.3108108108108108,0.24324324324324326,0.3783783783783784
1654,0.19672131147540983,0.3442622950819672,0.32786885245901637
1655,0.2261904761904762,0.2857142857142857,0.3333333333333333
1656,0.4383561643835616,0.3561643835616438,0.589041095890411
1657,0.2391304347826087,0.18478260869565216,0.2826086956521739
1658,0.40540540540540543,0.44594594594594594,0.527027027027027
1659,0.06756756756756757,0.22972972972972974,0.5540540540540541
1660,0.3333333333333333,0.30952380952380953,0.39285714285714285
1661,0.19540229885057472,0.26436781609195403,0.3103448275862069
1662,0.4838709677419355,0.5698924731182796,0.5698924731182796
1663,0.3013698630136986,0.3287671232876712,0.3150684931506849
1664,0.27941176470588236,0.6617647058823529,0.4411764705882353
1665,0.14457831325301204,0.21686746987951808,0.14457831325301204
1666,0.24324324324324326,0.32432432432432434,0.4594594594594595
1667,0.24489795918367346,0.25510204081632654,0.29591836734693877
1668,0.14285714285714285,0.18681318681318682,0.2967032967032967
1669,0.21428571428571427,0.2571428571428571,0.4857142857142857
1670,0.2891566265060241,0.3373493975903614,0.3493975903614458
1671,0.0898876404494382,0.15730337078651685,0.1797752808988764
1672,0.36764705882352944,0.36764705882352944,0.39705882352941174
1673,0.32222222222222224,0.3111111111111111,0.4888888888888889
1674,0.2878787878787879,0.3181818181818182,0.3333333333333333
1675,0.5365853658536586,0.5487804878048781,0.7073170731707317
1676,0.3287671232876712,0.3424657534246575,0.4383561643835616
1677,0.1527777777777778,0.20833333333333334,0.19444444444444445
1678,0.16,0.28,0.22666666666666666
1679,0.31521739130434784,0.31521739130434784,0.358695652173913
1680,0.23863636363636365,0.26136363636363635,0.32954545454545453
1681,0.16666666666666666,0.17777777777777778,0.2111111111111111
1682,0.1506849315068493,0.3287671232876712,0.3835616438356164
1683,0.3979591836734694,0.4387755102040816,0.45918367346938777
1684,0.4868421052631579,0.18421052631578946,0.2894736842105263
1685,0.14925373134328357,0.08955223880597014,0.43283582089552236
1686,0.4090909090909091,0.4659090909090909,0.48863636363636365
1687,0.24050632911392406,0.2911392405063291,0.27848101265822783
1688,0.15942028985507245,0.2028985507246377,0.2898550724637681
1689,0.22857142857142856,0.3,0.34285714285714286
1690,0.23880597014925373,0.23880597014925373,0.43283582089552236
1691,0.45454545454545453,0.5340909090909091,0.6363636363636364
1692,0.19767441860465115,0.18604651162790697,0.20930232558139536
1693,0.11627906976744186,0.22093023255813954,0.18604651162790697
1694,0.3888888888888889,0.4027777777777778,0.3888888888888889
1695,0.07317073170731707,0.0975609756097561,0.0975609756097561
1696,0.3103448275862069,0.41379310344827586,0.6724137931034483
1697,0.28125,0.25,0.2708333333333333
1698,0.16923076923076924,0.1076923076923077,0.12307692307692308
1699,0.3235294117647059,0.3088235294117647,0.3088235294117647
1700,0.23684210526315788,0.34210526315789475,0.4605263157894737
1701,0.10256410256410256,0.14102564102564102,0.21794871794871795
1702,0.3333333333333333,0.463768115942029,0.7536231884057971
1703,0.20408163265306123,0.2857142857142857,0.3163265306122449
1704,0.21621621621621623,0.17567567567567569,0.17567567567567569
1705,0.391304347826087,0.30434782608695654,0.40217391304347827
1706,0.21951219512195122,0.524390243902439,0.35365853658536583
1707,0.32954545454545453,0.42045454545454547,0.5454545454545454
1708,0.3142857142857143,0.4,0.42857142857142855
1709,0.16666666666666666,0.18888888888888888,0.28888888888888886
1710,0.4358974358974359,0.2948717948717949,0.4230769230769231
1711,0.5052631578947369,0.49473684210526314,0.6
1712,0.3614457831325301,0.37349397590361444,0.42168674698795183
1713,0.734375,0.75,0.78125
1714,0.1590909090909091,0.22727272727272727,0.22727272727272727
1715,0.20512820512820512,0.16666666666666666,0.20512820512820512
1716,0.45348837209302323,0.3488372093023256,0.37209302325581395
1717,0.37681159420289856,0.36231884057971014,0.42028985507246375
1718,0.47619047619047616,0.34523809523809523,0.4166666666666667
1719,0.33783783783783783,0.4189189189189189,0.2972972972972973
1720,0.43209876543209874,0.4567901234567901,0.41975308641975306
1721,0.43661971830985913,0.3380281690140845,0.36619718309859156
1722,0.11842105263157894,0.2631578947368421,0.3026315789473684
1723,0.0958904109589041,0.2054794520547945,0.2328767123287671
1724,0.2261904761904762,0.2857142857142857,0.30952380952380953
1725,0.25,0.35294117647058826,0.5441176470588235
1726,0.3125,0.3625,0.3875
1727,0.234375,0.375,0.46875
1728,0.1875,0.2625,0.3375
1729,0.2962962962962963,0.38271604938271603,0.4567901234567901
1730,0.6822429906542056,0.7102803738317757,0.6822429906542056
1731,0.32941176470588235,0.43529411764705883,0.3411764705882353
1732,0.25333333333333335,0.29333333333333333,0.36
1733,0.21428571428571427,0.2619047619047619,0.2976190476190476
1734,0.17391304347826086,0.17391304347826086,0.21739130434782608
1735,0.35714285714285715,0.3,0.32857142857142857
1736,0.21794871794871795,0.28205128205128205,0.5
1737,0.26229508196721313,0.26229508196721313,0.36065573770491804
1738,0.18333333333333332,0.21666666666666667,0.2833333333333333
1739,0.3855421686746988,0.4457831325301205,0.4578313253012048
1740,0.19148936170212766,0.19148936170212766,0.2872340425531915
1741,0.24691358024691357,0.2222222222222222,0.41975308641975306
1742,0.4819277108433735,0.6265060240963856,0.8795180722891566
1743,0.21052631578947367,0.24210526315789474,0.3368421052631579
1744,0.225,0.275,1.525
1745,0.2073170731707317,0.23170731707317074,0.2926829268292683
1746,0.2972972972972973,0.32432432432432434,0.3918918918918919
1747,0.15,0.175,0.2125
1748,0.4594594594594595,0.43243243243243246,0.35135135135135137
1749,0.3488372093023256,0.32558139534883723,0.46511627906976744
1750,0.25757575757575757,0.2878787878787879,0.2878787878787879
1751,0.30337078651685395,0.2808988764044944,0.5280898876404494
1752,0.44144144144144143,0.4594594594594595,0.5945945945945946
1753,0.6435643564356436,0.594059405940594,0.6435643564356436
1754,0.48863636363636365,0.2727272727272727,0.3068181818181818
1755,0.5339805825242718,0.5825242718446602,0.5728155339805825
1756,0.4657534246575342,0.4520547945205479,0.4246575342465753
1757,0.4,0.3384615384615385,0.4307692307692308
1758,0.175,0.2375,0.2
1759,0.06896551724137931,0.08620689655172414,0.15517241379310345
1760,0.2682926829268293,0.32926829268292684,0.3048780487804878
1761,0.39473684210526316,0.5,0.4605263157894737
1762,0.4,0.37894736842105264,0.4105263157894737
1763,0.07142857142857142,0.07142857142857142,0.2
1764,0.42045454545454547,0.2840909090909091,0.4318181818181818
1765,0.4044943820224719,0.39325842696629215,0.43820224719101125
1766,0.27692307692307694,0.3076923076923077,0.49230769230769234
1767,0.24,0.24,0.28
1768,0.30337078651685395,0.3595505617977528,0.3595505617977528
1769,0.379746835443038,0.3924050632911392,0.4050632911392405
1770,0.23333333333333334,0.2222222222222222,0.3111111111111111
1771,0.313953488372093,0.29069767441860467,0.36046511627906974
1772,0.25396825396825395,0.25396825396825395,0.2698412698412698
1773,0.2911392405063291,0.3037974683544304,0.4050632911392405
1774,0.38823529411764707,0.3764705882352941,0.4823529411764706
1775,0.08333333333333333,0.08333333333333333,0.06944444444444445
1776,0.4574468085106383,0.5,0.6702127659574468
1777,0.4,0.55,0.7125
1778,0.25,0.2717391304347826,0.21739130434782608
1779,0.23880597014925373,0.208955223880597,0.373134328358209
1780,0.3404255319148936,0.2765957446808511,0.3191489361702128
1781,0.32727272727272727,0.36363636363636365,0.509090909090909
1782,0.1728395061728395,0.25925925925925924,0.4444444444444444
1783,0.1836734693877551,0.2653061224489796,0.3673469387755102
1784,0.34285714285714286,0.38571428571428573,0.6714285714285714
1785,0.20512820512820512,0.2564102564102564,0.38461538461538464
1786,0.44594594594594594,0.4594594594594595,0.5945945945945946
1787,0.2692307692307692,0.32051282051282054,0.3717948717948718
1788,0.3048780487804878,0.36585365853658536,0.43902439024390244
1789,0.19444444444444445,0.19444444444444445,0.3194444444444444
1790,0.3883495145631068,0.46601941747572817,0.5048543689320388
1791,0.1724137931034483,0.1724137931034483,0.2413793103448276
1792,0.09876543209876543,0.12345679012345678,0.18518518518518517
1793,0.2840909090909091,0.29545454545454547,0.5113636363636364
1794,0.31896551724137934,0.3448275862068966,0.3879310344827586
1795,0.3191489361702128,0.3191489361702128,0.30851063829787234
1796,0.0967741935483871,0.08064516129032258,0.08064516129032258
1797,0.4027777777777778,0.4444444444444444,0.4861111111111111
1798,0.3037974683544304,0.26582278481012656,0.3037974683544304
1799,0.11235955056179775,0.1348314606741573,0.2696629213483146
1800,0.43243243243243246,0.4864864864864865,0.6666666666666666
1801,0.3780487804878049,0.43902439024390244,0.43902439024390244
1802,0.08641975308641975,0.09876543209876543,0.09876543209876543
1803,0.28169014084507044,0.2535211267605634,0.36619718309859156
1804,0.26,0.23,0.28
1805,0.3448275862068966,0.3793103448275862,0.46551724137931033
1806,0.41975308641975306,0.5555555555555556,0.5185185185185185
1807,0.573170731707317,0.5609756097560976,0.4146341463414634
1808,0.18181818181818182,0.2727272727272727,0.3090909090909091
1809,0.12195121951219512,0.14634146341463414,0.1951219512195122
1810,0.14285714285714285,0.2222222222222222,0.23809523809523808
1811,0.23404255319148937,0.26595744680851063,0.3191489361702128
1812,0.19444444444444445,0.20833333333333334,0.25
1813,0.4880952380952381,0.5595238095238095,0.6190476190476191
1814,0.2054794520547945,0.1506849315068493,0.4931506849315068
1815,0.26666666666666666,0.29333333333333333,0.38666666666666666
1816,0.21951219512195122,0.3902439024390244,0.34146341463414637
1817,0.1724137931034483,0.19540229885057472,0.20689655172413793
1818,0.35526315789473684,0.5,0.7631578947368421
1819,0.19230769230769232,0.1794871794871795,0.2564102564102564
1820,0.25263157894736843,0.23157894736842105,0.2631578947368421
1821,0.275,0.2,0.4
1822,0.5384615384615384,0.38461538461538464,0.46153846153846156
1823,0.3402061855670103,0.35051546391752575,0.29896907216494845
1824,0.3088235294117647,0.35294117647058826,0.5588235294117647
1825,0.21839080459770116,0.3218390804597701,0.4367816091954023
1826,0.2727272727272727,0.2857142857142857,0.33766233766233766
1827,0.2553191489361702,0.23404255319148937,0.2553191489361702
1828,0.24719101123595505,0.21348314606741572,0.30337078651685395
1829,0.3118279569892473,0.3333333333333333,0.46236559139784944
1830,0.35802469135802467,0.3950617283950617,0.48148148148148145
1831,0.2191780821917808,0.2054794520547945,0.2191780821917808
1832,0.25925925925925924,0.35802469135802467,0.41975308641975306
1833,0.3108108108108108,0.4189189189189189,0.5
1834,0.225,0.2125,0.3
1835,0.17708333333333334,0.19791666666666666,0.375
1836,0.26666666666666666,0.17333333333333334,0.29333333333333333
1837,0.3838383838383838,0.45454545454545453,0.5151515151515151
1838,0.38571428571428573,0.38571428571428573,0.4857142857142857
1839,0.3382352941176471,0.39705882352941174,0.2647058823529412
1840,0.2876712328767123,0.2191780821917808,0.3424657534246575
1841,0.2714285714285714,0.22857142857142856,0.45714285714285713
1842,0.1643835616438356,0.136986301369863,0.2602739726027397
1843,0.22972972972972974,0.24324324324324326,0.35135135135135137
1844,0.29906542056074764,0.35514018691588783,0.37383177570093457
1845,0.28169014084507044,0.323943661971831,0.5915492957746479
1846,0.35365853658536583,0.3780487804878049,0.5609756097560976
1847,0.1506849315068493,0.2328767123287671,0.273972602739726
1848,0.3829787234042553,0.3404255319148936,0.48936170212765956
1849,0.29213483146067415,0.34831460674157305,0.5056179775280899
1850,0.5483870967741935,0.4838709677419355,0.6451612903225806
1851,0.038461538461538464,0.0641025641025641,0.20512820512820512
1852,0.22972972972972974,0.25675675675675674,0.2702702702702703
1853,0.12987012987012986,0.16883116883116883,0.22077922077922077
1854,0.5421686746987951,0.5542168674698795,0.7831325301204819
1855,0.16216216216216217,0.24324324324324326,0.35135135135135137
1856,0.35384615384615387,0.35384615384615387,0.35384615384615387
1857,0.30526315789473685,0.3263157894736842,0.35789473684210527
1858,0.19117647058823528,0.29411764705882354,0.3088235294117647
1859,0.3333333333333333,0.29411764705882354,0.37254901960784315
1860,0.09210526315789473,0.07894736842105263,0.3684210526315789
1861,0.26436781609195403,0.28735632183908044,0.3793103448275862
1862,0.1875,0.203125,0.296875
1863,0.05970149253731343,0.14925373134328357,0.1044776119402985
1864,0.1744186046511628,0.18604651162790697,0.19767441860465115
1865,0.24,0.29333333333333333,0.37333333333333335
1866,0.4915254237288136,0.4745762711864407,0.5254237288135594
1867,0.21739130434782608,0.15942028985507245,0.2463768115942029
1868,0.24675324675324675,0.23376623376623376,0.2987012987012987
1869,0.17582417582417584,0.2967032967032967,0.2087912087912088
1870,0.32894736842105265,0.3157894736842105,0.3157894736842105
1871,0.3132530120481928,0.26506024096385544,0.1927710843373494
