idx,wav_clean,wav_low,wav_med,wav_high
0,/content/drive/MyDrive/SeaAlert/data/audio_clean/wav/0.wav,/content/drive/MyDrive/SeaAlert/data/audio_noisy/low/0.wav,/content/drive/MyDrive/SeaAlert/data/audio_noisy/med/0.wav,/content/drive/MyDrive/SeaAlert/data/audio_noisy/high/0.wav
1,/content/drive/MyDrive/SeaAlert/data/audio_clean/wav/1.wav,/content/drive/MyDrive/SeaAlert/data/audio_noisy/low/1.wav,/content/drive/MyDrive/SeaAlert/data/audio_noisy/med/1.wav,/content/drive/MyDrive/SeaAlert/data/audio_noisy/high/1.wav
2,/content/drive/MyDrive/SeaAlert/data/audio_clean/wav/2.wav,/content/drive/MyDrive/SeaAlert/data/audio_noisy/low/2.wav,/content/drive/MyDrive/SeaAlert/data/audio_noisy/med/2.wav,/content/drive/MyDrive/SeaAlert/data/audio_noisy/high/2.wav
3,/content/drive/MyDrive/SeaAlert/data/audio_clean/wav/3.wav,/content/drive/MyDrive/SeaAlert/data/audio_noisy/low/3.wav,/content/drive/MyDrive/SeaAlert/data/audio_noisy/med/3.wav,/content/drive/MyDrive/SeaAlert/data/audio_noisy/high/3.wav
4,/content/drive/MyDrive/SeaAlert/data/audio_clean/wav/4.wav,/content/drive/MyDrive/SeaAlert/data/audio_noisy/low/4.wav,/content/drive/MyDrive/SeaAlert/data/audio_noisy/med/4.wav,/content/drive/MyDrive/SeaAlert/data/audio_noisy/high/4.wav
5,/content/drive/MyDrive/SeaAlert/data/audio_clean/wav/5.wav,/content/drive/MyDrive/SeaAlert/data/audio_noisy/low/5.wav,/content/drive/MyDrive/SeaAlert/data/audio_noisy/med/5.wav,/content/drive/MyDrive/SeaAlert/data/audio_noisy/high/5.wav
6,/content/drive/MyDrive/SeaAlert/data/audio_clean/wav/6.wav,/content/drive/MyDrive/SeaAlert/data/audio_noisy/low/6.wav,/content/drive/MyDrive/SeaAlert/data/audio_noisy/med/6.wav,/content/drive/MyDrive/SeaAlert/data/audio_noisy/high/6.wav
7,/content/drive/MyDrive/SeaAlert/data/audio_clean/wav/7.wav,/content/drive/MyDrive/SeaAlert/data/audio_noisy/low/7.wav,/content/drive/MyDrive/SeaAlert/data/audio_noisy/med/7.wav,/content/drive/MyDrive/SeaAlert/data/audio_noisy/high/7.wav
8,/content/drive/MyDrive/SeaAlert/data/audio_clean/wav/8.wav,/content/drive/MyDrive/SeaAlert/data/audio_noisy/low/8.wav,/content/drive/MyDrive/SeaAlert/data/audio_noisy/med/8.wav,/content/drive/MyDrive/SeaAlert/data/audio_noisy/high/8.wav
9,/content/drive/MyDrive/SeaAlert/data/audio_clean/wav/9.wav,/content/drive/MyDrive/SeaAlert/data/audio_noisy/low/9.wav,/content/drive/MyDrive/SeaAlert/data/audio_noisy/med/9.wav,/content/drive/MyDrive/SeaAlert/data/audio_noisy/high/9.wav
10,/content/drive/MyDrive/SeaAlert/data/audio_clean/wav/10.wav,/content/drive/MyDrive/SeaAlert/data/audio_noisy/low/10.wav,/content/drive/MyDrive/SeaAlert/data/audio_noisy/med/10.wav,/content/drive/MyDrive/SeaAlert/data/audio_noisy/high/10.wav
11,/content/drive/MyDrive/SeaAlert/data/audio_clean/wav/11.wav,/content/drive/MyDrive/SeaAlert/data/audio_noisy/low/11.wav,/content/drive/MyDrive/SeaAlert/data/audio_noisy/med/11.wav,/content/drive/MyDrive/SeaAlert/data/audio_noisy/high/11.wav
12,/content/drive/MyDrive/SeaAlert/data/audio_clean/wav/12.wav,/content/drive/MyDrive/SeaAlert/data/audio_noisy/low/12.wav,/content/drive/MyDrive/SeaAlert/data/audio_noisy/med/12.wav,/content/drive/MyDrive/SeaAlert/data/audio_noisy/high/12.wav
13,/content/drive/MyDrive/SeaAlert/data/audio_clean/wav/13.wav,/content/drive/MyDrive/SeaAlert/data/audio_noisy/low/13.wav,/content/drive/MyDrive/SeaAlert/data/audio_noisy/med/13.wav,/content/drive/MyDrive/SeaAlert/data/audio_noisy/high/13.wav
14,/content/drive/MyDrive/SeaAlert/data/audio_clean/wav/14.wav,/content/drive/MyDrive/SeaAlert/data/audio_noisy/low/14.wav,/content/drive/MyDrive/SeaAlert/data/audio_noisy/med/14.wav,/content/drive/MyDrive/SeaAlert/data/audio_noisy/high/14.wav
15,/content/drive/MyDrive/SeaAlert/data/audio_clean/wav/15.wav,/content/drive/MyDrive/SeaAlert/data/audio_noisy/low/15.wav,/content/drive/MyDrive/SeaAlert/data/audio_noisy/med/15.wav,/content/drive/MyDrive/SeaAlert/data/audio_noisy/high/15.wav
16,/content/drive/MyDrive/SeaAlert/data/audio_clean/wav/16.wav,/content/drive/MyDrive/SeaAlert/data/audio_noisy/low/16.wav,/content/drive/MyDrive/SeaAlert/data/audio_noisy/med/16.wav,/content/drive/MyDrive/SeaAlert/data/audio_noisy/high/16.wav
17,/content/drive/MyDrive/SeaAlert/data/audio_clean/wav/17.wav,/content/drive/MyDrive/SeaAlert/data/audio_noisy/low/17.wav,/content/drive/MyDrive/SeaAlert/data/audio_noisy/med/17.wav,/content/drive/MyDrive/SeaAlert/data/audio_noisy/high/17.wav
18,/content/drive/MyDrive/SeaAlert/data/audio_clean/wav/18.wav,/content/drive/MyDrive/SeaAlert/data/audio_noisy/low/18.wav,/content/drive/MyDrive/SeaAlert/data/audio_noisy/med/18.wav,/content/drive/MyDrive/SeaAlert/data/audio_noisy/high/18.wav
19,/content/drive/MyDrive/SeaAlert/data/audio_clean/wav/19.wav,/content/drive/MyDrive/SeaAlert/data/audio_noisy/low/19.wav,/content/drive/MyDrive/SeaAlert/data/audio_noisy/med/19.wav,/content/drive/MyDrive/SeaAlert/data/audio_noisy/high/19.wav
20,/content/drive/MyDrive/SeaAlert/data/audio_clean/wav/20.wav,/content/drive/MyDrive/SeaAlert/data/audio_noisy/low/20.wav,/content/drive/MyDrive/SeaAlert/data/audio_noisy/med/20.wav,/content/drive/MyDrive/SeaAlert/data/audio_noisy/high/20.wav
21,/content/drive/MyDrive/SeaAlert/data/audio_clean/wav/21.wav,/content/drive/MyDrive/SeaAlert/data/audio_noisy/low/21.wav,/content/drive/MyDrive/SeaAlert/data/audio_noisy/med/21.wav,/content/drive/MyDrive/SeaAlert/data/audio_noisy/high/21.wav
22,/content/drive/MyDrive/SeaAlert/data/audio_clean/wav/22.wav,/content/drive/MyDrive/SeaAlert/data/audio_noisy/low/22.wav,/content/drive/MyDrive/SeaAlert/data/audio_noisy/med/22.wav,/content/drive/MyDrive/SeaAlert/data/audio_noisy/high/22.wav
23,/content/drive/MyDrive/SeaAlert/data/audio_clean/wav/23.wav,/content/drive/MyDrive/SeaAlert/data/audio_noisy/low/23.wav,/content/drive/MyDrive/SeaAlert/data/audio_noisy/med/23.wav,/content/drive/MyDrive/SeaAlert/data/audio_noisy/high/23.wav
24,/content/drive/MyDrive/SeaAlert/data/audio_clean/wav/24.wav,/content/drive/MyDrive/SeaAlert/data/audio_noisy/low/24.wav,/content/drive/MyDrive/SeaAlert/data/audio_noisy/med/24.wav,/content/drive/MyDrive/SeaAlert/data/audio_noisy/high/24.wav
25,/content/drive/MyDrive/SeaAlert/data/audio_clean/wav/25.wav,/content/drive/MyDrive/SeaAlert/data/audio_noisy/low/25.wav,/content/drive/MyDrive/SeaAlert/data/audio_noisy/med/25.wav,/content/drive/MyDrive/SeaAlert/data/audio_noisy/high/25.wav
26,/content/drive/MyDrive/SeaAlert/data/audio_clean/wav/26.wav,/content/drive/MyDrive/SeaAlert/data/audio_noisy/low/26.wav,/content/drive/MyDrive/SeaAlert/data/audio_noisy/med/26.wav,/content/drive/MyDrive/SeaAlert/data/audio_noisy/high/26.wav
27,/content/drive/MyDrive/SeaAlert/data/audio_clean/wav/27.wav,/content/drive/MyDrive/SeaAlert/data/audio_noisy/low/27.wav,/content/drive/MyDrive/SeaAlert/data/audio_noisy/med/27.wav,/content/drive/MyDrive/SeaAlert/data/audio_noisy/high/27.wav
28,/content/drive/MyDrive/SeaAlert/data/audio_clean/wav/28.wav,/content/drive/MyDrive/SeaAlert/data/audio_noisy/low/28.wav,/content/drive/MyDrive/SeaAlert/data/audio_noisy/med/28.wav,/content/drive/MyDrive/SeaAlert/data/audio_noisy/high/28.wav
29,/content/drive/MyDrive/SeaAlert/data/audio_clean/wav/29.wav,/content/drive/MyDrive/SeaAlert/data/audio_noisy/low/29.wav,/content/drive/MyDrive/SeaAlert/data/audio_noisy/med/29.wav,/content/drive/MyDrive/SeaAlert/data/audio_noisy/high/29.wav
30,/content/drive/MyDrive/SeaAlert/data/audio_clean/wav/30.wav,/content/drive/MyDrive/SeaAlert/data/audio_noisy/low/30.wav,/content/drive/MyDrive/SeaAlert/data/audio_noisy/med/30.wav,/content/drive/MyDrive/SeaAlert/data/audio_noisy/high/30.wav
31,/content/drive/MyDrive/SeaAlert/data/audio_clean/wav/31.wav,/content/drive/MyDrive/SeaAlert/data/audio_noisy/low/31.wav,/content/drive/MyDrive/SeaAlert/data/audio_noisy/med/31.wav,/content/drive/MyDrive/SeaAlert/data/audio_noisy/high/31.wav
32,/content/drive/MyDrive/SeaAlert/data/audio_clean/wav/32.wav,/content/drive/MyDrive/SeaAlert/data/audio_noisy/low/32.wav,/content/drive/MyDrive/SeaAlert/data/audio_noisy/med/32.wav,/content/drive/MyDrive/SeaAlert/data/audio_noisy/high/32.wav
33,/content/drive/MyDrive/SeaAlert/data/audio_clean/wav/33.wav,/content/drive/MyDrive/SeaAlert/data/audio_noisy/low/33.wav,/content/drive/MyDrive/SeaAlert/data/audio_noisy/med/33.wav,/content/drive/MyDrive/SeaAlert/data/audio_noisy/high/33.wav
34,/content/drive/MyDrive/SeaAlert/data/audio_clean/wav/34.wav,/content/drive/MyDrive/SeaAlert/data/audio_noisy/low/34.wav,/content/drive/MyDrive/SeaAlert/data/audio_noisy/med/34.wav,/content/drive/MyDrive/SeaAlert/data/audio_noisy/high/34.wav
35,/content/drive/MyDrive/SeaAlert/data/audio_clean/wav/35.wav,/content/drive/MyDrive/SeaAlert/data/audio_noisy/low/35.wav,/content/drive/MyDrive/SeaAlert/data/audio_noisy/med/35.wav,/content/drive/MyDrive/SeaAlert/data/audio_noisy/high/35.wav
36,/content/drive/MyDrive/SeaAlert/data/audio_clean/wav/36.wav,/content/drive/MyDrive/SeaAlert/data/audio_noisy/low/36.wav,/content/drive/MyDrive/SeaAlert/data/audio_noisy/med/36.wav,/content/drive/MyDrive/SeaAlert/data/audio_noisy/high/36.wav
37,/content/drive/MyDrive/SeaAlert/data/audio_clean/wav/37.wav,/content/drive/MyDrive/SeaAlert/data/audio_noisy/low/37.wav,/content/drive/MyDrive/SeaAlert/data/audio_noisy/med/37.wav,/content/drive/MyDrive/SeaAlert/data/audio_noisy/high/37.wav
38,/content/drive/MyDrive/SeaAlert/data/audio_clean/wav/38.wav,/content/drive/MyDrive/SeaAlert/data/audio_noisy/low/38.wav,/content/drive/MyDrive/SeaAlert/data/audio_noisy/med/38.wav,/content/drive/MyDrive/SeaAlert/data/audio_noisy/high/38.wav
39,/content/drive/MyDrive/SeaAlert/data/audio_clean/wav/39.wav,/content/drive/MyDrive/SeaAlert/data/audio_noisy/low/39.wav,/content/drive/MyDrive/SeaAlert/data/audio_noisy/med/39.wav,/content/drive/MyDrive/SeaAlert/data/audio_noisy/high/39.wav
40,/content/drive/MyDrive/SeaAlert/data/audio_clean/wav/40.wav,/content/drive/MyDrive/SeaAlert/data/audio_noisy/low/40.wav,/content/drive/MyDrive/SeaAlert/data/audio_noisy/med/40.wav,/content/drive/MyDrive/SeaAlert/data/audio_noisy/high/40.wav
41,/content/drive/MyDrive/SeaAlert/data/audio_clean/wav/41.wav,/content/drive/MyDrive/SeaAlert/data/audio_noisy/low/41.wav,/content/drive/MyDrive/SeaAlert/data/audio_noisy/med/41.wav,/content/drive/MyDrive/SeaAlert/data/audio_noisy/high/41.wav
42,/content/drive/MyDrive/SeaAlert/data/audio_clean/wav/42.wav,/content/drive/MyDrive/SeaAlert/data/audio_noisy/low/42.wav,/content/drive/MyDrive/SeaAlert/data/audio_noisy/med/42.wav,/content/drive/MyDrive/SeaAlert/data/audio_noisy/high/42.wav
43,/content/drive/MyDrive/SeaAlert/data/audio_clean/wav/43.wav,/content/drive/MyDrive/SeaAlert/data/audio_noisy/low/43.wav,/content/drive/MyDrive/SeaAlert/data/audio_noisy/med/43.wav,/content/drive/MyDrive/SeaAlert/data/audio_noisy/high/43.wav
44,/content/drive/MyDrive/SeaAlert/data/audio_clean/wav/44.wav,/content/drive/MyDrive/SeaAlert/data/audio_noisy/low/44.wav,/content/drive/MyDrive/SeaAlert/data/audio_noisy/med/44.wav,/content/drive/MyDrive/SeaAlert/data/audio_noisy/high/44.wav
45,/content/drive/MyDrive/SeaAlert/data/audio_clean/wav/45.wav,/content/drive/MyDrive/SeaAlert/data/audio_noisy/low/45.wav,/content/drive/MyDrive/SeaAlert/data/audio_noisy/med/45.wav,/content/drive/MyDrive/SeaAlert/data/audio_noisy/high/45.wav
46,/content/drive/MyDrive/SeaAlert/data/audio_clean/wav/46.wav,/content/drive/MyDrive/SeaAlert/data/audio_noisy/low/46.wav,/content/drive/MyDrive/SeaAlert/data/audio_noisy/med/46.wav,/content/drive/MyDrive/SeaAlert/data/audio_noisy/high/46.wav
47,/content/drive/MyDrive/SeaAlert/data/audio_clean/wav/47.wav,/content/drive/MyDrive/SeaAlert/data/audio_noisy/low/47.wav,/content/drive/MyDrive/SeaAlert/data/audio_noisy/med/47.wav,/content/drive/MyDrive/SeaAlert/data/audio_noisy/high/47.wav
48,/content/drive/MyDrive/SeaAlert/data/audio_clean/wav/48.wav,/content/drive/MyDrive/SeaAlert/data/audio_noisy/low/48.wav,/content/drive/MyDrive/SeaAlert/data/audio_noisy/med/48.wav,/content/drive/MyDrive/SeaAlert/data/audio_noisy/high/48.wav
49,/content/drive/MyDrive/SeaAlert/data/audio_clean/wav/49.wav,/content/drive/MyDrive/SeaAlert/data/audio_noisy/low/49.wav,/content/drive/MyDrive/SeaAlert/data/audio_noisy/med/49.wav,/content/drive/MyDrive/SeaAlert/data/audio_noisy/high/49.wav
50,/content/drive/MyDrive/SeaAlert/data/audio_clean/wav/50.wav,/content/drive/MyDrive/SeaAlert/data/audio_noisy/low/50.wav,/content/drive/MyDrive/SeaAlert/data/audio_noisy/med/50.wav,/content/drive/MyDrive/SeaAlert/data/audio_noisy/high/50.wav
51,/content/drive/MyDrive/SeaAlert/data/audio_clean/wav/51.wav,/content/drive/MyDrive/SeaAlert/data/audio_noisy/low/51.wav,/content/drive/MyDrive/SeaAlert/data/audio_noisy/med/51.wav,/content/drive/MyDrive/SeaAlert/data/audio_noisy/high/51.wav
52,/content/drive/MyDrive/SeaAlert/data/audio_clean/wav/52.wav,/content/drive/MyDrive/SeaAlert/data/audio_noisy/low/52.wav,/content/drive/MyDrive/SeaAlert/data/audio_noisy/med/52.wav,/content/drive/MyDrive/SeaAlert/data/audio_noisy/high/52.wav
53,/content/drive/MyDrive/SeaAlert/data/audio_clean/wav/53.wav,/content/drive/MyDrive/SeaAlert/data/audio_noisy/low/53.wav,/content/drive/MyDrive/SeaAlert/data/audio_noisy/med/53.wav,/content/drive/MyDrive/SeaAlert/data/audio_noisy/high/53.wav
54,/content/drive/MyDrive/SeaAlert/data/audio_clean/wav/54.wav,/content/drive/MyDrive/SeaAlert/data/audio_noisy/low/54.wav,/content/drive/MyDrive/SeaAlert/data/audio_noisy/med/54.wav,/content/drive/MyDrive/SeaAlert/data/audio_noisy/high/54.wav
55,/content/drive/MyDrive/SeaAlert/data/audio_clean/wav/55.wav,/content/drive/MyDrive/SeaAlert/data/audio_noisy/low/55.wav,/content/drive/MyDrive/SeaAlert/data/audio_noisy/med/55.wav,/content/drive/MyDrive/SeaAlert/data/audio_noisy/high/55.wav
56,/content/drive/MyDrive/SeaAlert/data/audio_clean/wav/56.wav,/content/drive/MyDrive/SeaAlert/data/audio_noisy/low/56.wav,/content/drive/MyDrive/SeaAlert/data/audio_noisy/med/56.wav,/content/drive/MyDrive/SeaAlert/data/audio_noisy/high/56.wav
57,/content/drive/MyDrive/SeaAlert/data/audio_clean/wav/57.wav,/content/drive/MyDrive/SeaAlert/data/audio_noisy/low/57.wav,/content/drive/MyDrive/SeaAlert/data/audio_noisy/med/57.wav,/content/drive/MyDrive/SeaAlert/data/audio_noisy/high/57.wav
58,/content/drive/MyDrive/SeaAlert/data/audio_clean/wav/58.wav,/content/drive/MyDrive/SeaAlert/data/audio_noisy/low/58.wav,/content/drive/MyDrive/SeaAlert/data/audio_noisy/med/58.wav,/content/drive/MyDrive/SeaAlert/data/audio_noisy/high/58.wav
59,/content/drive/MyDrive/SeaAlert/data/audio_clean/wav/59.wav,/content/drive/MyDrive/SeaAlert/data/audio_noisy/low/59.wav,/content/drive/MyDrive/SeaAlert/data/audio_noisy/med/59.wav,/content/drive/MyDrive/SeaAlert/data/audio_noisy/high/59.wav
60,/content/drive/MyDrive/SeaAlert/data/audio_clean/wav/60.wav,/content/drive/MyDrive/SeaAlert/data/audio_noisy/low/60.wav,/content/drive/MyDrive/SeaAlert/data/audio_noisy/med/60.wav,/content/drive/MyDrive/SeaAlert/data/audio_noisy/high/60.wav
61,/content/drive/MyDrive/SeaAlert/data/audio_clean/wav/61.wav,/content/drive/MyDrive/SeaAlert/data/audio_noisy/low/61.wav,/content/drive/MyDrive/SeaAlert/data/audio_noisy/med/61.wav,/content/drive/MyDrive/SeaAlert/data/audio_noisy/high/61.wav
62,/content/drive/MyDrive/SeaAlert/data/audio_clean/wav/62.wav,/content/drive/MyDrive/SeaAlert/data/audio_noisy/low/62.wav,/content/drive/MyDrive/SeaAlert/data/audio_noisy/med/62.wav,/content/drive/MyDrive/SeaAlert/data/audio_noisy/high/62.wav
63,/content/drive/MyDrive/SeaAlert/data/audio_clean/wav/63.wav,/content/drive/MyDrive/SeaAlert/data/audio_noisy/low/63.wav,/content/drive/MyDrive/SeaAlert/data/audio_noisy/med/63.wav,/content/drive/MyDrive/SeaAlert/data/audio_noisy/high/63.wav
64,/content/drive/MyDrive/SeaAlert/data/audio_clean/wav/64.wav,/content/drive/MyDrive/SeaAlert/data/audio_noisy/low/64.wav,/content/drive/MyDrive/SeaAlert/data/audio_noisy/med/64.wav,/content/drive/MyDrive/SeaAlert/data/audio_noisy/high/64.wav
65,/content/drive/MyDrive/SeaAlert/data/audio_clean/wav/65.wav,/content/drive/MyDrive/SeaAlert/data/audio_noisy/low/65.wav,/content/drive/MyDrive/SeaAlert/data/audio_noisy/med/65.wav,/content/drive/MyDrive/SeaAlert/data/audio_noisy/high/65.wav
66,/content/drive/MyDrive/SeaAlert/data/audio_clean/wav/66.wav,/content/drive/MyDrive/SeaAlert/data/audio_noisy/low/66.wav,/content/drive/MyDrive/SeaAlert/data/audio_noisy/med/66.wav,/content/drive/MyDrive/SeaAlert/data/audio_noisy/high/66.wav
67,/content/drive/MyDrive/SeaAlert/data/audio_clean/wav/67.wav,/content/drive/MyDrive/SeaAlert/data/audio_noisy/low/67.wav,/content/drive/MyDrive/SeaAlert/data/audio_noisy/med/67.wav,/content/drive/MyDrive/SeaAlert/data/audio_noisy/high/67.wav
68,/content/drive/MyDrive/SeaAlert/data/audio_clean/wav/68.wav,/content/drive/MyDrive/SeaAlert/data/audio_noisy/low/68.wav,/content/drive/MyDrive/SeaAlert/data/audio_noisy/med/68.wav,/content/drive/MyDrive/SeaAlert/data/audio_noisy/high/68.wav
69,/content/drive/MyDrive/SeaAlert/data/audio_clean/wav/69.wav,/content/drive/MyDrive/SeaAlert/data/audio_noisy/low/69.wav,/content/drive/MyDrive/SeaAlert/data/audio_noisy/med/69.wav,/content/drive/MyDrive/SeaAlert/data/audio_noisy/high/69.wav
70,/content/drive/MyDrive/SeaAlert/data/audio_clean/wav/70.wav,/content/drive/MyDrive/SeaAlert/data/audio_noisy/low/70.wav,/content/drive/MyDrive/SeaAlert/data/audio_noisy/med/70.wav,/content/drive/MyDrive/SeaAlert/data/audio_noisy/high/70.wav
71,/content/drive/MyDrive/SeaAlert/data/audio_clean/wav/71.wav,/content/drive/MyDrive/SeaAlert/data/audio_noisy/low/71.wav,/content/drive/MyDrive/SeaAlert/data/audio_noisy/med/71.wav,/content/drive/MyDrive/SeaAlert/data/audio_noisy/high/71.wav
72,/content/drive/MyDrive/SeaAlert/data/audio_clean/wav/72.wav,/content/drive/MyDrive/SeaAlert/data/audio_noisy/low/72.wav,/content/drive/MyDrive/SeaAlert/data/audio_noisy/med/72.wav,/content/drive/MyDrive/SeaAlert/data/audio_noisy/high/72.wav
73,/content/drive/MyDrive/SeaAlert/data/audio_clean/wav/73.wav,/content/drive/MyDrive/SeaAlert/data/audio_noisy/low/73.wav,/content/drive/MyDrive/SeaAlert/data/audio_noisy/med/73.wav,/content/drive/MyDrive/SeaAlert/data/audio_noisy/high/73.wav
74,/content/drive/MyDrive/SeaAlert/data/audio_clean/wav/74.wav,/content/drive/MyDrive/SeaAlert/data/audio_noisy/low/74.wav,/content/drive/MyDrive/SeaAlert/data/audio_noisy/med/74.wav,/content/drive/MyDrive/SeaAlert/data/audio_noisy/high/74.wav
75,/content/drive/MyDrive/SeaAlert/data/audio_clean/wav/75.wav,/content/drive/MyDrive/SeaAlert/data/audio_noisy/low/75.wav,/content/drive/MyDrive/SeaAlert/data/audio_noisy/med/75.wav,/content/drive/MyDrive/SeaAlert/data/audio_noisy/high/75.wav
76,/content/drive/MyDrive/SeaAlert/data/audio_clean/wav/76.wav,/content/drive/MyDrive/SeaAlert/data/audio_noisy/low/76.wav,/content/drive/MyDrive/SeaAlert/data/audio_noisy/med/76.wav,/content/drive/MyDrive/SeaAlert/data/audio_noisy/high/76.wav
77,/content/drive/MyDrive/SeaAlert/data/audio_clean/wav/77.wav,/content/drive/MyDrive/SeaAlert/data/audio_noisy/low/77.wav,/content/drive/MyDrive/SeaAlert/data/audio_noisy/med/77.wav,/content/drive/MyDrive/SeaAlert/data/audio_noisy/high/77.wav
78,/content/drive/MyDrive/SeaAlert/data/audio_clean/wav/78.wav,/content/drive/MyDrive/SeaAlert/data/audio_noisy/low/78.wav,/content/drive/MyDrive/SeaAlert/data/audio_noisy/med/78.wav,/content/drive/MyDrive/SeaAlert/data/audio_noisy/high/78.wav
79,/content/drive/MyDrive/SeaAlert/data/audio_clean/wav/79.wav,/content/drive/MyDrive/SeaAlert/data/audio_noisy/low/79.wav,/content/drive/MyDrive/SeaAlert/data/audio_noisy/med/79.wav,/content/drive/MyDrive/SeaAlert/data/audio_noisy/high/79.wav
80,/content/drive/MyDrive/SeaAlert/data/audio_clean/wav/80.wav,/content/drive/MyDrive/SeaAlert/data/audio_noisy/low/80.wav,/content/drive/MyDrive/SeaAlert/data/audio_noisy/med/80.wav,/content/drive/MyDrive/SeaAlert/data/audio_noisy/high/80.wav
81,/content/drive/MyDrive/SeaAlert/data/audio_clean/wav/81.wav,/content/drive/MyDrive/SeaAlert/data/audio_noisy/low/81.wav,/content/drive/MyDrive/SeaAlert/data/audio_noisy/med/81.wav,/content/drive/MyDrive/SeaAlert/data/audio_noisy/high/81.wav
82,/content/drive/MyDrive/SeaAlert/data/audio_clean/wav/82.wav,/content/drive/MyDrive/SeaAlert/data/audio_noisy/low/82.wav,/content/drive/MyDrive/SeaAlert/data/audio_noisy/med/82.wav,/content/drive/MyDrive/SeaAlert/data/audio_noisy/high/82.wav
83,/content/drive/MyDrive/SeaAlert/data/audio_clean/wav/83.wav,/content/drive/MyDrive/SeaAlert/data/audio_noisy/low/83.wav,/content/drive/MyDrive/SeaAlert/data/audio_noisy/med/83.wav,/content/drive/MyDrive/SeaAlert/data/audio_noisy/high/83.wav
84,/content/drive/MyDrive/SeaAlert/data/audio_clean/wav/84.wav,/content/drive/MyDrive/SeaAlert/data/audio_noisy/low/84.wav,/content/drive/MyDrive/SeaAlert/data/audio_noisy/med/84.wav,/content/drive/MyDrive/SeaAlert/data/audio_noisy/high/84.wav
85,/content/drive/MyDrive/SeaAlert/data/audio_clean/wav/85.wav,/content/drive/MyDrive/SeaAlert/data/audio_noisy/low/85.wav,/content/drive/MyDrive/SeaAlert/data/audio_noisy/med/85.wav,/content/drive/MyDrive/SeaAlert/data/audio_noisy/high/85.wav
86,/content/drive/MyDrive/SeaAlert/data/audio_clean/wav/86.wav,/content/drive/MyDrive/SeaAlert/data/audio_noisy/low/86.wav,/content/drive/MyDrive/SeaAlert/data/audio_noisy/med/86.wav,/content/drive/MyDrive/SeaAlert/data/audio_noisy/high/86.wav
87,/content/drive/MyDrive/SeaAlert/data/audio_clean/wav/87.wav,/content/drive/MyDrive/SeaAlert/data/audio_noisy/low/87.wav,/content/drive/MyDrive/SeaAlert/data/audio_noisy/med/87.wav,/content/drive/MyDrive/SeaAlert/data/audio_noisy/high/87.wav
88,/content/drive/MyDrive/SeaAlert/data/audio_clean/wav/88.wav,/content/drive/MyDrive/SeaAlert/data/audio_noisy/low/88.wav,/content/drive/MyDrive/SeaAlert/data/audio_noisy/med/88.wav,/content/drive/MyDrive/SeaAlert/data/audio_noisy/high/88.wav
89,/content/drive/MyDrive/SeaAlert/data/audio_clean/wav/89.wav,/content/drive/MyDrive/SeaAlert/data/audio_noisy/low/89.wav,/content/drive/MyDrive/SeaAlert/data/audio_noisy/med/89.wav,/content/drive/MyDrive/SeaAlert/data/audio_noisy/high/89.wav
90,/content/drive/MyDrive/SeaAlert/data/audio_clean/wav/90.wav,/content/drive/MyDrive/SeaAlert/data/audio_noisy/low/90.wav,/content/drive/MyDrive/SeaAlert/data/audio_noisy/med/90.wav,/content/drive/MyDrive/SeaAlert/data/audio_noisy/high/90.wav
91,/content/drive/MyDrive/SeaAlert/data/audio_clean/wav/91.wav,/content/drive/MyDrive/SeaAlert/data/audio_noisy/low/91.wav,/content/drive/MyDrive/SeaAlert/data/audio_noisy/med/91.wav,/content/drive/MyDrive/SeaAlert/data/audio_noisy/high/91.wav
92,/content/drive/MyDrive/SeaAlert/data/audio_clean/wav/92.wav,/content/drive/MyDrive/SeaAlert/data/audio_noisy/low/92.wav,/content/drive/MyDrive/SeaAlert/data/audio_noisy/med/92.wav,/content/drive/MyDrive/SeaAlert/data/audio_noisy/high/92.wav
93,/content/drive/MyDrive/SeaAlert/data/audio_clean/wav/93.wav,/content/drive/MyDrive/SeaAlert/data/audio_noisy/low/93.wav,/content/drive/MyDrive/SeaAlert/data/audio_noisy/med/93.wav,/content/drive/MyDrive/SeaAlert/data/audio_noisy/high/93.wav
94,/content/drive/MyDrive/SeaAlert/data/audio_clean/wav/94.wav,/content/drive/MyDrive/SeaAlert/data/audio_noisy/low/94.wav,/content/drive/MyDrive/SeaAlert/data/audio_noisy/med/94.wav,/content/drive/MyDrive/SeaAlert/data/audio_noisy/high/94.wav
95,/content/drive/MyDrive/SeaAlert/data/audio_clean/wav/95.wav,/content/drive/MyDrive/SeaAlert/data/audio_noisy/low/95.wav,/content/drive/MyDrive/SeaAlert/data/audio_noisy/med/95.wav,/content/drive/MyDrive/SeaAlert/data/audio_noisy/high/95.wav
96,/content/drive/MyDrive/SeaAlert/data/audio_clean/wav/96.wav,/content/drive/MyDrive/SeaAlert/data/audio_noisy/low/96.wav,/content/drive/MyDrive/SeaAlert/data/audio_noisy/med/96.wav,/content/drive/MyDrive/SeaAlert/data/audio_noisy/high/96.wav
97,/content/drive/MyDrive/SeaAlert/data/audio_clean/wav/97.wav,/content/drive/MyDrive/SeaAlert/data/audio_noisy/low/97.wav,/content/drive/MyDrive/SeaAlert/data/audio_noisy/med/97.wav,/content/drive/MyDrive/SeaAlert/data/audio_noisy/high/97.wav
98,/content/drive/MyDrive/SeaAlert/data/audio_clean/wav/98.wav,/content/drive/MyDrive/SeaAlert/data/audio_noisy/low/98.wav,/content/drive/MyDrive/SeaAlert/data/audio_noisy/med/98.wav,/content/drive/MyDrive/SeaAlert/data/audio_noisy/high/98.wav
99,/content/drive/MyDrive/SeaAlert/data/audio_clean/wav/99.wav,/content/drive/MyDrive/SeaAlert/data/audio_noisy/low/99.wav,/content/drive/MyDrive/SeaAlert/data/audio_noisy/med/99.wav,/content/drive/MyDrive/SeaAlert/data/audio_noisy/high/99.wav
100,/content/drive/MyDrive/SeaAlert/data/audio_clean/wav/100.wav,/content/drive/MyDrive/SeaAlert/data/audio_noisy/low/100.wav,/content/drive/MyDrive/SeaAlert/data/audio_noisy/med/100.wav,/content/drive/MyDrive/SeaAlert/data/audio_noisy/high/100.wav
101,/content/drive/MyDrive/SeaAlert/data/audio_clean/wav/101.wav,/content/drive/MyDrive/SeaAlert/data/audio_noisy/low/101.wav,/content/drive/MyDrive/SeaAlert/data/audio_noisy/med/101.wav,/content/drive/MyDrive/SeaAlert/data/audio_noisy/high/101.wav
102,/content/drive/MyDrive/SeaAlert/data/audio_clean/wav/102.wav,/content/drive/MyDrive/SeaAlert/data/audio_noisy/low/102.wav,/content/drive/MyDrive/SeaAlert/data/audio_noisy/med/102.wav,/content/drive/MyDrive/SeaAlert/data/audio_noisy/high/102.wav
103,/content/drive/MyDrive/SeaAlert/data/audio_clean/wav/103.wav,/content/drive/MyDrive/SeaAlert/data/audio_noisy/low/103.wav,/content/drive/MyDrive/SeaAlert/data/audio_noisy/med/103.wav,/content/drive/MyDrive/SeaAlert/data/audio_noisy/high/103.wav
104,/content/drive/MyDrive/SeaAlert/data/audio_clean/wav/104.wav,/content/drive/MyDrive/SeaAlert/data/audio_noisy/low/104.wav,/content/drive/MyDrive/SeaAlert/data/audio_noisy/med/104.wav,/content/drive/MyDrive/SeaAlert/data/audio_noisy/high/104.wav
105,/content/drive/MyDrive/SeaAlert/data/audio_clean/wav/105.wav,/content/drive/MyDrive/SeaAlert/data/audio_noisy/low/105.wav,/content/drive/MyDrive/SeaAlert/data/audio_noisy/med/105.wav,/content/drive/MyDrive/SeaAlert/data/audio_noisy/high/105.wav
106,/content/drive/MyDrive/SeaAlert/data/audio_clean/wav/106.wav,/content/drive/MyDrive/SeaAlert/data/audio_noisy/low/106.wav,/content/drive/MyDrive/SeaAlert/data/audio_noisy/med/106.wav,/content/drive/MyDrive/SeaAlert/data/audio_noisy/high/106.wav
107,/content/drive/MyDrive/SeaAlert/data/audio_clean/wav/107.wav,/content/drive/MyDrive/SeaAlert/data/audio_noisy/low/107.wav,/content/drive/MyDrive/SeaAlert/data/audio_noisy/med/107.wav,/content/drive/MyDrive/SeaAlert/data/audio_noisy/high/107.wav
108,/content/drive/MyDrive/SeaAlert/data/audio_clean/wav/108.wav,/content/drive/MyDrive/SeaAlert/data/audio_noisy/low/108.wav,/content/drive/MyDrive/SeaAlert/data/audio_noisy/med/108.wav,/content/drive/MyDrive/SeaAlert/data/audio_noisy/high/108.wav
109,/content/drive/MyDrive/SeaAlert/data/audio_clean/wav/109.wav,/content/drive/MyDrive/SeaAlert/data/audio_noisy/low/109.wav,/content/drive/MyDrive/SeaAlert/data/audio_noisy/med/109.wav,/content/drive/MyDrive/SeaAlert/data/audio_noisy/high/109.wav
110,/content/drive/MyDrive/SeaAlert/data/audio_clean/wav/110.wav,/content/drive/MyDrive/SeaAlert/data/audio_noisy/low/110.wav,/content/drive/MyDrive/SeaAlert/data/audio_noisy/med/110.wav,/content/drive/MyDrive/SeaAlert/data/audio_noisy/high/110.wav
111,/content/drive/MyDrive/SeaAlert/data/audio_clean/wav/111.wav,/content/drive/MyDrive/SeaAlert/data/audio_noisy/low/111.wav,/content/drive/MyDrive/SeaAlert/data/audio_noisy/med/111.wav,/content/drive/MyDrive/SeaAlert/data/audio_noisy/high/111.wav
112,/content/drive/MyDrive/SeaAlert/data/audio_clean/wav/112.wav,/content/drive/MyDrive/SeaAlert/data/audio_noisy/low/112.wav,/content/drive/MyDrive/SeaAlert/data/audio_noisy/med/112.wav,/content/drive/MyDrive/SeaAlert/data/audio_noisy/high/112.wav
113,/content/drive/MyDrive/SeaAlert/data/audio_clean/wav/113.wav,/content/drive/MyDrive/SeaAlert/data/audio_noisy/low/113.wav,/content/drive/MyDrive/SeaAlert/data/audio_noisy/med/113.wav,/content/drive/MyDrive/SeaAlert/data/audio_noisy/high/113.wav
114,/content/drive/MyDrive/SeaAlert/data/audio_clean/wav/114.wav,/content/drive/MyDrive/SeaAlert/data/audio_noisy/low/114.wav,/content/drive/MyDrive/SeaAlert/data/audio_noisy/med/114.wav,/content/drive/MyDrive/SeaAlert/data/audio_noisy/high/114.wav
115,/content/drive/MyDrive/SeaAlert/data/audio_clean/wav/115.wav,/content/drive/MyDrive/SeaAlert/data/audio_noisy/low/115.wav,/content/drive/MyDrive/SeaAlert/data/audio_noisy/med/115.wav,/content/drive/MyDrive/SeaAlert/data/audio_noisy/high/115.wav
116,/content/drive/MyDrive/SeaAlert/data/audio_clean/wav/116.wav,/content/drive/MyDrive/SeaAlert/data/audio_noisy/low/116.wav,/content/drive/MyDrive/SeaAlert/data/audio_noisy/med/116.wav,/content/drive/MyDrive/SeaAlert/data/audio_noisy/high/116.wav
117,/content/drive/MyDrive/SeaAlert/data/audio_clean/wav/117.wav,/content/drive/MyDrive/SeaAlert/data/audio_noisy/low/117.wav,/content/drive/MyDrive/SeaAlert/data/audio_noisy/med/117.wav,/content/drive/MyDrive/SeaAlert/data/audio_noisy/high/117.wav
118,/content/drive/MyDrive/SeaAlert/data/audio_clean/wav/118.wav,/content/drive/MyDrive/SeaAlert/data/audio_noisy/low/118.wav,/content/drive/MyDrive/SeaAlert/data/audio_noisy/med/118.wav,/content/drive/MyDrive/SeaAlert/data/audio_noisy/high/118.wav
119,/content/drive/MyDrive/SeaAlert/data/audio_clean/wav/119.wav,/content/drive/MyDrive/SeaAlert/data/audio_noisy/low/119.wav,/content/drive/MyDrive/SeaAlert/data/audio_noisy/med/119.wav,/content/drive/MyDrive/SeaAlert/data/audio_noisy/high/119.wav
120,/content/drive/MyDrive/SeaAlert/data/audio_clean/wav/120.wav,/content/drive/MyDrive/SeaAlert/data/audio_noisy/low/120.wav,/content/drive/MyDrive/SeaAlert/data/audio_noisy/med/120.wav,/content/drive/MyDrive/SeaAlert/data/audio_noisy/high/120.wav
121,/content/drive/MyDrive/SeaAlert/data/audio_clean/wav/121.wav,/content/drive/MyDrive/SeaAlert/data/audio_noisy/low/121.wav,/content/drive/MyDrive/SeaAlert/data/audio_noisy/med/121.wav,/content/drive/MyDrive/SeaAlert/data/audio_noisy/high/121.wav
122,/content/drive/MyDrive/SeaAlert/data/audio_clean/wav/122.wav,/content/drive/MyDrive/SeaAlert/data/audio_noisy/low/122.wav,/content/drive/MyDrive/SeaAlert/data/audio_noisy/med/122.wav,/content/drive/MyDrive/SeaAlert/data/audio_noisy/high/122.wav
123,/content/drive/MyDrive/SeaAlert/data/audio_clean/wav/123.wav,/content/drive/MyDrive/SeaAlert/data/audio_noisy/low/123.wav,/content/drive/MyDrive/SeaAlert/data/audio_noisy/med/123.wav,/content/drive/MyDrive/SeaAlert/data/audio_noisy/high/123.wav
124,/content/drive/MyDrive/SeaAlert/data/audio_clean/wav/124.wav,/content/drive/MyDrive/SeaAlert/data/audio_noisy/low/124.wav,/content/drive/MyDrive/SeaAlert/data/audio_noisy/med/124.wav,/content/drive/MyDrive/SeaAlert/data/audio_noisy/high/124.wav
125,/content/drive/MyDrive/SeaAlert/data/audio_clean/wav/125.wav,/content/drive/MyDrive/SeaAlert/data/audio_noisy/low/125.wav,/content/drive/MyDrive/SeaAlert/data/audio_noisy/med/125.wav,/content/drive/MyDrive/SeaAlert/data/audio_noisy/high/125.wav
126,/content/drive/MyDrive/SeaAlert/data/audio_clean/wav/126.wav,/content/drive/MyDrive/SeaAlert/data/audio_noisy/low/126.wav,/content/drive/MyDrive/SeaAlert/data/audio_noisy/med/126.wav,/content/drive/MyDrive/SeaAlert/data/audio_noisy/high/126.wav
127,/content/drive/MyDrive/SeaAlert/data/audio_clean/wav/127.wav,/content/drive/MyDrive/SeaAlert/data/audio_noisy/low/127.wav,/content/drive/MyDrive/SeaAlert/data/audio_noisy/med/127.wav,/content/drive/MyDrive/SeaAlert/data/audio_noisy/high/127.wav
128,/content/drive/MyDrive/SeaAlert/data/audio_clean/wav/128.wav,/content/drive/MyDrive/SeaAlert/data/audio_noisy/low/128.wav,/content/drive/MyDrive/SeaAlert/data/audio_noisy/med/128.wav,/content/drive/MyDrive/SeaAlert/data/audio_noisy/high/128.wav
129,/content/drive/MyDrive/SeaAlert/data/audio_clean/wav/129.wav,/content/drive/MyDrive/SeaAlert/data/audio_noisy/low/129.wav,/content/drive/MyDrive/SeaAlert/data/audio_noisy/med/129.wav,/content/drive/MyDrive/SeaAlert/data/audio_noisy/high/129.wav
130,/content/drive/MyDrive/SeaAlert/data/audio_clean/wav/130.wav,/content/drive/MyDrive/SeaAlert/data/audio_noisy/low/130.wav,/content/drive/MyDrive/SeaAlert/data/audio_noisy/med/130.wav,/content/drive/MyDrive/SeaAlert/data/audio_noisy/high/130.wav
131,/content/drive/MyDrive/SeaAlert/data/audio_clean/wav/131.wav,/content/drive/MyDrive/SeaAlert/data/audio_noisy/low/131.wav,/content/drive/MyDrive/SeaAlert/data/audio_noisy/med/131.wav,/content/drive/MyDrive/SeaAlert/data/audio_noisy/high/131.wav
132,/content/drive/MyDrive/SeaAlert/data/audio_clean/wav/132.wav,/content/drive/MyDrive/SeaAlert/data/audio_noisy/low/132.wav,/content/drive/MyDrive/SeaAlert/data/audio_noisy/med/132.wav,/content/drive/MyDrive/SeaAlert/data/audio_noisy/high/132.wav
133,/content/drive/MyDrive/SeaAlert/data/audio_clean/wav/133.wav,/content/drive/MyDrive/SeaAlert/data/audio_noisy/low/133.wav,/content/drive/MyDrive/SeaAlert/data/audio_noisy/med/133.wav,/content/drive/MyDrive/SeaAlert/data/audio_noisy/high/133.wav
134,/content/drive/MyDrive/SeaAlert/data/audio_clean/wav/134.wav,/content/drive/MyDrive/SeaAlert/data/audio_noisy/low/134.wav,/content/drive/MyDrive/SeaAlert/data/audio_noisy/med/134.wav,/content/drive/MyDrive/SeaAlert/data/audio_noisy/high/134.wav
135,/content/drive/MyDrive/SeaAlert/data/audio_clean/wav/135.wav,/content/drive/MyDrive/SeaAlert/data/audio_noisy/low/135.wav,/content/drive/MyDrive/SeaAlert/data/audio_noisy/med/135.wav,/content/drive/MyDrive/SeaAlert/data/audio_noisy/high/135.wav
136,/content/drive/MyDrive/SeaAlert/data/audio_clean/wav/136.wav,/content/drive/MyDrive/SeaAlert/data/audio_noisy/low/136.wav,/content/drive/MyDrive/SeaAlert/data/audio_noisy/med/136.wav,/content/drive/MyDrive/SeaAlert/data/audio_noisy/high/136.wav
137,/content/drive/MyDrive/SeaAlert/data/audio_clean/wav/137.wav,/content/drive/MyDrive/SeaAlert/data/audio_noisy/low/137.wav,/content/drive/MyDrive/SeaAlert/data/audio_noisy/med/137.wav,/content/drive/MyDrive/SeaAlert/data/audio_noisy/high/137.wav
138,/content/drive/MyDrive/SeaAlert/data/audio_clean/wav/138.wav,/content/drive/MyDrive/SeaAlert/data/audio_noisy/low/138.wav,/content/drive/MyDrive/SeaAlert/data/audio_noisy/med/138.wav,/content/drive/MyDrive/SeaAlert/data/audio_noisy/high/138.wav
139,/content/drive/MyDrive/SeaAlert/data/audio_clean/wav/139.wav,/content/drive/MyDrive/SeaAlert/data/audio_noisy/low/139.wav,/content/drive/MyDrive/SeaAlert/data/audio_noisy/med/139.wav,/content/drive/MyDrive/SeaAlert/data/audio_noisy/high/139.wav
140,/content/drive/MyDrive/SeaAlert/data/audio_clean/wav/140.wav,/content/drive/MyDrive/SeaAlert/data/audio_noisy/low/140.wav,/content/drive/MyDrive/SeaAlert/data/audio_noisy/med/140.wav,/content/drive/MyDrive/SeaAlert/data/audio_noisy/high/140.wav
141,/content/drive/MyDrive/SeaAlert/data/audio_clean/wav/141.wav,/content/drive/MyDrive/SeaAlert/data/audio_noisy/low/141.wav,/content/drive/MyDrive/SeaAlert/data/audio_noisy/med/141.wav,/content/drive/MyDrive/SeaAlert/data/audio_noisy/high/141.wav
142,/content/drive/MyDrive/SeaAlert/data/audio_clean/wav/142.wav,/content/drive/MyDrive/SeaAlert/data/audio_noisy/low/142.wav,/content/drive/MyDrive/SeaAlert/data/audio_noisy/med/142.wav,/content/drive/MyDrive/SeaAlert/data/audio_noisy/high/142.wav
143,/content/drive/MyDrive/SeaAlert/data/audio_clean/wav/143.wav,/content/drive/MyDrive/SeaAlert/data/audio_noisy/low/143.wav,/content/drive/MyDrive/SeaAlert/data/audio_noisy/med/143.wav,/content/drive/MyDrive/SeaAlert/data/audio_noisy/high/143.wav
144,/content/drive/MyDrive/SeaAlert/data/audio_clean/wav/144.wav,/content/drive/MyDrive/SeaAlert/data/audio_noisy/low/144.wav,/content/drive/MyDrive/SeaAlert/data/audio_noisy/med/144.wav,/content/drive/MyDrive/SeaAlert/data/audio_noisy/high/144.wav
145,/content/drive/MyDrive/SeaAlert/data/audio_clean/wav/145.wav,/content/drive/MyDrive/SeaAlert/data/audio_noisy/low/145.wav,/content/drive/MyDrive/SeaAlert/data/audio_noisy/med/145.wav,/content/drive/MyDrive/SeaAlert/data/audio_noisy/high/145.wav
146,/content/drive/MyDrive/SeaAlert/data/audio_clean/wav/146.wav,/content/drive/MyDrive/SeaAlert/data/audio_noisy/low/146.wav,/content/drive/MyDrive/SeaAlert/data/audio_noisy/med/146.wav,/content/drive/MyDrive/SeaAlert/data/audio_noisy/high/146.wav
147,/content/drive/MyDrive/SeaAlert/data/audio_clean/wav/147.wav,/content/drive/MyDrive/SeaAlert/data/audio_noisy/low/147.wav,/content/drive/MyDrive/SeaAlert/data/audio_noisy/med/147.wav,/content/drive/MyDrive/SeaAlert/data/audio_noisy/high/147.wav
148,/content/drive/MyDrive/SeaAlert/data/audio_clean/wav/148.wav,/content/drive/MyDrive/SeaAlert/data/audio_noisy/low/148.wav,/content/drive/MyDrive/SeaAlert/data/audio_noisy/med/148.wav,/content/drive/MyDrive/SeaAlert/data/audio_noisy/high/148.wav
149,/content/drive/MyDrive/SeaAlert/data/audio_clean/wav/149.wav,/content/drive/MyDrive/SeaAlert/data/audio_noisy/low/149.wav,/content/drive/MyDrive/SeaAlert/data/audio_noisy/med/149.wav,/content/drive/MyDrive/SeaAlert/data/audio_noisy/high/149.wav
150,/content/drive/MyDrive/SeaAlert/data/audio_clean/wav/150.wav,/content/drive/MyDrive/SeaAlert/data/audio_noisy/low/150.wav,/content/drive/MyDrive/SeaAlert/data/audio_noisy/med/150.wav,/content/drive/MyDrive/SeaAlert/data/audio_noisy/high/150.wav
151,/content/drive/MyDrive/SeaAlert/data/audio_clean/wav/151.wav,/content/drive/MyDrive/SeaAlert/data/audio_noisy/low/151.wav,/content/drive/MyDrive/SeaAlert/data/audio_noisy/med/151.wav,/content/drive/MyDrive/SeaAlert/data/audio_noisy/high/151.wav
152,/content/drive/MyDrive/SeaAlert/data/audio_clean/wav/152.wav,/content/drive/MyDrive/SeaAlert/data/audio_noisy/low/152.wav,/content/drive/MyDrive/SeaAlert/data/audio_noisy/med/152.wav,/content/drive/MyDrive/SeaAlert/data/audio_noisy/high/152.wav
153,/content/drive/MyDrive/SeaAlert/data/audio_clean/wav/153.wav,/content/drive/MyDrive/SeaAlert/data/audio_noisy/low/153.wav,/content/drive/MyDrive/SeaAlert/data/audio_noisy/med/153.wav,/content/drive/MyDrive/SeaAlert/data/audio_noisy/high/153.wav
154,/content/drive/MyDrive/SeaAlert/data/audio_clean/wav/154.wav,/content/drive/MyDrive/SeaAlert/data/audio_noisy/low/154.wav,/content/drive/MyDrive/SeaAlert/data/audio_noisy/med/154.wav,/content/drive/MyDrive/SeaAlert/data/audio_noisy/high/154.wav
155,/content/drive/MyDrive/SeaAlert/data/audio_clean/wav/155.wav,/content/drive/MyDrive/SeaAlert/data/audio_noisy/low/155.wav,/content/drive/MyDrive/SeaAlert/data/audio_noisy/med/155.wav,/content/drive/MyDrive/SeaAlert/data/audio_noisy/high/155.wav
156,/content/drive/MyDrive/SeaAlert/data/audio_clean/wav/156.wav,/content/drive/MyDrive/SeaAlert/data/audio_noisy/low/156.wav,/content/drive/MyDrive/SeaAlert/data/audio_noisy/med/156.wav,/content/drive/MyDrive/SeaAlert/data/audio_noisy/high/156.wav
157,/content/drive/MyDrive/SeaAlert/data/audio_clean/wav/157.wav,/content/drive/MyDrive/SeaAlert/data/audio_noisy/low/157.wav,/content/drive/MyDrive/SeaAlert/data/audio_noisy/med/157.wav,/content/drive/MyDrive/SeaAlert/data/audio_noisy/high/157.wav
158,/content/drive/MyDrive/SeaAlert/data/audio_clean/wav/158.wav,/content/drive/MyDrive/SeaAlert/data/audio_noisy/low/158.wav,/content/drive/MyDrive/SeaAlert/data/audio_noisy/med/158.wav,/content/drive/MyDrive/SeaAlert/data/audio_noisy/high/158.wav
159,/content/drive/MyDrive/SeaAlert/data/audio_clean/wav/159.wav,/content/drive/MyDrive/SeaAlert/data/audio_noisy/low/159.wav,/content/drive/MyDrive/SeaAlert/data/audio_noisy/med/159.wav,/content/drive/MyDrive/SeaAlert/data/audio_noisy/high/159.wav
160,/content/drive/MyDrive/SeaAlert/data/audio_clean/wav/160.wav,/content/drive/MyDrive/SeaAlert/data/audio_noisy/low/160.wav,/content/drive/MyDrive/SeaAlert/data/audio_noisy/med/160.wav,/content/drive/MyDrive/SeaAlert/data/audio_noisy/high/160.wav
161,/content/drive/MyDrive/SeaAlert/data/audio_clean/wav/161.wav,/content/drive/MyDrive/SeaAlert/data/audio_noisy/low/161.wav,/content/drive/MyDrive/SeaAlert/data/audio_noisy/med/161.wav,/content/drive/MyDrive/SeaAlert/data/audio_noisy/high/161.wav
162,/content/drive/MyDrive/SeaAlert/data/audio_clean/wav/162.wav,/content/drive/MyDrive/SeaAlert/data/audio_noisy/low/162.wav,/content/drive/MyDrive/SeaAlert/data/audio_noisy/med/162.wav,/content/drive/MyDrive/SeaAlert/data/audio_noisy/high/162.wav
163,/content/drive/MyDrive/SeaAlert/data/audio_clean/wav/163.wav,/content/drive/MyDrive/SeaAlert/data/audio_noisy/low/163.wav,/content/drive/MyDrive/SeaAlert/data/audio_noisy/med/163.wav,/content/drive/MyDrive/SeaAlert/data/audio_noisy/high/163.wav
164,/content/drive/MyDrive/SeaAlert/data/audio_clean/wav/164.wav,/content/drive/MyDrive/SeaAlert/data/audio_noisy/low/164.wav,/content/drive/MyDrive/SeaAlert/data/audio_noisy/med/164.wav,/content/drive/MyDrive/SeaAlert/data/audio_noisy/high/164.wav
165,/content/drive/MyDrive/SeaAlert/data/audio_clean/wav/165.wav,/content/drive/MyDrive/SeaAlert/data/audio_noisy/low/165.wav,/content/drive/MyDrive/SeaAlert/data/audio_noisy/med/165.wav,/content/drive/MyDrive/SeaAlert/data/audio_noisy/high/165.wav
166,/content/drive/MyDrive/SeaAlert/data/audio_clean/wav/166.wav,/content/drive/MyDrive/SeaAlert/data/audio_noisy/low/166.wav,/content/drive/MyDrive/SeaAlert/data/audio_noisy/med/166.wav,/content/drive/MyDrive/SeaAlert/data/audio_noisy/high/166.wav
167,/content/drive/MyDrive/SeaAlert/data/audio_clean/wav/167.wav,/content/drive/MyDrive/SeaAlert/data/audio_noisy/low/167.wav,/content/drive/MyDrive/SeaAlert/data/audio_noisy/med/167.wav,/content/drive/MyDrive/SeaAlert/data/audio_noisy/high/167.wav
168,/content/drive/MyDrive/SeaAlert/data/audio_clean/wav/168.wav,/content/drive/MyDrive/SeaAlert/data/audio_noisy/low/168.wav,/content/drive/MyDrive/SeaAlert/data/audio_noisy/med/168.wav,/content/drive/MyDrive/SeaAlert/data/audio_noisy/high/168.wav
169,/content/drive/MyDrive/SeaAlert/data/audio_clean/wav/169.wav,/content/drive/MyDrive/SeaAlert/data/audio_noisy/low/169.wav,/content/drive/MyDrive/SeaAlert/data/audio_noisy/med/169.wav,/content/drive/MyDrive/SeaAlert/data/audio_noisy/high/169.wav
170,/content/drive/MyDrive/SeaAlert/data/audio_clean/wav/170.wav,/content/drive/MyDrive/SeaAlert/data/audio_noisy/low/170.wav,/content/drive/MyDrive/SeaAlert/data/audio_noisy/med/170.wav,/content/drive/MyDrive/SeaAlert/data/audio_noisy/high/170.wav
171,/content/drive/MyDrive/SeaAlert/data/audio_clean/wav/171.wav,/content/drive/MyDrive/SeaAlert/data/audio_noisy/low/171.wav,/content/drive/MyDrive/SeaAlert/data/audio_noisy/med/171.wav,/content/drive/MyDrive/SeaAlert/data/audio_noisy/high/171.wav
172,/content/drive/MyDrive/SeaAlert/data/audio_clean/wav/172.wav,/content/drive/MyDrive/SeaAlert/data/audio_noisy/low/172.wav,/content/drive/MyDrive/SeaAlert/data/audio_noisy/med/172.wav,/content/drive/MyDrive/SeaAlert/data/audio_noisy/high/172.wav
173,/content/drive/MyDrive/SeaAlert/data/audio_clean/wav/173.wav,/content/drive/MyDrive/SeaAlert/data/audio_noisy/low/173.wav,/content/drive/MyDrive/SeaAlert/data/audio_noisy/med/173.wav,/content/drive/MyDrive/SeaAlert/data/audio_noisy/high/173.wav
174,/content/drive/MyDrive/SeaAlert/data/audio_clean/wav/174.wav,/content/drive/MyDrive/SeaAlert/data/audio_noisy/low/174.wav,/content/drive/MyDrive/SeaAlert/data/audio_noisy/med/174.wav,/content/drive/MyDrive/SeaAlert/data/audio_noisy/high/174.wav
175,/content/drive/MyDrive/SeaAlert/data/audio_clean/wav/175.wav,/content/drive/MyDrive/SeaAlert/data/audio_noisy/low/175.wav,/content/drive/MyDrive/SeaAlert/data/audio_noisy/med/175.wav,/content/drive/MyDrive/SeaAlert/data/audio_noisy/high/175.wav
176,/content/drive/MyDrive/SeaAlert/data/audio_clean/wav/176.wav,/content/drive/MyDrive/SeaAlert/data/audio_noisy/low/176.wav,/content/drive/MyDrive/SeaAlert/data/audio_noisy/med/176.wav,/content/drive/MyDrive/SeaAlert/data/audio_noisy/high/176.wav
177,/content/drive/MyDrive/SeaAlert/data/audio_clean/wav/177.wav,/content/drive/MyDrive/SeaAlert/data/audio_noisy/low/177.wav,/content/drive/MyDrive/SeaAlert/data/audio_noisy/med/177.wav,/content/drive/MyDrive/SeaAlert/data/audio_noisy/high/177.wav
178,/content/drive/MyDrive/SeaAlert/data/audio_clean/wav/178.wav,/content/drive/MyDrive/SeaAlert/data/audio_noisy/low/178.wav,/content/drive/MyDrive/SeaAlert/data/audio_noisy/med/178.wav,/content/drive/MyDrive/SeaAlert/data/audio_noisy/high/178.wav
179,/content/drive/MyDrive/SeaAlert/data/audio_clean/wav/179.wav,/content/drive/MyDrive/SeaAlert/data/audio_noisy/low/179.wav,/content/drive/MyDrive/SeaAlert/data/audio_noisy/med/179.wav,/content/drive/MyDrive/SeaAlert/data/audio_noisy/high/179.wav
180,/content/drive/MyDrive/SeaAlert/data/audio_clean/wav/180.wav,/content/drive/MyDrive/SeaAlert/data/audio_noisy/low/180.wav,/content/drive/MyDrive/SeaAlert/data/audio_noisy/med/180.wav,/content/drive/MyDrive/SeaAlert/data/audio_noisy/high/180.wav
181,/content/drive/MyDrive/SeaAlert/data/audio_clean/wav/181.wav,/content/drive/MyDrive/SeaAlert/data/audio_noisy/low/181.wav,/content/drive/MyDrive/SeaAlert/data/audio_noisy/med/181.wav,/content/drive/MyDrive/SeaAlert/data/audio_noisy/high/181.wav
182,/content/drive/MyDrive/SeaAlert/data/audio_clean/wav/182.wav,/content/drive/MyDrive/SeaAlert/data/audio_noisy/low/182.wav,/content/drive/MyDrive/SeaAlert/data/audio_noisy/med/182.wav,/content/drive/MyDrive/SeaAlert/data/audio_noisy/high/182.wav
183,/content/drive/MyDrive/SeaAlert/data/audio_clean/wav/183.wav,/content/drive/MyDrive/SeaAlert/data/audio_noisy/low/183.wav,/content/drive/MyDrive/SeaAlert/data/audio_noisy/med/183.wav,/content/drive/MyDrive/SeaAlert/data/audio_noisy/high/183.wav
184,/content/drive/MyDrive/SeaAlert/data/audio_clean/wav/184.wav,/content/drive/MyDrive/SeaAlert/data/audio_noisy/low/184.wav,/content/drive/MyDrive/SeaAlert/data/audio_noisy/med/184.wav,/content/drive/MyDrive/SeaAlert/data/audio_noisy/high/184.wav
185,/content/drive/MyDrive/SeaAlert/data/audio_clean/wav/185.wav,/content/drive/MyDrive/SeaAlert/data/audio_noisy/low/185.wav,/content/drive/MyDrive/SeaAlert/data/audio_noisy/med/185.wav,/content/drive/MyDrive/SeaAlert/data/audio_noisy/high/185.wav
186,/content/drive/MyDrive/SeaAlert/data/audio_clean/wav/186.wav,/content/drive/MyDrive/SeaAlert/data/audio_noisy/low/186.wav,/content/drive/MyDrive/SeaAlert/data/audio_noisy/med/186.wav,/content/drive/MyDrive/SeaAlert/data/audio_noisy/high/186.wav
187,/content/drive/MyDrive/SeaAlert/data/audio_clean/wav/187.wav,/content/drive/MyDrive/SeaAlert/data/audio_noisy/low/187.wav,/content/drive/MyDrive/SeaAlert/data/audio_noisy/med/187.wav,/content/drive/MyDrive/SeaAlert/data/audio_noisy/high/187.wav
188,/content/drive/MyDrive/SeaAlert/data/audio_clean/wav/188.wav,/content/drive/MyDrive/SeaAlert/data/audio_noisy/low/188.wav,/content/drive/MyDrive/SeaAlert/data/audio_noisy/med/188.wav,/content/drive/MyDrive/SeaAlert/data/audio_noisy/high/188.wav
189,/content/drive/MyDrive/SeaAlert/data/audio_clean/wav/189.wav,/content/drive/MyDrive/SeaAlert/data/audio_noisy/low/189.wav,/content/drive/MyDrive/SeaAlert/data/audio_noisy/med/189.wav,/content/drive/MyDrive/SeaAlert/data/audio_noisy/high/189.wav
190,/content/drive/MyDrive/SeaAlert/data/audio_clean/wav/190.wav,/content/drive/MyDrive/SeaAlert/data/audio_noisy/low/190.wav,/content/drive/MyDrive/SeaAlert/data/audio_noisy/med/190.wav,/content/drive/MyDrive/SeaAlert/data/audio_noisy/high/190.wav
191,/content/drive/MyDrive/SeaAlert/data/audio_clean/wav/191.wav,/content/drive/MyDrive/SeaAlert/data/audio_noisy/low/191.wav,/content/drive/MyDrive/SeaAlert/data/audio_noisy/med/191.wav,/content/drive/MyDrive/SeaAlert/data/audio_noisy/high/191.wav
192,/content/drive/MyDrive/SeaAlert/data/audio_clean/wav/192.wav,/content/drive/MyDrive/SeaAlert/data/audio_noisy/low/192.wav,/content/drive/MyDrive/SeaAlert/data/audio_noisy/med/192.wav,/content/drive/MyDrive/SeaAlert/data/audio_noisy/high/192.wav
193,/content/drive/MyDrive/SeaAlert/data/audio_clean/wav/193.wav,/content/drive/MyDrive/SeaAlert/data/audio_noisy/low/193.wav,/content/drive/MyDrive/SeaAlert/data/audio_noisy/med/193.wav,/content/drive/MyDrive/SeaAlert/data/audio_noisy/high/193.wav
194,/content/drive/MyDrive/SeaAlert/data/audio_clean/wav/194.wav,/content/drive/MyDrive/SeaAlert/data/audio_noisy/low/194.wav,/content/drive/MyDrive/SeaAlert/data/audio_noisy/med/194.wav,/content/drive/MyDrive/SeaAlert/data/audio_noisy/high/194.wav
195,/content/drive/MyDrive/SeaAlert/data/audio_clean/wav/195.wav,/content/drive/MyDrive/SeaAlert/data/audio_noisy/low/195.wav,/content/drive/MyDrive/SeaAlert/data/audio_noisy/med/195.wav,/content/drive/MyDrive/SeaAlert/data/audio_noisy/high/195.wav
196,/content/drive/MyDrive/SeaAlert/data/audio_clean/wav/196.wav,/content/drive/MyDrive/SeaAlert/data/audio_noisy/low/196.wav,/content/drive/MyDrive/SeaAlert/data/audio_noisy/med/196.wav,/content/drive/MyDrive/SeaAlert/data/audio_noisy/high/196.wav
197,/content/drive/MyDrive/SeaAlert/data/audio_clean/wav/197.wav,/content/drive/MyDrive/SeaAlert/data/audio_noisy/low/197.wav,/content/drive/MyDrive/SeaAlert/data/audio_noisy/med/197.wav,/content/drive/MyDrive/SeaAlert/data/audio_noisy/high/197.wav
198,/content/drive/MyDrive/SeaAlert/data/audio_clean/wav/198.wav,/content/drive/MyDrive/SeaAlert/data/audio_noisy/low/198.wav,/content/drive/MyDrive/SeaAlert/data/audio_noisy/med/198.wav,/content/drive/MyDrive/SeaAlert/data/audio_noisy/high/198.wav
199,/content/drive/MyDrive/SeaAlert/data/audio_clean/wav/199.wav,/content/drive/MyDrive/SeaAlert/data/audio_noisy/low/199.wav,/content/drive/MyDrive/SeaAlert/data/audio_noisy/med/199.wav,/content/drive/MyDrive/SeaAlert/data/audio_noisy/high/199.wav
200,/content/drive/MyDrive/SeaAlert/data/audio_clean/wav/200.wav,/content/drive/MyDrive/SeaAlert/data/audio_noisy/low/200.wav,/content/drive/MyDrive/SeaAlert/data/audio_noisy/med/200.wav,/content/drive/MyDrive/SeaAlert/data/audio_noisy/high/200.wav
201,/content/drive/MyDrive/SeaAlert/data/audio_clean/wav/201.wav,/content/drive/MyDrive/SeaAlert/data/audio_noisy/low/201.wav,/content/drive/MyDrive/SeaAlert/data/audio_noisy/med/201.wav,/content/drive/MyDrive/SeaAlert/data/audio_noisy/high/201.wav
202,/content/drive/MyDrive/SeaAlert/data/audio_clean/wav/202.wav,/content/drive/MyDrive/SeaAlert/data/audio_noisy/low/202.wav,/content/drive/MyDrive/SeaAlert/data/audio_noisy/med/202.wav,/content/drive/MyDrive/SeaAlert/data/audio_noisy/high/202.wav
203,/content/drive/MyDrive/SeaAlert/data/audio_clean/wav/203.wav,/content/drive/MyDrive/SeaAlert/data/audio_noisy/low/203.wav,/content/drive/MyDrive/SeaAlert/data/audio_noisy/med/203.wav,/content/drive/MyDrive/SeaAlert/data/audio_noisy/high/203.wav
204,/content/drive/MyDrive/SeaAlert/data/audio_clean/wav/204.wav,/content/drive/MyDrive/SeaAlert/data/audio_noisy/low/204.wav,/content/drive/MyDrive/SeaAlert/data/audio_noisy/med/204.wav,/content/drive/MyDrive/SeaAlert/data/audio_noisy/high/204.wav
205,/content/drive/MyDrive/SeaAlert/data/audio_clean/wav/205.wav,/content/drive/MyDrive/SeaAlert/data/audio_noisy/low/205.wav,/content/drive/MyDrive/SeaAlert/data/audio_noisy/med/205.wav,/content/drive/MyDrive/SeaAlert/data/audio_noisy/high/205.wav
206,/content/drive/MyDrive/SeaAlert/data/audio_clean/wav/206.wav,/content/drive/MyDrive/SeaAlert/data/audio_noisy/low/206.wav,/content/drive/MyDrive/SeaAlert/data/audio_noisy/med/206.wav,/content/drive/MyDrive/SeaAlert/data/audio_noisy/high/206.wav
207,/content/drive/MyDrive/SeaAlert/data/audio_clean/wav/207.wav,/content/drive/MyDrive/SeaAlert/data/audio_noisy/low/207.wav,/content/drive/MyDrive/SeaAlert/data/audio_noisy/med/207.wav,/content/drive/MyDrive/SeaAlert/data/audio_noisy/high/207.wav
208,/content/drive/MyDrive/SeaAlert/data/audio_clean/wav/208.wav,/content/drive/MyDrive/SeaAlert/data/audio_noisy/low/208.wav,/content/drive/MyDrive/SeaAlert/data/audio_noisy/med/208.wav,/content/drive/MyDrive/SeaAlert/data/audio_noisy/high/208.wav
209,/content/drive/MyDrive/SeaAlert/data/audio_clean/wav/209.wav,/content/drive/MyDrive/SeaAlert/data/audio_noisy/low/209.wav,/content/drive/MyDrive/SeaAlert/data/audio_noisy/med/209.wav,/content/drive/MyDrive/SeaAlert/data/audio_noisy/high/209.wav
210,/content/drive/MyDrive/SeaAlert/data/audio_clean/wav/210.wav,/content/drive/MyDrive/SeaAlert/data/audio_noisy/low/210.wav,/content/drive/MyDrive/SeaAlert/data/audio_noisy/med/210.wav,/content/drive/MyDrive/SeaAlert/data/audio_noisy/high/210.wav
211,/content/drive/MyDrive/SeaAlert/data/audio_clean/wav/211.wav,/content/drive/MyDrive/SeaAlert/data/audio_noisy/low/211.wav,/content/drive/MyDrive/SeaAlert/data/audio_noisy/med/211.wav,/content/drive/MyDrive/SeaAlert/data/audio_noisy/high/211.wav
212,/content/drive/MyDrive/SeaAlert/data/audio_clean/wav/212.wav,/content/drive/MyDrive/SeaAlert/data/audio_noisy/low/212.wav,/content/drive/MyDrive/SeaAlert/data/audio_noisy/med/212.wav,/content/drive/MyDrive/SeaAlert/data/audio_noisy/high/212.wav
213,/content/drive/MyDrive/SeaAlert/data/audio_clean/wav/213.wav,/content/drive/MyDrive/SeaAlert/data/audio_noisy/low/213.wav,/content/drive/MyDrive/SeaAlert/data/audio_noisy/med/213.wav,/content/drive/MyDrive/SeaAlert/data/audio_noisy/high/213.wav
214,/content/drive/MyDrive/SeaAlert/data/audio_clean/wav/214.wav,/content/drive/MyDrive/SeaAlert/data/audio_noisy/low/214.wav,/content/drive/MyDrive/SeaAlert/data/audio_noisy/med/214.wav,/content/drive/MyDrive/SeaAlert/data/audio_noisy/high/214.wav
215,/content/drive/MyDrive/SeaAlert/data/audio_clean/wav/215.wav,/content/drive/MyDrive/SeaAlert/data/audio_noisy/low/215.wav,/content/drive/MyDrive/SeaAlert/data/audio_noisy/med/215.wav,/content/drive/MyDrive/SeaAlert/data/audio_noisy/high/215.wav
216,/content/drive/MyDrive/SeaAlert/data/audio_clean/wav/216.wav,/content/drive/MyDrive/SeaAlert/data/audio_noisy/low/216.wav,/content/drive/MyDrive/SeaAlert/data/audio_noisy/med/216.wav,/content/drive/MyDrive/SeaAlert/data/audio_noisy/high/216.wav
217,/content/drive/MyDrive/SeaAlert/data/audio_clean/wav/217.wav,/content/drive/MyDrive/SeaAlert/data/audio_noisy/low/217.wav,/content/drive/MyDrive/SeaAlert/data/audio_noisy/med/217.wav,/content/drive/MyDrive/SeaAlert/data/audio_noisy/high/217.wav
218,/content/drive/MyDrive/SeaAlert/data/audio_clean/wav/218.wav,/content/drive/MyDrive/SeaAlert/data/audio_noisy/low/218.wav,/content/drive/MyDrive/SeaAlert/data/audio_noisy/med/218.wav,/content/drive/MyDrive/SeaAlert/data/audio_noisy/high/218.wav
219,/content/drive/MyDrive/SeaAlert/data/audio_clean/wav/219.wav,/content/drive/MyDrive/SeaAlert/data/audio_noisy/low/219.wav,/content/drive/MyDrive/SeaAlert/data/audio_noisy/med/219.wav,/content/drive/MyDrive/SeaAlert/data/audio_noisy/high/219.wav
220,/content/drive/MyDrive/SeaAlert/data/audio_clean/wav/220.wav,/content/drive/MyDrive/SeaAlert/data/audio_noisy/low/220.wav,/content/drive/MyDrive/SeaAlert/data/audio_noisy/med/220.wav,/content/drive/MyDrive/SeaAlert/data/audio_noisy/high/220.wav
221,/content/drive/MyDrive/SeaAlert/data/audio_clean/wav/221.wav,/content/drive/MyDrive/SeaAlert/data/audio_noisy/low/221.wav,/content/drive/MyDrive/SeaAlert/data/audio_noisy/med/221.wav,/content/drive/MyDrive/SeaAlert/data/audio_noisy/high/221.wav
222,/content/drive/MyDrive/SeaAlert/data/audio_clean/wav/222.wav,/content/drive/MyDrive/SeaAlert/data/audio_noisy/low/222.wav,/content/drive/MyDrive/SeaAlert/data/audio_noisy/med/222.wav,/content/drive/MyDrive/SeaAlert/data/audio_noisy/high/222.wav
223,/content/drive/MyDrive/SeaAlert/data/audio_clean/wav/223.wav,/content/drive/MyDrive/SeaAlert/data/audio_noisy/low/223.wav,/content/drive/MyDrive/SeaAlert/data/audio_noisy/med/223.wav,/content/drive/MyDrive/SeaAlert/data/audio_noisy/high/223.wav
224,/content/drive/MyDrive/SeaAlert/data/audio_clean/wav/224.wav,/content/drive/MyDrive/SeaAlert/data/audio_noisy/low/224.wav,/content/drive/MyDrive/SeaAlert/data/audio_noisy/med/224.wav,/content/drive/MyDrive/SeaAlert/data/audio_noisy/high/224.wav
225,/content/drive/MyDrive/SeaAlert/data/audio_clean/wav/225.wav,/content/drive/MyDrive/SeaAlert/data/audio_noisy/low/225.wav,/content/drive/MyDrive/SeaAlert/data/audio_noisy/med/225.wav,/content/drive/MyDrive/SeaAlert/data/audio_noisy/high/225.wav
226,/content/drive/MyDrive/SeaAlert/data/audio_clean/wav/226.wav,/content/drive/MyDrive/SeaAlert/data/audio_noisy/low/226.wav,/content/drive/MyDrive/SeaAlert/data/audio_noisy/med/226.wav,/content/drive/MyDrive/SeaAlert/data/audio_noisy/high/226.wav
227,/content/drive/MyDrive/SeaAlert/data/audio_clean/wav/227.wav,/content/drive/MyDrive/SeaAlert/data/audio_noisy/low/227.wav,/content/drive/MyDrive/SeaAlert/data/audio_noisy/med/227.wav,/content/drive/MyDrive/SeaAlert/data/audio_noisy/high/227.wav
228,/content/drive/MyDrive/SeaAlert/data/audio_clean/wav/228.wav,/content/drive/MyDrive/SeaAlert/data/audio_noisy/low/228.wav,/content/drive/MyDrive/SeaAlert/data/audio_noisy/med/228.wav,/content/drive/MyDrive/SeaAlert/data/audio_noisy/high/228.wav
229,/content/drive/MyDrive/SeaAlert/data/audio_clean/wav/229.wav,/content/drive/MyDrive/SeaAlert/data/audio_noisy/low/229.wav,/content/drive/MyDrive/SeaAlert/data/audio_noisy/med/229.wav,/content/drive/MyDrive/SeaAlert/data/audio_noisy/high/229.wav
230,/content/drive/MyDrive/SeaAlert/data/audio_clean/wav/230.wav,/content/drive/MyDrive/SeaAlert/data/audio_noisy/low/230.wav,/content/drive/MyDrive/SeaAlert/data/audio_noisy/med/230.wav,/content/drive/MyDrive/SeaAlert/data/audio_noisy/high/230.wav
231,/content/drive/MyDrive/SeaAlert/data/audio_clean/wav/231.wav,/content/drive/MyDrive/SeaAlert/data/audio_noisy/low/231.wav,/content/drive/MyDrive/SeaAlert/data/audio_noisy/med/231.wav,/content/drive/MyDrive/SeaAlert/data/audio_noisy/high/231.wav
232,/content/drive/MyDrive/SeaAlert/data/audio_clean/wav/232.wav,/content/drive/MyDrive/SeaAlert/data/audio_noisy/low/232.wav,/content/drive/MyDrive/SeaAlert/data/audio_noisy/med/232.wav,/content/drive/MyDrive/SeaAlert/data/audio_noisy/high/232.wav
233,/content/drive/MyDrive/SeaAlert/data/audio_clean/wav/233.wav,/content/drive/MyDrive/SeaAlert/data/audio_noisy/low/233.wav,/content/drive/MyDrive/SeaAlert/data/audio_noisy/med/233.wav,/content/drive/MyDrive/SeaAlert/data/audio_noisy/high/233.wav
234,/content/drive/MyDrive/SeaAlert/data/audio_clean/wav/234.wav,/content/drive/MyDrive/SeaAlert/data/audio_noisy/low/234.wav,/content/drive/MyDrive/SeaAlert/data/audio_noisy/med/234.wav,/content/drive/MyDrive/SeaAlert/data/audio_noisy/high/234.wav
235,/content/drive/MyDrive/SeaAlert/data/audio_clean/wav/235.wav,/content/drive/MyDrive/SeaAlert/data/audio_noisy/low/235.wav,/content/drive/MyDrive/SeaAlert/data/audio_noisy/med/235.wav,/content/drive/MyDrive/SeaAlert/data/audio_noisy/high/235.wav
236,/content/drive/MyDrive/SeaAlert/data/audio_clean/wav/236.wav,/content/drive/MyDrive/SeaAlert/data/audio_noisy/low/236.wav,/content/drive/MyDrive/SeaAlert/data/audio_noisy/med/236.wav,/content/drive/MyDrive/SeaAlert/data/audio_noisy/high/236.wav
237,/content/drive/MyDrive/SeaAlert/data/audio_clean/wav/237.wav,/content/drive/MyDrive/SeaAlert/data/audio_noisy/low/237.wav,/content/drive/MyDrive/SeaAlert/data/audio_noisy/med/237.wav,/content/drive/MyDrive/SeaAlert/data/audio_noisy/high/237.wav
238,/content/drive/MyDrive/SeaAlert/data/audio_clean/wav/238.wav,/content/drive/MyDrive/SeaAlert/data/audio_noisy/low/238.wav,/content/drive/MyDrive/SeaAlert/data/audio_noisy/med/238.wav,/content/drive/MyDrive/SeaAlert/data/audio_noisy/high/238.wav
239,/content/drive/MyDrive/SeaAlert/data/audio_clean/wav/239.wav,/content/drive/MyDrive/SeaAlert/data/audio_noisy/low/239.wav,/content/drive/MyDrive/SeaAlert/data/audio_noisy/med/239.wav,/content/drive/MyDrive/SeaAlert/data/audio_noisy/high/239.wav
240,/content/drive/MyDrive/SeaAlert/data/audio_clean/wav/240.wav,/content/drive/MyDrive/SeaAlert/data/audio_noisy/low/240.wav,/content/drive/MyDrive/SeaAlert/data/audio_noisy/med/240.wav,/content/drive/MyDrive/SeaAlert/data/audio_noisy/high/240.wav
241,/content/drive/MyDrive/SeaAlert/data/audio_clean/wav/241.wav,/content/drive/MyDrive/SeaAlert/data/audio_noisy/low/241.wav,/content/drive/MyDrive/SeaAlert/data/audio_noisy/med/241.wav,/content/drive/MyDrive/SeaAlert/data/audio_noisy/high/241.wav
242,/content/drive/MyDrive/SeaAlert/data/audio_clean/wav/242.wav,/content/drive/MyDrive/SeaAlert/data/audio_noisy/low/242.wav,/content/drive/MyDrive/SeaAlert/data/audio_noisy/med/242.wav,/content/drive/MyDrive/SeaAlert/data/audio_noisy/high/242.wav
243,/content/drive/MyDrive/SeaAlert/data/audio_clean/wav/243.wav,/content/drive/MyDrive/SeaAlert/data/audio_noisy/low/243.wav,/content/drive/MyDrive/SeaAlert/data/audio_noisy/med/243.wav,/content/drive/MyDrive/SeaAlert/data/audio_noisy/high/243.wav
244,/content/drive/MyDrive/SeaAlert/data/audio_clean/wav/244.wav,/content/drive/MyDrive/SeaAlert/data/audio_noisy/low/244.wav,/content/drive/MyDrive/SeaAlert/data/audio_noisy/med/244.wav,/content/drive/MyDrive/SeaAlert/data/audio_noisy/high/244.wav
245,/content/drive/MyDrive/SeaAlert/data/audio_clean/wav/245.wav,/content/drive/MyDrive/SeaAlert/data/audio_noisy/low/245.wav,/content/drive/MyDrive/SeaAlert/data/audio_noisy/med/245.wav,/content/drive/MyDrive/SeaAlert/data/audio_noisy/high/245.wav
246,/content/drive/MyDrive/SeaAlert/data/audio_clean/wav/246.wav,/content/drive/MyDrive/SeaAlert/data/audio_noisy/low/246.wav,/content/drive/MyDrive/SeaAlert/data/audio_noisy/med/246.wav,/content/drive/MyDrive/SeaAlert/data/audio_noisy/high/246.wav
247,/content/drive/MyDrive/SeaAlert/data/audio_clean/wav/247.wav,/content/drive/MyDrive/SeaAlert/data/audio_noisy/low/247.wav,/content/drive/MyDrive/SeaAlert/data/audio_noisy/med/247.wav,/content/drive/MyDrive/SeaAlert/data/audio_noisy/high/247.wav
248,/content/drive/MyDrive/SeaAlert/data/audio_clean/wav/248.wav,/content/drive/MyDrive/SeaAlert/data/audio_noisy/low/248.wav,/content/drive/MyDrive/SeaAlert/data/audio_noisy/med/248.wav,/content/drive/MyDrive/SeaAlert/data/audio_noisy/high/248.wav
249,/content/drive/MyDrive/SeaAlert/data/audio_clean/wav/249.wav,/content/drive/MyDrive/SeaAlert/data/audio_noisy/low/249.wav,/content/drive/MyDrive/SeaAlert/data/audio_noisy/med/249.wav,/content/drive/MyDrive/SeaAlert/data/audio_noisy/high/249.wav
250,/content/drive/MyDrive/SeaAlert/data/audio_clean/wav/250.wav,/content/drive/MyDrive/SeaAlert/data/audio_noisy/low/250.wav,/content/drive/MyDrive/SeaAlert/data/audio_noisy/med/250.wav,/content/drive/MyDrive/SeaAlert/data/audio_noisy/high/250.wav
251,/content/drive/MyDrive/SeaAlert/data/audio_clean/wav/251.wav,/content/drive/MyDrive/SeaAlert/data/audio_noisy/low/251.wav,/content/drive/MyDrive/SeaAlert/data/audio_noisy/med/251.wav,/content/drive/MyDrive/SeaAlert/data/audio_noisy/high/251.wav
252,/content/drive/MyDrive/SeaAlert/data/audio_clean/wav/252.wav,/content/drive/MyDrive/SeaAlert/data/audio_noisy/low/252.wav,/content/drive/MyDrive/SeaAlert/data/audio_noisy/med/252.wav,/content/drive/MyDrive/SeaAlert/data/audio_noisy/high/252.wav
253,/content/drive/MyDrive/SeaAlert/data/audio_clean/wav/253.wav,/content/drive/MyDrive/SeaAlert/data/audio_noisy/low/253.wav,/content/drive/MyDrive/SeaAlert/data/audio_noisy/med/253.wav,/content/drive/MyDrive/SeaAlert/data/audio_noisy/high/253.wav
254,/content/drive/MyDrive/SeaAlert/data/audio_clean/wav/254.wav,/content/drive/MyDrive/SeaAlert/data/audio_noisy/low/254.wav,/content/drive/MyDrive/SeaAlert/data/audio_noisy/med/254.wav,/content/drive/MyDrive/SeaAlert/data/audio_noisy/high/254.wav
255,/content/drive/MyDrive/SeaAlert/data/audio_clean/wav/255.wav,/content/drive/MyDrive/SeaAlert/data/audio_noisy/low/255.wav,/content/drive/MyDrive/SeaAlert/data/audio_noisy/med/255.wav,/content/drive/MyDrive/SeaAlert/data/audio_noisy/high/255.wav
256,/content/drive/MyDrive/SeaAlert/data/audio_clean/wav/256.wav,/content/drive/MyDrive/SeaAlert/data/audio_noisy/low/256.wav,/content/drive/MyDrive/SeaAlert/data/audio_noisy/med/256.wav,/content/drive/MyDrive/SeaAlert/data/audio_noisy/high/256.wav
257,/content/drive/MyDrive/SeaAlert/data/audio_clean/wav/257.wav,/content/drive/MyDrive/SeaAlert/data/audio_noisy/low/257.wav,/content/drive/MyDrive/SeaAlert/data/audio_noisy/med/257.wav,/content/drive/MyDrive/SeaAlert/data/audio_noisy/high/257.wav
258,/content/drive/MyDrive/SeaAlert/data/audio_clean/wav/258.wav,/content/drive/MyDrive/SeaAlert/data/audio_noisy/low/258.wav,/content/drive/MyDrive/SeaAlert/data/audio_noisy/med/258.wav,/content/drive/MyDrive/SeaAlert/data/audio_noisy/high/258.wav
259,/content/drive/MyDrive/SeaAlert/data/audio_clean/wav/259.wav,/content/drive/MyDrive/SeaAlert/data/audio_noisy/low/259.wav,/content/drive/MyDrive/SeaAlert/data/audio_noisy/med/259.wav,/content/drive/MyDrive/SeaAlert/data/audio_noisy/high/259.wav
260,/content/drive/MyDrive/SeaAlert/data/audio_clean/wav/260.wav,/content/drive/MyDrive/SeaAlert/data/audio_noisy/low/260.wav,/content/drive/MyDrive/SeaAlert/data/audio_noisy/med/260.wav,/content/drive/MyDrive/SeaAlert/data/audio_noisy/high/260.wav
261,/content/drive/MyDrive/SeaAlert/data/audio_clean/wav/261.wav,/content/drive/MyDrive/SeaAlert/data/audio_noisy/low/261.wav,/content/drive/MyDrive/SeaAlert/data/audio_noisy/med/261.wav,/content/drive/MyDrive/SeaAlert/data/audio_noisy/high/261.wav
262,/content/drive/MyDrive/SeaAlert/data/audio_clean/wav/262.wav,/content/drive/MyDrive/SeaAlert/data/audio_noisy/low/262.wav,/content/drive/MyDrive/SeaAlert/data/audio_noisy/med/262.wav,/content/drive/MyDrive/SeaAlert/data/audio_noisy/high/262.wav
263,/content/drive/MyDrive/SeaAlert/data/audio_clean/wav/263.wav,/content/drive/MyDrive/SeaAlert/data/audio_noisy/low/263.wav,/content/drive/MyDrive/SeaAlert/data/audio_noisy/med/263.wav,/content/drive/MyDrive/SeaAlert/data/audio_noisy/high/263.wav
264,/content/drive/MyDrive/SeaAlert/data/audio_clean/wav/264.wav,/content/drive/MyDrive/SeaAlert/data/audio_noisy/low/264.wav,/content/drive/MyDrive/SeaAlert/data/audio_noisy/med/264.wav,/content/drive/MyDrive/SeaAlert/data/audio_noisy/high/264.wav
265,/content/drive/MyDrive/SeaAlert/data/audio_clean/wav/265.wav,/content/drive/MyDrive/SeaAlert/data/audio_noisy/low/265.wav,/content/drive/MyDrive/SeaAlert/data/audio_noisy/med/265.wav,/content/drive/MyDrive/SeaAlert/data/audio_noisy/high/265.wav
266,/content/drive/MyDrive/SeaAlert/data/audio_clean/wav/266.wav,/content/drive/MyDrive/SeaAlert/data/audio_noisy/low/266.wav,/content/drive/MyDrive/SeaAlert/data/audio_noisy/med/266.wav,/content/drive/MyDrive/SeaAlert/data/audio_noisy/high/266.wav
267,/content/drive/MyDrive/SeaAlert/data/audio_clean/wav/267.wav,/content/drive/MyDrive/SeaAlert/data/audio_noisy/low/267.wav,/content/drive/MyDrive/SeaAlert/data/audio_noisy/med/267.wav,/content/drive/MyDrive/SeaAlert/data/audio_noisy/high/267.wav
268,/content/drive/MyDrive/SeaAlert/data/audio_clean/wav/268.wav,/content/drive/MyDrive/SeaAlert/data/audio_noisy/low/268.wav,/content/drive/MyDrive/SeaAlert/data/audio_noisy/med/268.wav,/content/drive/MyDrive/SeaAlert/data/audio_noisy/high/268.wav
269,/content/drive/MyDrive/SeaAlert/data/audio_clean/wav/269.wav,/content/drive/MyDrive/SeaAlert/data/audio_noisy/low/269.wav,/content/drive/MyDrive/SeaAlert/data/audio_noisy/med/269.wav,/content/drive/MyDrive/SeaAlert/data/audio_noisy/high/269.wav
270,/content/drive/MyDrive/SeaAlert/data/audio_clean/wav/270.wav,/content/drive/MyDrive/SeaAlert/data/audio_noisy/low/270.wav,/content/drive/MyDrive/SeaAlert/data/audio_noisy/med/270.wav,/content/drive/MyDrive/SeaAlert/data/audio_noisy/high/270.wav
271,/content/drive/MyDrive/SeaAlert/data/audio_clean/wav/271.wav,/content/drive/MyDrive/SeaAlert/data/audio_noisy/low/271.wav,/content/drive/MyDrive/SeaAlert/data/audio_noisy/med/271.wav,/content/drive/MyDrive/SeaAlert/data/audio_noisy/high/271.wav
272,/content/drive/MyDrive/SeaAlert/data/audio_clean/wav/272.wav,/content/drive/MyDrive/SeaAlert/data/audio_noisy/low/272.wav,/content/drive/MyDrive/SeaAlert/data/audio_noisy/med/272.wav,/content/drive/MyDrive/SeaAlert/data/audio_noisy/high/272.wav
273,/content/drive/MyDrive/SeaAlert/data/audio_clean/wav/273.wav,/content/drive/MyDrive/SeaAlert/data/audio_noisy/low/273.wav,/content/drive/MyDrive/SeaAlert/data/audio_noisy/med/273.wav,/content/drive/MyDrive/SeaAlert/data/audio_noisy/high/273.wav
274,/content/drive/MyDrive/SeaAlert/data/audio_clean/wav/274.wav,/content/drive/MyDrive/SeaAlert/data/audio_noisy/low/274.wav,/content/drive/MyDrive/SeaAlert/data/audio_noisy/med/274.wav,/content/drive/MyDrive/SeaAlert/data/audio_noisy/high/274.wav
275,/content/drive/MyDrive/SeaAlert/data/audio_clean/wav/275.wav,/content/drive/MyDrive/SeaAlert/data/audio_noisy/low/275.wav,/content/drive/MyDrive/SeaAlert/data/audio_noisy/med/275.wav,/content/drive/MyDrive/SeaAlert/data/audio_noisy/high/275.wav
276,/content/drive/MyDrive/SeaAlert/data/audio_clean/wav/276.wav,/content/drive/MyDrive/SeaAlert/data/audio_noisy/low/276.wav,/content/drive/MyDrive/SeaAlert/data/audio_noisy/med/276.wav,/content/drive/MyDrive/SeaAlert/data/audio_noisy/high/276.wav
277,/content/drive/MyDrive/SeaAlert/data/audio_clean/wav/277.wav,/content/drive/MyDrive/SeaAlert/data/audio_noisy/low/277.wav,/content/drive/MyDrive/SeaAlert/data/audio_noisy/med/277.wav,/content/drive/MyDrive/SeaAlert/data/audio_noisy/high/277.wav
278,/content/drive/MyDrive/SeaAlert/data/audio_clean/wav/278.wav,/content/drive/MyDrive/SeaAlert/data/audio_noisy/low/278.wav,/content/drive/MyDrive/SeaAlert/data/audio_noisy/med/278.wav,/content/drive/MyDrive/SeaAlert/data/audio_noisy/high/278.wav
279,/content/drive/MyDrive/SeaAlert/data/audio_clean/wav/279.wav,/content/drive/MyDrive/SeaAlert/data/audio_noisy/low/279.wav,/content/drive/MyDrive/SeaAlert/data/audio_noisy/med/279.wav,/content/drive/MyDrive/SeaAlert/data/audio_noisy/high/279.wav
280,/content/drive/MyDrive/SeaAlert/data/audio_clean/wav/280.wav,/content/drive/MyDrive/SeaAlert/data/audio_noisy/low/280.wav,/content/drive/MyDrive/SeaAlert/data/audio_noisy/med/280.wav,/content/drive/MyDrive/SeaAlert/data/audio_noisy/high/280.wav
281,/content/drive/MyDrive/SeaAlert/data/audio_clean/wav/281.wav,/content/drive/MyDrive/SeaAlert/data/audio_noisy/low/281.wav,/content/drive/MyDrive/SeaAlert/data/audio_noisy/med/281.wav,/content/drive/MyDrive/SeaAlert/data/audio_noisy/high/281.wav
282,/content/drive/MyDrive/SeaAlert/data/audio_clean/wav/282.wav,/content/drive/MyDrive/SeaAlert/data/audio_noisy/low/282.wav,/content/drive/MyDrive/SeaAlert/data/audio_noisy/med/282.wav,/content/drive/MyDrive/SeaAlert/data/audio_noisy/high/282.wav
283,/content/drive/MyDrive/SeaAlert/data/audio_clean/wav/283.wav,/content/drive/MyDrive/SeaAlert/data/audio_noisy/low/283.wav,/content/drive/MyDrive/SeaAlert/data/audio_noisy/med/283.wav,/content/drive/MyDrive/SeaAlert/data/audio_noisy/high/283.wav
284,/content/drive/MyDrive/SeaAlert/data/audio_clean/wav/284.wav,/content/drive/MyDrive/SeaAlert/data/audio_noisy/low/284.wav,/content/drive/MyDrive/SeaAlert/data/audio_noisy/med/284.wav,/content/drive/MyDrive/SeaAlert/data/audio_noisy/high/284.wav
285,/content/drive/MyDrive/SeaAlert/data/audio_clean/wav/285.wav,/content/drive/MyDrive/SeaAlert/data/audio_noisy/low/285.wav,/content/drive/MyDrive/SeaAlert/data/audio_noisy/med/285.wav,/content/drive/MyDrive/SeaAlert/data/audio_noisy/high/285.wav
286,/content/drive/MyDrive/SeaAlert/data/audio_clean/wav/286.wav,/content/drive/MyDrive/SeaAlert/data/audio_noisy/low/286.wav,/content/drive/MyDrive/SeaAlert/data/audio_noisy/med/286.wav,/content/drive/MyDrive/SeaAlert/data/audio_noisy/high/286.wav
287,/content/drive/MyDrive/SeaAlert/data/audio_clean/wav/287.wav,/content/drive/MyDrive/SeaAlert/data/audio_noisy/low/287.wav,/content/drive/MyDrive/SeaAlert/data/audio_noisy/med/287.wav,/content/drive/MyDrive/SeaAlert/data/audio_noisy/high/287.wav
288,/content/drive/MyDrive/SeaAlert/data/audio_clean/wav/288.wav,/content/drive/MyDrive/SeaAlert/data/audio_noisy/low/288.wav,/content/drive/MyDrive/SeaAlert/data/audio_noisy/med/288.wav,/content/drive/MyDrive/SeaAlert/data/audio_noisy/high/288.wav
289,/content/drive/MyDrive/SeaAlert/data/audio_clean/wav/289.wav,/content/drive/MyDrive/SeaAlert/data/audio_noisy/low/289.wav,/content/drive/MyDrive/SeaAlert/data/audio_noisy/med/289.wav,/content/drive/MyDrive/SeaAlert/data/audio_noisy/high/289.wav
290,/content/drive/MyDrive/SeaAlert/data/audio_clean/wav/290.wav,/content/drive/MyDrive/SeaAlert/data/audio_noisy/low/290.wav,/content/drive/MyDrive/SeaAlert/data/audio_noisy/med/290.wav,/content/drive/MyDrive/SeaAlert/data/audio_noisy/high/290.wav
291,/content/drive/MyDrive/SeaAlert/data/audio_clean/wav/291.wav,/content/drive/MyDrive/SeaAlert/data/audio_noisy/low/291.wav,/content/drive/MyDrive/SeaAlert/data/audio_noisy/med/291.wav,/content/drive/MyDrive/SeaAlert/data/audio_noisy/high/291.wav
292,/content/drive/MyDrive/SeaAlert/data/audio_clean/wav/292.wav,/content/drive/MyDrive/SeaAlert/data/audio_noisy/low/292.wav,/content/drive/MyDrive/SeaAlert/data/audio_noisy/med/292.wav,/content/drive/MyDrive/SeaAlert/data/audio_noisy/high/292.wav
293,/content/drive/MyDrive/SeaAlert/data/audio_clean/wav/293.wav,/content/drive/MyDrive/SeaAlert/data/audio_noisy/low/293.wav,/content/drive/MyDrive/SeaAlert/data/audio_noisy/med/293.wav,/content/drive/MyDrive/SeaAlert/data/audio_noisy/high/293.wav
294,/content/drive/MyDrive/SeaAlert/data/audio_clean/wav/294.wav,/content/drive/MyDrive/SeaAlert/data/audio_noisy/low/294.wav,/content/drive/MyDrive/SeaAlert/data/audio_noisy/med/294.wav,/content/drive/MyDrive/SeaAlert/data/audio_noisy/high/294.wav
295,/content/drive/MyDrive/SeaAlert/data/audio_clean/wav/295.wav,/content/drive/MyDrive/SeaAlert/data/audio_noisy/low/295.wav,/content/drive/MyDrive/SeaAlert/data/audio_noisy/med/295.wav,/content/drive/MyDrive/SeaAlert/data/audio_noisy/high/295.wav
296,/content/drive/MyDrive/SeaAlert/data/audio_clean/wav/296.wav,/content/drive/MyDrive/SeaAlert/data/audio_noisy/low/296.wav,/content/drive/MyDrive/SeaAlert/data/audio_noisy/med/296.wav,/content/drive/MyDrive/SeaAlert/data/audio_noisy/high/296.wav
297,/content/drive/MyDrive/SeaAlert/data/audio_clean/wav/297.wav,/content/drive/MyDrive/SeaAlert/data/audio_noisy/low/297.wav,/content/drive/MyDrive/SeaAlert/data/audio_noisy/med/297.wav,/content/drive/MyDrive/SeaAlert/data/audio_noisy/high/297.wav
298,/content/drive/MyDrive/SeaAlert/data/audio_clean/wav/298.wav,/content/drive/MyDrive/SeaAlert/data/audio_noisy/low/298.wav,/content/drive/MyDrive/SeaAlert/data/audio_noisy/med/298.wav,/content/drive/MyDrive/SeaAlert/data/audio_noisy/high/298.wav
299,/content/drive/MyDrive/SeaAlert/data/audio_clean/wav/299.wav,/content/drive/MyDrive/SeaAlert/data/audio_noisy/low/299.wav,/content/drive/MyDrive/SeaAlert/data/audio_noisy/med/299.wav,/content/drive/MyDrive/SeaAlert/data/audio_noisy/high/299.wav
300,/content/drive/MyDrive/SeaAlert/data/audio_clean/wav/300.wav,/content/drive/MyDrive/SeaAlert/data/audio_noisy/low/300.wav,/content/drive/MyDrive/SeaAlert/data/audio_noisy/med/300.wav,/content/drive/MyDrive/SeaAlert/data/audio_noisy/high/300.wav
301,/content/drive/MyDrive/SeaAlert/data/audio_clean/wav/301.wav,/content/drive/MyDrive/SeaAlert/data/audio_noisy/low/301.wav,/content/drive/MyDrive/SeaAlert/data/audio_noisy/med/301.wav,/content/drive/MyDrive/SeaAlert/data/audio_noisy/high/301.wav
302,/content/drive/MyDrive/SeaAlert/data/audio_clean/wav/302.wav,/content/drive/MyDrive/SeaAlert/data/audio_noisy/low/302.wav,/content/drive/MyDrive/SeaAlert/data/audio_noisy/med/302.wav,/content/drive/MyDrive/SeaAlert/data/audio_noisy/high/302.wav
303,/content/drive/MyDrive/SeaAlert/data/audio_clean/wav/303.wav,/content/drive/MyDrive/SeaAlert/data/audio_noisy/low/303.wav,/content/drive/MyDrive/SeaAlert/data/audio_noisy/med/303.wav,/content/drive/MyDrive/SeaAlert/data/audio_noisy/high/303.wav
304,/content/drive/MyDrive/SeaAlert/data/audio_clean/wav/304.wav,/content/drive/MyDrive/SeaAlert/data/audio_noisy/low/304.wav,/content/drive/MyDrive/SeaAlert/data/audio_noisy/med/304.wav,/content/drive/MyDrive/SeaAlert/data/audio_noisy/high/304.wav
305,/content/drive/MyDrive/SeaAlert/data/audio_clean/wav/305.wav,/content/drive/MyDrive/SeaAlert/data/audio_noisy/low/305.wav,/content/drive/MyDrive/SeaAlert/data/audio_noisy/med/305.wav,/content/drive/MyDrive/SeaAlert/data/audio_noisy/high/305.wav
306,/content/drive/MyDrive/SeaAlert/data/audio_clean/wav/306.wav,/content/drive/MyDrive/SeaAlert/data/audio_noisy/low/306.wav,/content/drive/MyDrive/SeaAlert/data/audio_noisy/med/306.wav,/content/drive/MyDrive/SeaAlert/data/audio_noisy/high/306.wav
307,/content/drive/MyDrive/SeaAlert/data/audio_clean/wav/307.wav,/content/drive/MyDrive/SeaAlert/data/audio_noisy/low/307.wav,/content/drive/MyDrive/SeaAlert/data/audio_noisy/med/307.wav,/content/drive/MyDrive/SeaAlert/data/audio_noisy/high/307.wav
308,/content/drive/MyDrive/SeaAlert/data/audio_clean/wav/308.wav,/content/drive/MyDrive/SeaAlert/data/audio_noisy/low/308.wav,/content/drive/MyDrive/SeaAlert/data/audio_noisy/med/308.wav,/content/drive/MyDrive/SeaAlert/data/audio_noisy/high/308.wav
309,/content/drive/MyDrive/SeaAlert/data/audio_clean/wav/309.wav,/content/drive/MyDrive/SeaAlert/data/audio_noisy/low/309.wav,/content/drive/MyDrive/SeaAlert/data/audio_noisy/med/309.wav,/content/drive/MyDrive/SeaAlert/data/audio_noisy/high/309.wav
310,/content/drive/MyDrive/SeaAlert/data/audio_clean/wav/310.wav,/content/drive/MyDrive/SeaAlert/data/audio_noisy/low/310.wav,/content/drive/MyDrive/SeaAlert/data/audio_noisy/med/310.wav,/content/drive/MyDrive/SeaAlert/data/audio_noisy/high/310.wav
311,/content/drive/MyDrive/SeaAlert/data/audio_clean/wav/311.wav,/content/drive/MyDrive/SeaAlert/data/audio_noisy/low/311.wav,/content/drive/MyDrive/SeaAlert/data/audio_noisy/med/311.wav,/content/drive/MyDrive/SeaAlert/data/audio_noisy/high/311.wav
312,/content/drive/MyDrive/SeaAlert/data/audio_clean/wav/312.wav,/content/drive/MyDrive/SeaAlert/data/audio_noisy/low/312.wav,/content/drive/MyDrive/SeaAlert/data/audio_noisy/med/312.wav,/content/drive/MyDrive/SeaAlert/data/audio_noisy/high/312.wav
313,/content/drive/MyDrive/SeaAlert/data/audio_clean/wav/313.wav,/content/drive/MyDrive/SeaAlert/data/audio_noisy/low/313.wav,/content/drive/MyDrive/SeaAlert/data/audio_noisy/med/313.wav,/content/drive/MyDrive/SeaAlert/data/audio_noisy/high/313.wav
314,/content/drive/MyDrive/SeaAlert/data/audio_clean/wav/314.wav,/content/drive/MyDrive/SeaAlert/data/audio_noisy/low/314.wav,/content/drive/MyDrive/SeaAlert/data/audio_noisy/med/314.wav,/content/drive/MyDrive/SeaAlert/data/audio_noisy/high/314.wav
315,/content/drive/MyDrive/SeaAlert/data/audio_clean/wav/315.wav,/content/drive/MyDrive/SeaAlert/data/audio_noisy/low/315.wav,/content/drive/MyDrive/SeaAlert/data/audio_noisy/med/315.wav,/content/drive/MyDrive/SeaAlert/data/audio_noisy/high/315.wav
316,/content/drive/MyDrive/SeaAlert/data/audio_clean/wav/316.wav,/content/drive/MyDrive/SeaAlert/data/audio_noisy/low/316.wav,/content/drive/MyDrive/SeaAlert/data/audio_noisy/med/316.wav,/content/drive/MyDrive/SeaAlert/data/audio_noisy/high/316.wav
317,/content/drive/MyDrive/SeaAlert/data/audio_clean/wav/317.wav,/content/drive/MyDrive/SeaAlert/data/audio_noisy/low/317.wav,/content/drive/MyDrive/SeaAlert/data/audio_noisy/med/317.wav,/content/drive/MyDrive/SeaAlert/data/audio_noisy/high/317.wav
318,/content/drive/MyDrive/SeaAlert/data/audio_clean/wav/318.wav,/content/drive/MyDrive/SeaAlert/data/audio_noisy/low/318.wav,/content/drive/MyDrive/SeaAlert/data/audio_noisy/med/318.wav,/content/drive/MyDrive/SeaAlert/data/audio_noisy/high/318.wav
319,/content/drive/MyDrive/SeaAlert/data/audio_clean/wav/319.wav,/content/drive/MyDrive/SeaAlert/data/audio_noisy/low/319.wav,/content/drive/MyDrive/SeaAlert/data/audio_noisy/med/319.wav,/content/drive/MyDrive/SeaAlert/data/audio_noisy/high/319.wav
320,/content/drive/MyDrive/SeaAlert/data/audio_clean/wav/320.wav,/content/drive/MyDrive/SeaAlert/data/audio_noisy/low/320.wav,/content/drive/MyDrive/SeaAlert/data/audio_noisy/med/320.wav,/content/drive/MyDrive/SeaAlert/data/audio_noisy/high/320.wav
321,/content/drive/MyDrive/SeaAlert/data/audio_clean/wav/321.wav,/content/drive/MyDrive/SeaAlert/data/audio_noisy/low/321.wav,/content/drive/MyDrive/SeaAlert/data/audio_noisy/med/321.wav,/content/drive/MyDrive/SeaAlert/data/audio_noisy/high/321.wav
322,/content/drive/MyDrive/SeaAlert/data/audio_clean/wav/322.wav,/content/drive/MyDrive/SeaAlert/data/audio_noisy/low/322.wav,/content/drive/MyDrive/SeaAlert/data/audio_noisy/med/322.wav,/content/drive/MyDrive/SeaAlert/data/audio_noisy/high/322.wav
323,/content/drive/MyDrive/SeaAlert/data/audio_clean/wav/323.wav,/content/drive/MyDrive/SeaAlert/data/audio_noisy/low/323.wav,/content/drive/MyDrive/SeaAlert/data/audio_noisy/med/323.wav,/content/drive/MyDrive/SeaAlert/data/audio_noisy/high/323.wav
324,/content/drive/MyDrive/SeaAlert/data/audio_clean/wav/324.wav,/content/drive/MyDrive/SeaAlert/data/audio_noisy/low/324.wav,/content/drive/MyDrive/SeaAlert/data/audio_noisy/med/324.wav,/content/drive/MyDrive/SeaAlert/data/audio_noisy/high/324.wav
325,/content/drive/MyDrive/SeaAlert/data/audio_clean/wav/325.wav,/content/drive/MyDrive/SeaAlert/data/audio_noisy/low/325.wav,/content/drive/MyDrive/SeaAlert/data/audio_noisy/med/325.wav,/content/drive/MyDrive/SeaAlert/data/audio_noisy/high/325.wav
326,/content/drive/MyDrive/SeaAlert/data/audio_clean/wav/326.wav,/content/drive/MyDrive/SeaAlert/data/audio_noisy/low/326.wav,/content/drive/MyDrive/SeaAlert/data/audio_noisy/med/326.wav,/content/drive/MyDrive/SeaAlert/data/audio_noisy/high/326.wav
327,/content/drive/MyDrive/SeaAlert/data/audio_clean/wav/327.wav,/content/drive/MyDrive/SeaAlert/data/audio_noisy/low/327.wav,/content/drive/MyDrive/SeaAlert/data/audio_noisy/med/327.wav,/content/drive/MyDrive/SeaAlert/data/audio_noisy/high/327.wav
328,/content/drive/MyDrive/SeaAlert/data/audio_clean/wav/328.wav,/content/drive/MyDrive/SeaAlert/data/audio_noisy/low/328.wav,/content/drive/MyDrive/SeaAlert/data/audio_noisy/med/328.wav,/content/drive/MyDrive/SeaAlert/data/audio_noisy/high/328.wav
329,/content/drive/MyDrive/SeaAlert/data/audio_clean/wav/329.wav,/content/drive/MyDrive/SeaAlert/data/audio_noisy/low/329.wav,/content/drive/MyDrive/SeaAlert/data/audio_noisy/med/329.wav,/content/drive/MyDrive/SeaAlert/data/audio_noisy/high/329.wav
330,/content/drive/MyDrive/SeaAlert/data/audio_clean/wav/330.wav,/content/drive/MyDrive/SeaAlert/data/audio_noisy/low/330.wav,/content/drive/MyDrive/SeaAlert/data/audio_noisy/med/330.wav,/content/drive/MyDrive/SeaAlert/data/audio_noisy/high/330.wav
331,/content/drive/MyDrive/SeaAlert/data/audio_clean/wav/331.wav,/content/drive/MyDrive/SeaAlert/data/audio_noisy/low/331.wav,/content/drive/MyDrive/SeaAlert/data/audio_noisy/med/331.wav,/content/drive/MyDrive/SeaAlert/data/audio_noisy/high/331.wav
332,/content/drive/MyDrive/SeaAlert/data/audio_clean/wav/332.wav,/content/drive/MyDrive/SeaAlert/data/audio_noisy/low/332.wav,/content/drive/MyDrive/SeaAlert/data/audio_noisy/med/332.wav,/content/drive/MyDrive/SeaAlert/data/audio_noisy/high/332.wav
333,/content/drive/MyDrive/SeaAlert/data/audio_clean/wav/333.wav,/content/drive/MyDrive/SeaAlert/data/audio_noisy/low/333.wav,/content/drive/MyDrive/SeaAlert/data/audio_noisy/med/333.wav,/content/drive/MyDrive/SeaAlert/data/audio_noisy/high/333.wav
334,/content/drive/MyDrive/SeaAlert/data/audio_clean/wav/334.wav,/content/drive/MyDrive/SeaAlert/data/audio_noisy/low/334.wav,/content/drive/MyDrive/SeaAlert/data/audio_noisy/med/334.wav,/content/drive/MyDrive/SeaAlert/data/audio_noisy/high/334.wav
335,/content/drive/MyDrive/SeaAlert/data/audio_clean/wav/335.wav,/content/drive/MyDrive/SeaAlert/data/audio_noisy/low/335.wav,/content/drive/MyDrive/SeaAlert/data/audio_noisy/med/335.wav,/content/drive/MyDrive/SeaAlert/data/audio_noisy/high/335.wav
336,/content/drive/MyDrive/SeaAlert/data/audio_clean/wav/336.wav,/content/drive/MyDrive/SeaAlert/data/audio_noisy/low/336.wav,/content/drive/MyDrive/SeaAlert/data/audio_noisy/med/336.wav,/content/drive/MyDrive/SeaAlert/data/audio_noisy/high/336.wav
337,/content/drive/MyDrive/SeaAlert/data/audio_clean/wav/337.wav,/content/drive/MyDrive/SeaAlert/data/audio_noisy/low/337.wav,/content/drive/MyDrive/SeaAlert/data/audio_noisy/med/337.wav,/content/drive/MyDrive/SeaAlert/data/audio_noisy/high/337.wav
338,/content/drive/MyDrive/SeaAlert/data/audio_clean/wav/338.wav,/content/drive/MyDrive/SeaAlert/data/audio_noisy/low/338.wav,/content/drive/MyDrive/SeaAlert/data/audio_noisy/med/338.wav,/content/drive/MyDrive/SeaAlert/data/audio_noisy/high/338.wav
339,/content/drive/MyDrive/SeaAlert/data/audio_clean/wav/339.wav,/content/drive/MyDrive/SeaAlert/data/audio_noisy/low/339.wav,/content/drive/MyDrive/SeaAlert/data/audio_noisy/med/339.wav,/content/drive/MyDrive/SeaAlert/data/audio_noisy/high/339.wav
340,/content/drive/MyDrive/SeaAlert/data/audio_clean/wav/340.wav,/content/drive/MyDrive/SeaAlert/data/audio_noisy/low/340.wav,/content/drive/MyDrive/SeaAlert/data/audio_noisy/med/340.wav,/content/drive/MyDrive/SeaAlert/data/audio_noisy/high/340.wav
341,/content/drive/MyDrive/SeaAlert/data/audio_clean/wav/341.wav,/content/drive/MyDrive/SeaAlert/data/audio_noisy/low/341.wav,/content/drive/MyDrive/SeaAlert/data/audio_noisy/med/341.wav,/content/drive/MyDrive/SeaAlert/data/audio_noisy/high/341.wav
342,/content/drive/MyDrive/SeaAlert/data/audio_clean/wav/342.wav,/content/drive/MyDrive/SeaAlert/data/audio_noisy/low/342.wav,/content/drive/MyDrive/SeaAlert/data/audio_noisy/med/342.wav,/content/drive/MyDrive/SeaAlert/data/audio_noisy/high/342.wav
343,/content/drive/MyDrive/SeaAlert/data/audio_clean/wav/343.wav,/content/drive/MyDrive/SeaAlert/data/audio_noisy/low/343.wav,/content/drive/MyDrive/SeaAlert/data/audio_noisy/med/343.wav,/content/drive/MyDrive/SeaAlert/data/audio_noisy/high/343.wav
344,/content/drive/MyDrive/SeaAlert/data/audio_clean/wav/344.wav,/content/drive/MyDrive/SeaAlert/data/audio_noisy/low/344.wav,/content/drive/MyDrive/SeaAlert/data/audio_noisy/med/344.wav,/content/drive/MyDrive/SeaAlert/data/audio_noisy/high/344.wav
345,/content/drive/MyDrive/SeaAlert/data/audio_clean/wav/345.wav,/content/drive/MyDrive/SeaAlert/data/audio_noisy/low/345.wav,/content/drive/MyDrive/SeaAlert/data/audio_noisy/med/345.wav,/content/drive/MyDrive/SeaAlert/data/audio_noisy/high/345.wav
346,/content/drive/MyDrive/SeaAlert/data/audio_clean/wav/346.wav,/content/drive/MyDrive/SeaAlert/data/audio_noisy/low/346.wav,/content/drive/MyDrive/SeaAlert/data/audio_noisy/med/346.wav,/content/drive/MyDrive/SeaAlert/data/audio_noisy/high/346.wav
347,/content/drive/MyDrive/SeaAlert/data/audio_clean/wav/347.wav,/content/drive/MyDrive/SeaAlert/data/audio_noisy/low/347.wav,/content/drive/MyDrive/SeaAlert/data/audio_noisy/med/347.wav,/content/drive/MyDrive/SeaAlert/data/audio_noisy/high/347.wav
348,/content/drive/MyDrive/SeaAlert/data/audio_clean/wav/348.wav,/content/drive/MyDrive/SeaAlert/data/audio_noisy/low/348.wav,/content/drive/MyDrive/SeaAlert/data/audio_noisy/med/348.wav,/content/drive/MyDrive/SeaAlert/data/audio_noisy/high/348.wav
349,/content/drive/MyDrive/SeaAlert/data/audio_clean/wav/349.wav,/content/drive/MyDrive/SeaAlert/data/audio_noisy/low/349.wav,/content/drive/MyDrive/SeaAlert/data/audio_noisy/med/349.wav,/content/drive/MyDrive/SeaAlert/data/audio_noisy/high/349.wav
350,/content/drive/MyDrive/SeaAlert/data/audio_clean/wav/350.wav,/content/drive/MyDrive/SeaAlert/data/audio_noisy/low/350.wav,/content/drive/MyDrive/SeaAlert/data/audio_noisy/med/350.wav,/content/drive/MyDrive/SeaAlert/data/audio_noisy/high/350.wav
351,/content/drive/MyDrive/SeaAlert/data/audio_clean/wav/351.wav,/content/drive/MyDrive/SeaAlert/data/audio_noisy/low/351.wav,/content/drive/MyDrive/SeaAlert/data/audio_noisy/med/351.wav,/content/drive/MyDrive/SeaAlert/data/audio_noisy/high/351.wav
352,/content/drive/MyDrive/SeaAlert/data/audio_clean/wav/352.wav,/content/drive/MyDrive/SeaAlert/data/audio_noisy/low/352.wav,/content/drive/MyDrive/SeaAlert/data/audio_noisy/med/352.wav,/content/drive/MyDrive/SeaAlert/data/audio_noisy/high/352.wav
353,/content/drive/MyDrive/SeaAlert/data/audio_clean/wav/353.wav,/content/drive/MyDrive/SeaAlert/data/audio_noisy/low/353.wav,/content/drive/MyDrive/SeaAlert/data/audio_noisy/med/353.wav,/content/drive/MyDrive/SeaAlert/data/audio_noisy/high/353.wav
354,/content/drive/MyDrive/SeaAlert/data/audio_clean/wav/354.wav,/content/drive/MyDrive/SeaAlert/data/audio_noisy/low/354.wav,/content/drive/MyDrive/SeaAlert/data/audio_noisy/med/354.wav,/content/drive/MyDrive/SeaAlert/data/audio_noisy/high/354.wav
355,/content/drive/MyDrive/SeaAlert/data/audio_clean/wav/355.wav,/content/drive/MyDrive/SeaAlert/data/audio_noisy/low/355.wav,/content/drive/MyDrive/SeaAlert/data/audio_noisy/med/355.wav,/content/drive/MyDrive/SeaAlert/data/audio_noisy/high/355.wav
356,/content/drive/MyDrive/SeaAlert/data/audio_clean/wav/356.wav,/content/drive/MyDrive/SeaAlert/data/audio_noisy/low/356.wav,/content/drive/MyDrive/SeaAlert/data/audio_noisy/med/356.wav,/content/drive/MyDrive/SeaAlert/data/audio_noisy/high/356.wav
357,/content/drive/MyDrive/SeaAlert/data/audio_clean/wav/357.wav,/content/drive/MyDrive/SeaAlert/data/audio_noisy/low/357.wav,/content/drive/MyDrive/SeaAlert/data/audio_noisy/med/357.wav,/content/drive/MyDrive/SeaAlert/data/audio_noisy/high/357.wav
358,/content/drive/MyDrive/SeaAlert/data/audio_clean/wav/358.wav,/content/drive/MyDrive/SeaAlert/data/audio_noisy/low/358.wav,/content/drive/MyDrive/SeaAlert/data/audio_noisy/med/358.wav,/content/drive/MyDrive/SeaAlert/data/audio_noisy/high/358.wav
359,/content/drive/MyDrive/SeaAlert/data/audio_clean/wav/359.wav,/content/drive/MyDrive/SeaAlert/data/audio_noisy/low/359.wav,/content/drive/MyDrive/SeaAlert/data/audio_noisy/med/359.wav,/content/drive/MyDrive/SeaAlert/data/audio_noisy/high/359.wav
360,/content/drive/MyDrive/SeaAlert/data/audio_clean/wav/360.wav,/content/drive/MyDrive/SeaAlert/data/audio_noisy/low/360.wav,/content/drive/MyDrive/SeaAlert/data/audio_noisy/med/360.wav,/content/drive/MyDrive/SeaAlert/data/audio_noisy/high/360.wav
361,/content/drive/MyDrive/SeaAlert/data/audio_clean/wav/361.wav,/content/drive/MyDrive/SeaAlert/data/audio_noisy/low/361.wav,/content/drive/MyDrive/SeaAlert/data/audio_noisy/med/361.wav,/content/drive/MyDrive/SeaAlert/data/audio_noisy/high/361.wav
362,/content/drive/MyDrive/SeaAlert/data/audio_clean/wav/362.wav,/content/drive/MyDrive/SeaAlert/data/audio_noisy/low/362.wav,/content/drive/MyDrive/SeaAlert/data/audio_noisy/med/362.wav,/content/drive/MyDrive/SeaAlert/data/audio_noisy/high/362.wav
363,/content/drive/MyDrive/SeaAlert/data/audio_clean/wav/363.wav,/content/drive/MyDrive/SeaAlert/data/audio_noisy/low/363.wav,/content/drive/MyDrive/SeaAlert/data/audio_noisy/med/363.wav,/content/drive/MyDrive/SeaAlert/data/audio_noisy/high/363.wav
364,/content/drive/MyDrive/SeaAlert/data/audio_clean/wav/364.wav,/content/drive/MyDrive/SeaAlert/data/audio_noisy/low/364.wav,/content/drive/MyDrive/SeaAlert/data/audio_noisy/med/364.wav,/content/drive/MyDrive/SeaAlert/data/audio_noisy/high/364.wav
365,/content/drive/MyDrive/SeaAlert/data/audio_clean/wav/365.wav,/content/drive/MyDrive/SeaAlert/data/audio_noisy/low/365.wav,/content/drive/MyDrive/SeaAlert/data/audio_noisy/med/365.wav,/content/drive/MyDrive/SeaAlert/data/audio_noisy/high/365.wav
366,/content/drive/MyDrive/SeaAlert/data/audio_clean/wav/366.wav,/content/drive/MyDrive/SeaAlert/data/audio_noisy/low/366.wav,/content/drive/MyDrive/SeaAlert/data/audio_noisy/med/366.wav,/content/drive/MyDrive/SeaAlert/data/audio_noisy/high/366.wav
367,/content/drive/MyDrive/SeaAlert/data/audio_clean/wav/367.wav,/content/drive/MyDrive/SeaAlert/data/audio_noisy/low/367.wav,/content/drive/MyDrive/SeaAlert/data/audio_noisy/med/367.wav,/content/drive/MyDrive/SeaAlert/data/audio_noisy/high/367.wav
368,/content/drive/MyDrive/SeaAlert/data/audio_clean/wav/368.wav,/content/drive/MyDrive/SeaAlert/data/audio_noisy/low/368.wav,/content/drive/MyDrive/SeaAlert/data/audio_noisy/med/368.wav,/content/drive/MyDrive/SeaAlert/data/audio_noisy/high/368.wav
369,/content/drive/MyDrive/SeaAlert/data/audio_clean/wav/369.wav,/content/drive/MyDrive/SeaAlert/data/audio_noisy/low/369.wav,/content/drive/MyDrive/SeaAlert/data/audio_noisy/med/369.wav,/content/drive/MyDrive/SeaAlert/data/audio_noisy/high/369.wav
370,/content/drive/MyDrive/SeaAlert/data/audio_clean/wav/370.wav,/content/drive/MyDrive/SeaAlert/data/audio_noisy/low/370.wav,/content/drive/MyDrive/SeaAlert/data/audio_noisy/med/370.wav,/content/drive/MyDrive/SeaAlert/data/audio_noisy/high/370.wav
371,/content/drive/MyDrive/SeaAlert/data/audio_clean/wav/371.wav,/content/drive/MyDrive/SeaAlert/data/audio_noisy/low/371.wav,/content/drive/MyDrive/SeaAlert/data/audio_noisy/med/371.wav,/content/drive/MyDrive/SeaAlert/data/audio_noisy/high/371.wav
372,/content/drive/MyDrive/SeaAlert/data/audio_clean/wav/372.wav,/content/drive/MyDrive/SeaAlert/data/audio_noisy/low/372.wav,/content/drive/MyDrive/SeaAlert/data/audio_noisy/med/372.wav,/content/drive/MyDrive/SeaAlert/data/audio_noisy/high/372.wav
373,/content/drive/MyDrive/SeaAlert/data/audio_clean/wav/373.wav,/content/drive/MyDrive/SeaAlert/data/audio_noisy/low/373.wav,/content/drive/MyDrive/SeaAlert/data/audio_noisy/med/373.wav,/content/drive/MyDrive/SeaAlert/data/audio_noisy/high/373.wav
374,/content/drive/MyDrive/SeaAlert/data/audio_clean/wav/374.wav,/content/drive/MyDrive/SeaAlert/data/audio_noisy/low/374.wav,/content/drive/MyDrive/SeaAlert/data/audio_noisy/med/374.wav,/content/drive/MyDrive/SeaAlert/data/audio_noisy/high/374.wav
375,/content/drive/MyDrive/SeaAlert/data/audio_clean/wav/375.wav,/content/drive/MyDrive/SeaAlert/data/audio_noisy/low/375.wav,/content/drive/MyDrive/SeaAlert/data/audio_noisy/med/375.wav,/content/drive/MyDrive/SeaAlert/data/audio_noisy/high/375.wav
376,/content/drive/MyDrive/SeaAlert/data/audio_clean/wav/376.wav,/content/drive/MyDrive/SeaAlert/data/audio_noisy/low/376.wav,/content/drive/MyDrive/SeaAlert/data/audio_noisy/med/376.wav,/content/drive/MyDrive/SeaAlert/data/audio_noisy/high/376.wav
377,/content/drive/MyDrive/SeaAlert/data/audio_clean/wav/377.wav,/content/drive/MyDrive/SeaAlert/data/audio_noisy/low/377.wav,/content/drive/MyDrive/SeaAlert/data/audio_noisy/med/377.wav,/content/drive/MyDrive/SeaAlert/data/audio_noisy/high/377.wav
378,/content/drive/MyDrive/SeaAlert/data/audio_clean/wav/378.wav,/content/drive/MyDrive/SeaAlert/data/audio_noisy/low/378.wav,/content/drive/MyDrive/SeaAlert/data/audio_noisy/med/378.wav,/content/drive/MyDrive/SeaAlert/data/audio_noisy/high/378.wav
379,/content/drive/MyDrive/SeaAlert/data/audio_clean/wav/379.wav,/content/drive/MyDrive/SeaAlert/data/audio_noisy/low/379.wav,/content/drive/MyDrive/SeaAlert/data/audio_noisy/med/379.wav,/content/drive/MyDrive/SeaAlert/data/audio_noisy/high/379.wav
380,/content/drive/MyDrive/SeaAlert/data/audio_clean/wav/380.wav,/content/drive/MyDrive/SeaAlert/data/audio_noisy/low/380.wav,/content/drive/MyDrive/SeaAlert/data/audio_noisy/med/380.wav,/content/drive/MyDrive/SeaAlert/data/audio_noisy/high/380.wav
381,/content/drive/MyDrive/SeaAlert/data/audio_clean/wav/381.wav,/content/drive/MyDrive/SeaAlert/data/audio_noisy/low/381.wav,/content/drive/MyDrive/SeaAlert/data/audio_noisy/med/381.wav,/content/drive/MyDrive/SeaAlert/data/audio_noisy/high/381.wav
382,/content/drive/MyDrive/SeaAlert/data/audio_clean/wav/382.wav,/content/drive/MyDrive/SeaAlert/data/audio_noisy/low/382.wav,/content/drive/MyDrive/SeaAlert/data/audio_noisy/med/382.wav,/content/drive/MyDrive/SeaAlert/data/audio_noisy/high/382.wav
383,/content/drive/MyDrive/SeaAlert/data/audio_clean/wav/383.wav,/content/drive/MyDrive/SeaAlert/data/audio_noisy/low/383.wav,/content/drive/MyDrive/SeaAlert/data/audio_noisy/med/383.wav,/content/drive/MyDrive/SeaAlert/data/audio_noisy/high/383.wav
384,/content/drive/MyDrive/SeaAlert/data/audio_clean/wav/384.wav,/content/drive/MyDrive/SeaAlert/data/audio_noisy/low/384.wav,/content/drive/MyDrive/SeaAlert/data/audio_noisy/med/384.wav,/content/drive/MyDrive/SeaAlert/data/audio_noisy/high/384.wav
385,/content/drive/MyDrive/SeaAlert/data/audio_clean/wav/385.wav,/content/drive/MyDrive/SeaAlert/data/audio_noisy/low/385.wav,/content/drive/MyDrive/SeaAlert/data/audio_noisy/med/385.wav,/content/drive/MyDrive/SeaAlert/data/audio_noisy/high/385.wav
386,/content/drive/MyDrive/SeaAlert/data/audio_clean/wav/386.wav,/content/drive/MyDrive/SeaAlert/data/audio_noisy/low/386.wav,/content/drive/MyDrive/SeaAlert/data/audio_noisy/med/386.wav,/content/drive/MyDrive/SeaAlert/data/audio_noisy/high/386.wav
387,/content/drive/MyDrive/SeaAlert/data/audio_clean/wav/387.wav,/content/drive/MyDrive/SeaAlert/data/audio_noisy/low/387.wav,/content/drive/MyDrive/SeaAlert/data/audio_noisy/med/387.wav,/content/drive/MyDrive/SeaAlert/data/audio_noisy/high/387.wav
388,/content/drive/MyDrive/SeaAlert/data/audio_clean/wav/388.wav,/content/drive/MyDrive/SeaAlert/data/audio_noisy/low/388.wav,/content/drive/MyDrive/SeaAlert/data/audio_noisy/med/388.wav,/content/drive/MyDrive/SeaAlert/data/audio_noisy/high/388.wav
389,/content/drive/MyDrive/SeaAlert/data/audio_clean/wav/389.wav,/content/drive/MyDrive/SeaAlert/data/audio_noisy/low/389.wav,/content/drive/MyDrive/SeaAlert/data/audio_noisy/med/389.wav,/content/drive/MyDrive/SeaAlert/data/audio_noisy/high/389.wav
390,/content/drive/MyDrive/SeaAlert/data/audio_clean/wav/390.wav,/content/drive/MyDrive/SeaAlert/data/audio_noisy/low/390.wav,/content/drive/MyDrive/SeaAlert/data/audio_noisy/med/390.wav,/content/drive/MyDrive/SeaAlert/data/audio_noisy/high/390.wav
391,/content/drive/MyDrive/SeaAlert/data/audio_clean/wav/391.wav,/content/drive/MyDrive/SeaAlert/data/audio_noisy/low/391.wav,/content/drive/MyDrive/SeaAlert/data/audio_noisy/med/391.wav,/content/drive/MyDrive/SeaAlert/data/audio_noisy/high/391.wav
392,/content/drive/MyDrive/SeaAlert/data/audio_clean/wav/392.wav,/content/drive/MyDrive/SeaAlert/data/audio_noisy/low/392.wav,/content/drive/MyDrive/SeaAlert/data/audio_noisy/med/392.wav,/content/drive/MyDrive/SeaAlert/data/audio_noisy/high/392.wav
393,/content/drive/MyDrive/SeaAlert/data/audio_clean/wav/393.wav,/content/drive/MyDrive/SeaAlert/data/audio_noisy/low/393.wav,/content/drive/MyDrive/SeaAlert/data/audio_noisy/med/393.wav,/content/drive/MyDrive/SeaAlert/data/audio_noisy/high/393.wav
394,/content/drive/MyDrive/SeaAlert/data/audio_clean/wav/394.wav,/content/drive/MyDrive/SeaAlert/data/audio_noisy/low/394.wav,/content/drive/MyDrive/SeaAlert/data/audio_noisy/med/394.wav,/content/drive/MyDrive/SeaAlert/data/audio_noisy/high/394.wav
395,/content/drive/MyDrive/SeaAlert/data/audio_clean/wav/395.wav,/content/drive/MyDrive/SeaAlert/data/audio_noisy/low/395.wav,/content/drive/MyDrive/SeaAlert/data/audio_noisy/med/395.wav,/content/drive/MyDrive/SeaAlert/data/audio_noisy/high/395.wav
396,/content/drive/MyDrive/SeaAlert/data/audio_clean/wav/396.wav,/content/drive/MyDrive/SeaAlert/data/audio_noisy/low/396.wav,/content/drive/MyDrive/SeaAlert/data/audio_noisy/med/396.wav,/content/drive/MyDrive/SeaAlert/data/audio_noisy/high/396.wav
397,/content/drive/MyDrive/SeaAlert/data/audio_clean/wav/397.wav,/content/drive/MyDrive/SeaAlert/data/audio_noisy/low/397.wav,/content/drive/MyDrive/SeaAlert/data/audio_noisy/med/397.wav,/content/drive/MyDrive/SeaAlert/data/audio_noisy/high/397.wav
398,/content/drive/MyDrive/SeaAlert/data/audio_clean/wav/398.wav,/content/drive/MyDrive/SeaAlert/data/audio_noisy/low/398.wav,/content/drive/MyDrive/SeaAlert/data/audio_noisy/med/398.wav,/content/drive/MyDrive/SeaAlert/data/audio_noisy/high/398.wav
399,/content/drive/MyDrive/SeaAlert/data/audio_clean/wav/399.wav,/content/drive/MyDrive/SeaAlert/data/audio_noisy/low/399.wav,/content/drive/MyDrive/SeaAlert/data/audio_noisy/med/399.wav,/content/drive/MyDrive/SeaAlert/data/audio_noisy/high/399.wav
400,/content/drive/MyDrive/SeaAlert/data/audio_clean/wav/400.wav,/content/drive/MyDrive/SeaAlert/data/audio_noisy/low/400.wav,/content/drive/MyDrive/SeaAlert/data/audio_noisy/med/400.wav,/content/drive/MyDrive/SeaAlert/data/audio_noisy/high/400.wav
401,/content/drive/MyDrive/SeaAlert/data/audio_clean/wav/401.wav,/content/drive/MyDrive/SeaAlert/data/audio_noisy/low/401.wav,/content/drive/MyDrive/SeaAlert/data/audio_noisy/med/401.wav,/content/drive/MyDrive/SeaAlert/data/audio_noisy/high/401.wav
402,/content/drive/MyDrive/SeaAlert/data/audio_clean/wav/402.wav,/content/drive/MyDrive/SeaAlert/data/audio_noisy/low/402.wav,/content/drive/MyDrive/SeaAlert/data/audio_noisy/med/402.wav,/content/drive/MyDrive/SeaAlert/data/audio_noisy/high/402.wav
403,/content/drive/MyDrive/SeaAlert/data/audio_clean/wav/403.wav,/content/drive/MyDrive/SeaAlert/data/audio_noisy/low/403.wav,/content/drive/MyDrive/SeaAlert/data/audio_noisy/med/403.wav,/content/drive/MyDrive/SeaAlert/data/audio_noisy/high/403.wav
404,/content/drive/MyDrive/SeaAlert/data/audio_clean/wav/404.wav,/content/drive/MyDrive/SeaAlert/data/audio_noisy/low/404.wav,/content/drive/MyDrive/SeaAlert/data/audio_noisy/med/404.wav,/content/drive/MyDrive/SeaAlert/data/audio_noisy/high/404.wav
405,/content/drive/MyDrive/SeaAlert/data/audio_clean/wav/405.wav,/content/drive/MyDrive/SeaAlert/data/audio_noisy/low/405.wav,/content/drive/MyDrive/SeaAlert/data/audio_noisy/med/405.wav,/content/drive/MyDrive/SeaAlert/data/audio_noisy/high/405.wav
406,/content/drive/MyDrive/SeaAlert/data/audio_clean/wav/406.wav,/content/drive/MyDrive/SeaAlert/data/audio_noisy/low/406.wav,/content/drive/MyDrive/SeaAlert/data/audio_noisy/med/406.wav,/content/drive/MyDrive/SeaAlert/data/audio_noisy/high/406.wav
407,/content/drive/MyDrive/SeaAlert/data/audio_clean/wav/407.wav,/content/drive/MyDrive/SeaAlert/data/audio_noisy/low/407.wav,/content/drive/MyDrive/SeaAlert/data/audio_noisy/med/407.wav,/content/drive/MyDrive/SeaAlert/data/audio_noisy/high/407.wav
408,/content/drive/MyDrive/SeaAlert/data/audio_clean/wav/408.wav,/content/drive/MyDrive/SeaAlert/data/audio_noisy/low/408.wav,/content/drive/MyDrive/SeaAlert/data/audio_noisy/med/408.wav,/content/drive/MyDrive/SeaAlert/data/audio_noisy/high/408.wav
409,/content/drive/MyDrive/SeaAlert/data/audio_clean/wav/409.wav,/content/drive/MyDrive/SeaAlert/data/audio_noisy/low/409.wav,/content/drive/MyDrive/SeaAlert/data/audio_noisy/med/409.wav,/content/drive/MyDrive/SeaAlert/data/audio_noisy/high/409.wav
410,/content/drive/MyDrive/SeaAlert/data/audio_clean/wav/410.wav,/content/drive/MyDrive/SeaAlert/data/audio_noisy/low/410.wav,/content/drive/MyDrive/SeaAlert/data/audio_noisy/med/410.wav,/content/drive/MyDrive/SeaAlert/data/audio_noisy/high/410.wav
411,/content/drive/MyDrive/SeaAlert/data/audio_clean/wav/411.wav,/content/drive/MyDrive/SeaAlert/data/audio_noisy/low/411.wav,/content/drive/MyDrive/SeaAlert/data/audio_noisy/med/411.wav,/content/drive/MyDrive/SeaAlert/data/audio_noisy/high/411.wav
412,/content/drive/MyDrive/SeaAlert/data/audio_clean/wav/412.wav,/content/drive/MyDrive/SeaAlert/data/audio_noisy/low/412.wav,/content/drive/MyDrive/SeaAlert/data/audio_noisy/med/412.wav,/content/drive/MyDrive/SeaAlert/data/audio_noisy/high/412.wav
413,/content/drive/MyDrive/SeaAlert/data/audio_clean/wav/413.wav,/content/drive/MyDrive/SeaAlert/data/audio_noisy/low/413.wav,/content/drive/MyDrive/SeaAlert/data/audio_noisy/med/413.wav,/content/drive/MyDrive/SeaAlert/data/audio_noisy/high/413.wav
414,/content/drive/MyDrive/SeaAlert/data/audio_clean/wav/414.wav,/content/drive/MyDrive/SeaAlert/data/audio_noisy/low/414.wav,/content/drive/MyDrive/SeaAlert/data/audio_noisy/med/414.wav,/content/drive/MyDrive/SeaAlert/data/audio_noisy/high/414.wav
415,/content/drive/MyDrive/SeaAlert/data/audio_clean/wav/415.wav,/content/drive/MyDrive/SeaAlert/data/audio_noisy/low/415.wav,/content/drive/MyDrive/SeaAlert/data/audio_noisy/med/415.wav,/content/drive/MyDrive/SeaAlert/data/audio_noisy/high/415.wav
416,/content/drive/MyDrive/SeaAlert/data/audio_clean/wav/416.wav,/content/drive/MyDrive/SeaAlert/data/audio_noisy/low/416.wav,/content/drive/MyDrive/SeaAlert/data/audio_noisy/med/416.wav,/content/drive/MyDrive/SeaAlert/data/audio_noisy/high/416.wav
417,/content/drive/MyDrive/SeaAlert/data/audio_clean/wav/417.wav,/content/drive/MyDrive/SeaAlert/data/audio_noisy/low/417.wav,/content/drive/MyDrive/SeaAlert/data/audio_noisy/med/417.wav,/content/drive/MyDrive/SeaAlert/data/audio_noisy/high/417.wav
418,/content/drive/MyDrive/SeaAlert/data/audio_clean/wav/418.wav,/content/drive/MyDrive/SeaAlert/data/audio_noisy/low/418.wav,/content/drive/MyDrive/SeaAlert/data/audio_noisy/med/418.wav,/content/drive/MyDrive/SeaAlert/data/audio_noisy/high/418.wav
419,/content/drive/MyDrive/SeaAlert/data/audio_clean/wav/419.wav,/content/drive/MyDrive/SeaAlert/data/audio_noisy/low/419.wav,/content/drive/MyDrive/SeaAlert/data/audio_noisy/med/419.wav,/content/drive/MyDrive/SeaAlert/data/audio_noisy/high/419.wav
420,/content/drive/MyDrive/SeaAlert/data/audio_clean/wav/420.wav,/content/drive/MyDrive/SeaAlert/data/audio_noisy/low/420.wav,/content/drive/MyDrive/SeaAlert/data/audio_noisy/med/420.wav,/content/drive/MyDrive/SeaAlert/data/audio_noisy/high/420.wav
421,/content/drive/MyDrive/SeaAlert/data/audio_clean/wav/421.wav,/content/drive/MyDrive/SeaAlert/data/audio_noisy/low/421.wav,/content/drive/MyDrive/SeaAlert/data/audio_noisy/med/421.wav,/content/drive/MyDrive/SeaAlert/data/audio_noisy/high/421.wav
422,/content/drive/MyDrive/SeaAlert/data/audio_clean/wav/422.wav,/content/drive/MyDrive/SeaAlert/data/audio_noisy/low/422.wav,/content/drive/MyDrive/SeaAlert/data/audio_noisy/med/422.wav,/content/drive/MyDrive/SeaAlert/data/audio_noisy/high/422.wav
423,/content/drive/MyDrive/SeaAlert/data/audio_clean/wav/423.wav,/content/drive/MyDrive/SeaAlert/data/audio_noisy/low/423.wav,/content/drive/MyDrive/SeaAlert/data/audio_noisy/med/423.wav,/content/drive/MyDrive/SeaAlert/data/audio_noisy/high/423.wav
424,/content/drive/MyDrive/SeaAlert/data/audio_clean/wav/424.wav,/content/drive/MyDrive/SeaAlert/data/audio_noisy/low/424.wav,/content/drive/MyDrive/SeaAlert/data/audio_noisy/med/424.wav,/content/drive/MyDrive/SeaAlert/data/audio_noisy/high/424.wav
425,/content/drive/MyDrive/SeaAlert/data/audio_clean/wav/425.wav,/content/drive/MyDrive/SeaAlert/data/audio_noisy/low/425.wav,/content/drive/MyDrive/SeaAlert/data/audio_noisy/med/425.wav,/content/drive/MyDrive/SeaAlert/data/audio_noisy/high/425.wav
426,/content/drive/MyDrive/SeaAlert/data/audio_clean/wav/426.wav,/content/drive/MyDrive/SeaAlert/data/audio_noisy/low/426.wav,/content/drive/MyDrive/SeaAlert/data/audio_noisy/med/426.wav,/content/drive/MyDrive/SeaAlert/data/audio_noisy/high/426.wav
427,/content/drive/MyDrive/SeaAlert/data/audio_clean/wav/427.wav,/content/drive/MyDrive/SeaAlert/data/audio_noisy/low/427.wav,/content/drive/MyDrive/SeaAlert/data/audio_noisy/med/427.wav,/content/drive/MyDrive/SeaAlert/data/audio_noisy/high/427.wav
428,/content/drive/MyDrive/SeaAlert/data/audio_clean/wav/428.wav,/content/drive/MyDrive/SeaAlert/data/audio_noisy/low/428.wav,/content/drive/MyDrive/SeaAlert/data/audio_noisy/med/428.wav,/content/drive/MyDrive/SeaAlert/data/audio_noisy/high/428.wav
429,/content/drive/MyDrive/SeaAlert/data/audio_clean/wav/429.wav,/content/drive/MyDrive/SeaAlert/data/audio_noisy/low/429.wav,/content/drive/MyDrive/SeaAlert/data/audio_noisy/med/429.wav,/content/drive/MyDrive/SeaAlert/data/audio_noisy/high/429.wav
430,/content/drive/MyDrive/SeaAlert/data/audio_clean/wav/430.wav,/content/drive/MyDrive/SeaAlert/data/audio_noisy/low/430.wav,/content/drive/MyDrive/SeaAlert/data/audio_noisy/med/430.wav,/content/drive/MyDrive/SeaAlert/data/audio_noisy/high/430.wav
431,/content/drive/MyDrive/SeaAlert/data/audio_clean/wav/431.wav,/content/drive/MyDrive/SeaAlert/data/audio_noisy/low/431.wav,/content/drive/MyDrive/SeaAlert/data/audio_noisy/med/431.wav,/content/drive/MyDrive/SeaAlert/data/audio_noisy/high/431.wav
432,/content/drive/MyDrive/SeaAlert/data/audio_clean/wav/432.wav,/content/drive/MyDrive/SeaAlert/data/audio_noisy/low/432.wav,/content/drive/MyDrive/SeaAlert/data/audio_noisy/med/432.wav,/content/drive/MyDrive/SeaAlert/data/audio_noisy/high/432.wav
433,/content/drive/MyDrive/SeaAlert/data/audio_clean/wav/433.wav,/content/drive/MyDrive/SeaAlert/data/audio_noisy/low/433.wav,/content/drive/MyDrive/SeaAlert/data/audio_noisy/med/433.wav,/content/drive/MyDrive/SeaAlert/data/audio_noisy/high/433.wav
434,/content/drive/MyDrive/SeaAlert/data/audio_clean/wav/434.wav,/content/drive/MyDrive/SeaAlert/data/audio_noisy/low/434.wav,/content/drive/MyDrive/SeaAlert/data/audio_noisy/med/434.wav,/content/drive/MyDrive/SeaAlert/data/audio_noisy/high/434.wav
435,/content/drive/MyDrive/SeaAlert/data/audio_clean/wav/435.wav,/content/drive/MyDrive/SeaAlert/data/audio_noisy/low/435.wav,/content/drive/MyDrive/SeaAlert/data/audio_noisy/med/435.wav,/content/drive/MyDrive/SeaAlert/data/audio_noisy/high/435.wav
436,/content/drive/MyDrive/SeaAlert/data/audio_clean/wav/436.wav,/content/drive/MyDrive/SeaAlert/data/audio_noisy/low/436.wav,/content/drive/MyDrive/SeaAlert/data/audio_noisy/med/436.wav,/content/drive/MyDrive/SeaAlert/data/audio_noisy/high/436.wav
437,/content/drive/MyDrive/SeaAlert/data/audio_clean/wav/437.wav,/content/drive/MyDrive/SeaAlert/data/audio_noisy/low/437.wav,/content/drive/MyDrive/SeaAlert/data/audio_noisy/med/437.wav,/content/drive/MyDrive/SeaAlert/data/audio_noisy/high/437.wav
438,/content/drive/MyDrive/SeaAlert/data/audio_clean/wav/438.wav,/content/drive/MyDrive/SeaAlert/data/audio_noisy/low/438.wav,/content/drive/MyDrive/SeaAlert/data/audio_noisy/med/438.wav,/content/drive/MyDrive/SeaAlert/data/audio_noisy/high/438.wav
439,/content/drive/MyDrive/SeaAlert/data/audio_clean/wav/439.wav,/content/drive/MyDrive/SeaAlert/data/audio_noisy/low/439.wav,/content/drive/MyDrive/SeaAlert/data/audio_noisy/med/439.wav,/content/drive/MyDrive/SeaAlert/data/audio_noisy/high/439.wav
440,/content/drive/MyDrive/SeaAlert/data/audio_clean/wav/440.wav,/content/drive/MyDrive/SeaAlert/data/audio_noisy/low/440.wav,/content/drive/MyDrive/SeaAlert/data/audio_noisy/med/440.wav,/content/drive/MyDrive/SeaAlert/data/audio_noisy/high/440.wav
441,/content/drive/MyDrive/SeaAlert/data/audio_clean/wav/441.wav,/content/drive/MyDrive/SeaAlert/data/audio_noisy/low/441.wav,/content/drive/MyDrive/SeaAlert/data/audio_noisy/med/441.wav,/content/drive/MyDrive/SeaAlert/data/audio_noisy/high/441.wav
442,/content/drive/MyDrive/SeaAlert/data/audio_clean/wav/442.wav,/content/drive/MyDrive/SeaAlert/data/audio_noisy/low/442.wav,/content/drive/MyDrive/SeaAlert/data/audio_noisy/med/442.wav,/content/drive/MyDrive/SeaAlert/data/audio_noisy/high/442.wav
443,/content/drive/MyDrive/SeaAlert/data/audio_clean/wav/443.wav,/content/drive/MyDrive/SeaAlert/data/audio_noisy/low/443.wav,/content/drive/MyDrive/SeaAlert/data/audio_noisy/med/443.wav,/content/drive/MyDrive/SeaAlert/data/audio_noisy/high/443.wav
444,/content/drive/MyDrive/SeaAlert/data/audio_clean/wav/444.wav,/content/drive/MyDrive/SeaAlert/data/audio_noisy/low/444.wav,/content/drive/MyDrive/SeaAlert/data/audio_noisy/med/444.wav,/content/drive/MyDrive/SeaAlert/data/audio_noisy/high/444.wav
445,/content/drive/MyDrive/SeaAlert/data/audio_clean/wav/445.wav,/content/drive/MyDrive/SeaAlert/data/audio_noisy/low/445.wav,/content/drive/MyDrive/SeaAlert/data/audio_noisy/med/445.wav,/content/drive/MyDrive/SeaAlert/data/audio_noisy/high/445.wav
446,/content/drive/MyDrive/SeaAlert/data/audio_clean/wav/446.wav,/content/drive/MyDrive/SeaAlert/data/audio_noisy/low/446.wav,/content/drive/MyDrive/SeaAlert/data/audio_noisy/med/446.wav,/content/drive/MyDrive/SeaAlert/data/audio_noisy/high/446.wav
447,/content/drive/MyDrive/SeaAlert/data/audio_clean/wav/447.wav,/content/drive/MyDrive/SeaAlert/data/audio_noisy/low/447.wav,/content/drive/MyDrive/SeaAlert/data/audio_noisy/med/447.wav,/content/drive/MyDrive/SeaAlert/data/audio_noisy/high/447.wav
448,/content/drive/MyDrive/SeaAlert/data/audio_clean/wav/448.wav,/content/drive/MyDrive/SeaAlert/data/audio_noisy/low/448.wav,/content/drive/MyDrive/SeaAlert/data/audio_noisy/med/448.wav,/content/drive/MyDrive/SeaAlert/data/audio_noisy/high/448.wav
449,/content/drive/MyDrive/SeaAlert/data/audio_clean/wav/449.wav,/content/drive/MyDrive/SeaAlert/data/audio_noisy/low/449.wav,/content/drive/MyDrive/SeaAlert/data/audio_noisy/med/449.wav,/content/drive/MyDrive/SeaAlert/data/audio_noisy/high/449.wav
450,/content/drive/MyDrive/SeaAlert/data/audio_clean/wav/450.wav,/content/drive/MyDrive/SeaAlert/data/audio_noisy/low/450.wav,/content/drive/MyDrive/SeaAlert/data/audio_noisy/med/450.wav,/content/drive/MyDrive/SeaAlert/data/audio_noisy/high/450.wav
451,/content/drive/MyDrive/SeaAlert/data/audio_clean/wav/451.wav,/content/drive/MyDrive/SeaAlert/data/audio_noisy/low/451.wav,/content/drive/MyDrive/SeaAlert/data/audio_noisy/med/451.wav,/content/drive/MyDrive/SeaAlert/data/audio_noisy/high/451.wav
452,/content/drive/MyDrive/SeaAlert/data/audio_clean/wav/452.wav,/content/drive/MyDrive/SeaAlert/data/audio_noisy/low/452.wav,/content/drive/MyDrive/SeaAlert/data/audio_noisy/med/452.wav,/content/drive/MyDrive/SeaAlert/data/audio_noisy/high/452.wav
453,/content/drive/MyDrive/SeaAlert/data/audio_clean/wav/453.wav,/content/drive/MyDrive/SeaAlert/data/audio_noisy/low/453.wav,/content/drive/MyDrive/SeaAlert/data/audio_noisy/med/453.wav,/content/drive/MyDrive/SeaAlert/data/audio_noisy/high/453.wav
454,/content/drive/MyDrive/SeaAlert/data/audio_clean/wav/454.wav,/content/drive/MyDrive/SeaAlert/data/audio_noisy/low/454.wav,/content/drive/MyDrive/SeaAlert/data/audio_noisy/med/454.wav,/content/drive/MyDrive/SeaAlert/data/audio_noisy/high/454.wav
455,/content/drive/MyDrive/SeaAlert/data/audio_clean/wav/455.wav,/content/drive/MyDrive/SeaAlert/data/audio_noisy/low/455.wav,/content/drive/MyDrive/SeaAlert/data/audio_noisy/med/455.wav,/content/drive/MyDrive/SeaAlert/data/audio_noisy/high/455.wav
456,/content/drive/MyDrive/SeaAlert/data/audio_clean/wav/456.wav,/content/drive/MyDrive/SeaAlert/data/audio_noisy/low/456.wav,/content/drive/MyDrive/SeaAlert/data/audio_noisy/med/456.wav,/content/drive/MyDrive/SeaAlert/data/audio_noisy/high/456.wav
457,/content/drive/MyDrive/SeaAlert/data/audio_clean/wav/457.wav,/content/drive/MyDrive/SeaAlert/data/audio_noisy/low/457.wav,/content/drive/MyDrive/SeaAlert/data/audio_noisy/med/457.wav,/content/drive/MyDrive/SeaAlert/data/audio_noisy/high/457.wav
458,/content/drive/MyDrive/SeaAlert/data/audio_clean/wav/458.wav,/content/drive/MyDrive/SeaAlert/data/audio_noisy/low/458.wav,/content/drive/MyDrive/SeaAlert/data/audio_noisy/med/458.wav,/content/drive/MyDrive/SeaAlert/data/audio_noisy/high/458.wav
459,/content/drive/MyDrive/SeaAlert/data/audio_clean/wav/459.wav,/content/drive/MyDrive/SeaAlert/data/audio_noisy/low/459.wav,/content/drive/MyDrive/SeaAlert/data/audio_noisy/med/459.wav,/content/drive/MyDrive/SeaAlert/data/audio_noisy/high/459.wav
460,/content/drive/MyDrive/SeaAlert/data/audio_clean/wav/460.wav,/content/drive/MyDrive/SeaAlert/data/audio_noisy/low/460.wav,/content/drive/MyDrive/SeaAlert/data/audio_noisy/med/460.wav,/content/drive/MyDrive/SeaAlert/data/audio_noisy/high/460.wav
461,/content/drive/MyDrive/SeaAlert/data/audio_clean/wav/461.wav,/content/drive/MyDrive/SeaAlert/data/audio_noisy/low/461.wav,/content/drive/MyDrive/SeaAlert/data/audio_noisy/med/461.wav,/content/drive/MyDrive/SeaAlert/data/audio_noisy/high/461.wav
462,/content/drive/MyDrive/SeaAlert/data/audio_clean/wav/462.wav,/content/drive/MyDrive/SeaAlert/data/audio_noisy/low/462.wav,/content/drive/MyDrive/SeaAlert/data/audio_noisy/med/462.wav,/content/drive/MyDrive/SeaAlert/data/audio_noisy/high/462.wav
463,/content/drive/MyDrive/SeaAlert/data/audio_clean/wav/463.wav,/content/drive/MyDrive/SeaAlert/data/audio_noisy/low/463.wav,/content/drive/MyDrive/SeaAlert/data/audio_noisy/med/463.wav,/content/drive/MyDrive/SeaAlert/data/audio_noisy/high/463.wav
464,/content/drive/MyDrive/SeaAlert/data/audio_clean/wav/464.wav,/content/drive/MyDrive/SeaAlert/data/audio_noisy/low/464.wav,/content/drive/MyDrive/SeaAlert/data/audio_noisy/med/464.wav,/content/drive/MyDrive/SeaAlert/data/audio_noisy/high/464.wav
465,/content/drive/MyDrive/SeaAlert/data/audio_clean/wav/465.wav,/content/drive/MyDrive/SeaAlert/data/audio_noisy/low/465.wav,/content/drive/MyDrive/SeaAlert/data/audio_noisy/med/465.wav,/content/drive/MyDrive/SeaAlert/data/audio_noisy/high/465.wav
466,/content/drive/MyDrive/SeaAlert/data/audio_clean/wav/466.wav,/content/drive/MyDrive/SeaAlert/data/audio_noisy/low/466.wav,/content/drive/MyDrive/SeaAlert/data/audio_noisy/med/466.wav,/content/drive/MyDrive/SeaAlert/data/audio_noisy/high/466.wav
467,/content/drive/MyDrive/SeaAlert/data/audio_clean/wav/467.wav,/content/drive/MyDrive/SeaAlert/data/audio_noisy/low/467.wav,/content/drive/MyDrive/SeaAlert/data/audio_noisy/med/467.wav,/content/drive/MyDrive/SeaAlert/data/audio_noisy/high/467.wav
468,/content/drive/MyDrive/SeaAlert/data/audio_clean/wav/468.wav,/content/drive/MyDrive/SeaAlert/data/audio_noisy/low/468.wav,/content/drive/MyDrive/SeaAlert/data/audio_noisy/med/468.wav,/content/drive/MyDrive/SeaAlert/data/audio_noisy/high/468.wav
469,/content/drive/MyDrive/SeaAlert/data/audio_clean/wav/469.wav,/content/drive/MyDrive/SeaAlert/data/audio_noisy/low/469.wav,/content/drive/MyDrive/SeaAlert/data/audio_noisy/med/469.wav,/content/drive/MyDrive/SeaAlert/data/audio_noisy/high/469.wav
470,/content/drive/MyDrive/SeaAlert/data/audio_clean/wav/470.wav,/content/drive/MyDrive/SeaAlert/data/audio_noisy/low/470.wav,/content/drive/MyDrive/SeaAlert/data/audio_noisy/med/470.wav,/content/drive/MyDrive/SeaAlert/data/audio_noisy/high/470.wav
471,/content/drive/MyDrive/SeaAlert/data/audio_clean/wav/471.wav,/content/drive/MyDrive/SeaAlert/data/audio_noisy/low/471.wav,/content/drive/MyDrive/SeaAlert/data/audio_noisy/med/471.wav,/content/drive/MyDrive/SeaAlert/data/audio_noisy/high/471.wav
472,/content/drive/MyDrive/SeaAlert/data/audio_clean/wav/472.wav,/content/drive/MyDrive/SeaAlert/data/audio_noisy/low/472.wav,/content/drive/MyDrive/SeaAlert/data/audio_noisy/med/472.wav,/content/drive/MyDrive/SeaAlert/data/audio_noisy/high/472.wav
473,/content/drive/MyDrive/SeaAlert/data/audio_clean/wav/473.wav,/content/drive/MyDrive/SeaAlert/data/audio_noisy/low/473.wav,/content/drive/MyDrive/SeaAlert/data/audio_noisy/med/473.wav,/content/drive/MyDrive/SeaAlert/data/audio_noisy/high/473.wav
474,/content/drive/MyDrive/SeaAlert/data/audio_clean/wav/474.wav,/content/drive/MyDrive/SeaAlert/data/audio_noisy/low/474.wav,/content/drive/MyDrive/SeaAlert/data/audio_noisy/med/474.wav,/content/drive/MyDrive/SeaAlert/data/audio_noisy/high/474.wav
475,/content/drive/MyDrive/SeaAlert/data/audio_clean/wav/475.wav,/content/drive/MyDrive/SeaAlert/data/audio_noisy/low/475.wav,/content/drive/MyDrive/SeaAlert/data/audio_noisy/med/475.wav,/content/drive/MyDrive/SeaAlert/data/audio_noisy/high/475.wav
476,/content/drive/MyDrive/SeaAlert/data/audio_clean/wav/476.wav,/content/drive/MyDrive/SeaAlert/data/audio_noisy/low/476.wav,/content/drive/MyDrive/SeaAlert/data/audio_noisy/med/476.wav,/content/drive/MyDrive/SeaAlert/data/audio_noisy/high/476.wav
477,/content/drive/MyDrive/SeaAlert/data/audio_clean/wav/477.wav,/content/drive/MyDrive/SeaAlert/data/audio_noisy/low/477.wav,/content/drive/MyDrive/SeaAlert/data/audio_noisy/med/477.wav,/content/drive/MyDrive/SeaAlert/data/audio_noisy/high/477.wav
478,/content/drive/MyDrive/SeaAlert/data/audio_clean/wav/478.wav,/content/drive/MyDrive/SeaAlert/data/audio_noisy/low/478.wav,/content/drive/MyDrive/SeaAlert/data/audio_noisy/med/478.wav,/content/drive/MyDrive/SeaAlert/data/audio_noisy/high/478.wav
479,/content/drive/MyDrive/SeaAlert/data/audio_clean/wav/479.wav,/content/drive/MyDrive/SeaAlert/data/audio_noisy/low/479.wav,/content/drive/MyDrive/SeaAlert/data/audio_noisy/med/479.wav,/content/drive/MyDrive/SeaAlert/data/audio_noisy/high/479.wav
480,/content/drive/MyDrive/SeaAlert/data/audio_clean/wav/480.wav,/content/drive/MyDrive/SeaAlert/data/audio_noisy/low/480.wav,/content/drive/MyDrive/SeaAlert/data/audio_noisy/med/480.wav,/content/drive/MyDrive/SeaAlert/data/audio_noisy/high/480.wav
481,/content/drive/MyDrive/SeaAlert/data/audio_clean/wav/481.wav,/content/drive/MyDrive/SeaAlert/data/audio_noisy/low/481.wav,/content/drive/MyDrive/SeaAlert/data/audio_noisy/med/481.wav,/content/drive/MyDrive/SeaAlert/data/audio_noisy/high/481.wav
482,/content/drive/MyDrive/SeaAlert/data/audio_clean/wav/482.wav,/content/drive/MyDrive/SeaAlert/data/audio_noisy/low/482.wav,/content/drive/MyDrive/SeaAlert/data/audio_noisy/med/482.wav,/content/drive/MyDrive/SeaAlert/data/audio_noisy/high/482.wav
483,/content/drive/MyDrive/SeaAlert/data/audio_clean/wav/483.wav,/content/drive/MyDrive/SeaAlert/data/audio_noisy/low/483.wav,/content/drive/MyDrive/SeaAlert/data/audio_noisy/med/483.wav,/content/drive/MyDrive/SeaAlert/data/audio_noisy/high/483.wav
484,/content/drive/MyDrive/SeaAlert/data/audio_clean/wav/484.wav,/content/drive/MyDrive/SeaAlert/data/audio_noisy/low/484.wav,/content/drive/MyDrive/SeaAlert/data/audio_noisy/med/484.wav,/content/drive/MyDrive/SeaAlert/data/audio_noisy/high/484.wav
485,/content/drive/MyDrive/SeaAlert/data/audio_clean/wav/485.wav,/content/drive/MyDrive/SeaAlert/data/audio_noisy/low/485.wav,/content/drive/MyDrive/SeaAlert/data/audio_noisy/med/485.wav,/content/drive/MyDrive/SeaAlert/data/audio_noisy/high/485.wav
486,/content/drive/MyDrive/SeaAlert/data/audio_clean/wav/486.wav,/content/drive/MyDrive/SeaAlert/data/audio_noisy/low/486.wav,/content/drive/MyDrive/SeaAlert/data/audio_noisy/med/486.wav,/content/drive/MyDrive/SeaAlert/data/audio_noisy/high/486.wav
487,/content/drive/MyDrive/SeaAlert/data/audio_clean/wav/487.wav,/content/drive/MyDrive/SeaAlert/data/audio_noisy/low/487.wav,/content/drive/MyDrive/SeaAlert/data/audio_noisy/med/487.wav,/content/drive/MyDrive/SeaAlert/data/audio_noisy/high/487.wav
488,/content/drive/MyDrive/SeaAlert/data/audio_clean/wav/488.wav,/content/drive/MyDrive/SeaAlert/data/audio_noisy/low/488.wav,/content/drive/MyDrive/SeaAlert/data/audio_noisy/med/488.wav,/content/drive/MyDrive/SeaAlert/data/audio_noisy/high/488.wav
489,/content/drive/MyDrive/SeaAlert/data/audio_clean/wav/489.wav,/content/drive/MyDrive/SeaAlert/data/audio_noisy/low/489.wav,/content/drive/MyDrive/SeaAlert/data/audio_noisy/med/489.wav,/content/drive/MyDrive/SeaAlert/data/audio_noisy/high/489.wav
490,/content/drive/MyDrive/SeaAlert/data/audio_clean/wav/490.wav,/content/drive/MyDrive/SeaAlert/data/audio_noisy/low/490.wav,/content/drive/MyDrive/SeaAlert/data/audio_noisy/med/490.wav,/content/drive/MyDrive/SeaAlert/data/audio_noisy/high/490.wav
491,/content/drive/MyDrive/SeaAlert/data/audio_clean/wav/491.wav,/content/drive/MyDrive/SeaAlert/data/audio_noisy/low/491.wav,/content/drive/MyDrive/SeaAlert/data/audio_noisy/med/491.wav,/content/drive/MyDrive/SeaAlert/data/audio_noisy/high/491.wav
492,/content/drive/MyDrive/SeaAlert/data/audio_clean/wav/492.wav,/content/drive/MyDrive/SeaAlert/data/audio_noisy/low/492.wav,/content/drive/MyDrive/SeaAlert/data/audio_noisy/med/492.wav,/content/drive/MyDrive/SeaAlert/data/audio_noisy/high/492.wav
493,/content/drive/MyDrive/SeaAlert/data/audio_clean/wav/493.wav,/content/drive/MyDrive/SeaAlert/data/audio_noisy/low/493.wav,/content/drive/MyDrive/SeaAlert/data/audio_noisy/med/493.wav,/content/drive/MyDrive/SeaAlert/data/audio_noisy/high/493.wav
494,/content/drive/MyDrive/SeaAlert/data/audio_clean/wav/494.wav,/content/drive/MyDrive/SeaAlert/data/audio_noisy/low/494.wav,/content/drive/MyDrive/SeaAlert/data/audio_noisy/med/494.wav,/content/drive/MyDrive/SeaAlert/data/audio_noisy/high/494.wav
495,/content/drive/MyDrive/SeaAlert/data/audio_clean/wav/495.wav,/content/drive/MyDrive/SeaAlert/data/audio_noisy/low/495.wav,/content/drive/MyDrive/SeaAlert/data/audio_noisy/med/495.wav,/content/drive/MyDrive/SeaAlert/data/audio_noisy/high/495.wav
496,/content/drive/MyDrive/SeaAlert/data/audio_clean/wav/496.wav,/content/drive/MyDrive/SeaAlert/data/audio_noisy/low/496.wav,/content/drive/MyDrive/SeaAlert/data/audio_noisy/med/496.wav,/content/drive/MyDrive/SeaAlert/data/audio_noisy/high/496.wav
497,/content/drive/MyDrive/SeaAlert/data/audio_clean/wav/497.wav,/content/drive/MyDrive/SeaAlert/data/audio_noisy/low/497.wav,/content/drive/MyDrive/SeaAlert/data/audio_noisy/med/497.wav,/content/drive/MyDrive/SeaAlert/data/audio_noisy/high/497.wav
498,/content/drive/MyDrive/SeaAlert/data/audio_clean/wav/498.wav,/content/drive/MyDrive/SeaAlert/data/audio_noisy/low/498.wav,/content/drive/MyDrive/SeaAlert/data/audio_noisy/med/498.wav,/content/drive/MyDrive/SeaAlert/data/audio_noisy/high/498.wav
499,/content/drive/MyDrive/SeaAlert/data/audio_clean/wav/499.wav,/content/drive/MyDrive/SeaAlert/data/audio_noisy/low/499.wav,/content/drive/MyDrive/SeaAlert/data/audio_noisy/med/499.wav,/content/drive/MyDrive/SeaAlert/data/audio_noisy/high/499.wav
500,/content/drive/MyDrive/SeaAlert/data/audio_clean/wav/500.wav,/content/drive/MyDrive/SeaAlert/data/audio_noisy/low/500.wav,/content/drive/MyDrive/SeaAlert/data/audio_noisy/med/500.wav,/content/drive/MyDrive/SeaAlert/data/audio_noisy/high/500.wav
501,/content/drive/MyDrive/SeaAlert/data/audio_clean/wav/501.wav,/content/drive/MyDrive/SeaAlert/data/audio_noisy/low/501.wav,/content/drive/MyDrive/SeaAlert/data/audio_noisy/med/501.wav,/content/drive/MyDrive/SeaAlert/data/audio_noisy/high/501.wav
502,/content/drive/MyDrive/SeaAlert/data/audio_clean/wav/502.wav,/content/drive/MyDrive/SeaAlert/data/audio_noisy/low/502.wav,/content/drive/MyDrive/SeaAlert/data/audio_noisy/med/502.wav,/content/drive/MyDrive/SeaAlert/data/audio_noisy/high/502.wav
503,/content/drive/MyDrive/SeaAlert/data/audio_clean/wav/503.wav,/content/drive/MyDrive/SeaAlert/data/audio_noisy/low/503.wav,/content/drive/MyDrive/SeaAlert/data/audio_noisy/med/503.wav,/content/drive/MyDrive/SeaAlert/data/audio_noisy/high/503.wav
504,/content/drive/MyDrive/SeaAlert/data/audio_clean/wav/504.wav,/content/drive/MyDrive/SeaAlert/data/audio_noisy/low/504.wav,/content/drive/MyDrive/SeaAlert/data/audio_noisy/med/504.wav,/content/drive/MyDrive/SeaAlert/data/audio_noisy/high/504.wav
505,/content/drive/MyDrive/SeaAlert/data/audio_clean/wav/505.wav,/content/drive/MyDrive/SeaAlert/data/audio_noisy/low/505.wav,/content/drive/MyDrive/SeaAlert/data/audio_noisy/med/505.wav,/content/drive/MyDrive/SeaAlert/data/audio_noisy/high/505.wav
506,/content/drive/MyDrive/SeaAlert/data/audio_clean/wav/506.wav,/content/drive/MyDrive/SeaAlert/data/audio_noisy/low/506.wav,/content/drive/MyDrive/SeaAlert/data/audio_noisy/med/506.wav,/content/drive/MyDrive/SeaAlert/data/audio_noisy/high/506.wav
507,/content/drive/MyDrive/SeaAlert/data/audio_clean/wav/507.wav,/content/drive/MyDrive/SeaAlert/data/audio_noisy/low/507.wav,/content/drive/MyDrive/SeaAlert/data/audio_noisy/med/507.wav,/content/drive/MyDrive/SeaAlert/data/audio_noisy/high/507.wav
508,/content/drive/MyDrive/SeaAlert/data/audio_clean/wav/508.wav,/content/drive/MyDrive/SeaAlert/data/audio_noisy/low/508.wav,/content/drive/MyDrive/SeaAlert/data/audio_noisy/med/508.wav,/content/drive/MyDrive/SeaAlert/data/audio_noisy/high/508.wav
509,/content/drive/MyDrive/SeaAlert/data/audio_clean/wav/509.wav,/content/drive/MyDrive/SeaAlert/data/audio_noisy/low/509.wav,/content/drive/MyDrive/SeaAlert/data/audio_noisy/med/509.wav,/content/drive/MyDrive/SeaAlert/data/audio_noisy/high/509.wav
510,/content/drive/MyDrive/SeaAlert/data/audio_clean/wav/510.wav,/content/drive/MyDrive/SeaAlert/data/audio_noisy/low/510.wav,/content/drive/MyDrive/SeaAlert/data/audio_noisy/med/510.wav,/content/drive/MyDrive/SeaAlert/data/audio_noisy/high/510.wav
511,/content/drive/MyDrive/SeaAlert/data/audio_clean/wav/511.wav,/content/drive/MyDrive/SeaAlert/data/audio_noisy/low/511.wav,/content/drive/MyDrive/SeaAlert/data/audio_noisy/med/511.wav,/content/drive/MyDrive/SeaAlert/data/audio_noisy/high/511.wav
512,/content/drive/MyDrive/SeaAlert/data/audio_clean/wav/512.wav,/content/drive/MyDrive/SeaAlert/data/audio_noisy/low/512.wav,/content/drive/MyDrive/SeaAlert/data/audio_noisy/med/512.wav,/content/drive/MyDrive/SeaAlert/data/audio_noisy/high/512.wav
513,/content/drive/MyDrive/SeaAlert/data/audio_clean/wav/513.wav,/content/drive/MyDrive/SeaAlert/data/audio_noisy/low/513.wav,/content/drive/MyDrive/SeaAlert/data/audio_noisy/med/513.wav,/content/drive/MyDrive/SeaAlert/data/audio_noisy/high/513.wav
514,/content/drive/MyDrive/SeaAlert/data/audio_clean/wav/514.wav,/content/drive/MyDrive/SeaAlert/data/audio_noisy/low/514.wav,/content/drive/MyDrive/SeaAlert/data/audio_noisy/med/514.wav,/content/drive/MyDrive/SeaAlert/data/audio_noisy/high/514.wav
515,/content/drive/MyDrive/SeaAlert/data/audio_clean/wav/515.wav,/content/drive/MyDrive/SeaAlert/data/audio_noisy/low/515.wav,/content/drive/MyDrive/SeaAlert/data/audio_noisy/med/515.wav,/content/drive/MyDrive/SeaAlert/data/audio_noisy/high/515.wav
516,/content/drive/MyDrive/SeaAlert/data/audio_clean/wav/516.wav,/content/drive/MyDrive/SeaAlert/data/audio_noisy/low/516.wav,/content/drive/MyDrive/SeaAlert/data/audio_noisy/med/516.wav,/content/drive/MyDrive/SeaAlert/data/audio_noisy/high/516.wav
517,/content/drive/MyDrive/SeaAlert/data/audio_clean/wav/517.wav,/content/drive/MyDrive/SeaAlert/data/audio_noisy/low/517.wav,/content/drive/MyDrive/SeaAlert/data/audio_noisy/med/517.wav,/content/drive/MyDrive/SeaAlert/data/audio_noisy/high/517.wav
518,/content/drive/MyDrive/SeaAlert/data/audio_clean/wav/518.wav,/content/drive/MyDrive/SeaAlert/data/audio_noisy/low/518.wav,/content/drive/MyDrive/SeaAlert/data/audio_noisy/med/518.wav,/content/drive/MyDrive/SeaAlert/data/audio_noisy/high/518.wav
519,/content/drive/MyDrive/SeaAlert/data/audio_clean/wav/519.wav,/content/drive/MyDrive/SeaAlert/data/audio_noisy/low/519.wav,/content/drive/MyDrive/SeaAlert/data/audio_noisy/med/519.wav,/content/drive/MyDrive/SeaAlert/data/audio_noisy/high/519.wav
520,/content/drive/MyDrive/SeaAlert/data/audio_clean/wav/520.wav,/content/drive/MyDrive/SeaAlert/data/audio_noisy/low/520.wav,/content/drive/MyDrive/SeaAlert/data/audio_noisy/med/520.wav,/content/drive/MyDrive/SeaAlert/data/audio_noisy/high/520.wav
521,/content/drive/MyDrive/SeaAlert/data/audio_clean/wav/521.wav,/content/drive/MyDrive/SeaAlert/data/audio_noisy/low/521.wav,/content/drive/MyDrive/SeaAlert/data/audio_noisy/med/521.wav,/content/drive/MyDrive/SeaAlert/data/audio_noisy/high/521.wav
522,/content/drive/MyDrive/SeaAlert/data/audio_clean/wav/522.wav,/content/drive/MyDrive/SeaAlert/data/audio_noisy/low/522.wav,/content/drive/MyDrive/SeaAlert/data/audio_noisy/med/522.wav,/content/drive/MyDrive/SeaAlert/data/audio_noisy/high/522.wav
523,/content/drive/MyDrive/SeaAlert/data/audio_clean/wav/523.wav,/content/drive/MyDrive/SeaAlert/data/audio_noisy/low/523.wav,/content/drive/MyDrive/SeaAlert/data/audio_noisy/med/523.wav,/content/drive/MyDrive/SeaAlert/data/audio_noisy/high/523.wav
524,/content/drive/MyDrive/SeaAlert/data/audio_clean/wav/524.wav,/content/drive/MyDrive/SeaAlert/data/audio_noisy/low/524.wav,/content/drive/MyDrive/SeaAlert/data/audio_noisy/med/524.wav,/content/drive/MyDrive/SeaAlert/data/audio_noisy/high/524.wav
525,/content/drive/MyDrive/SeaAlert/data/audio_clean/wav/525.wav,/content/drive/MyDrive/SeaAlert/data/audio_noisy/low/525.wav,/content/drive/MyDrive/SeaAlert/data/audio_noisy/med/525.wav,/content/drive/MyDrive/SeaAlert/data/audio_noisy/high/525.wav
526,/content/drive/MyDrive/SeaAlert/data/audio_clean/wav/526.wav,/content/drive/MyDrive/SeaAlert/data/audio_noisy/low/526.wav,/content/drive/MyDrive/SeaAlert/data/audio_noisy/med/526.wav,/content/drive/MyDrive/SeaAlert/data/audio_noisy/high/526.wav
527,/content/drive/MyDrive/SeaAlert/data/audio_clean/wav/527.wav,/content/drive/MyDrive/SeaAlert/data/audio_noisy/low/527.wav,/content/drive/MyDrive/SeaAlert/data/audio_noisy/med/527.wav,/content/drive/MyDrive/SeaAlert/data/audio_noisy/high/527.wav
528,/content/drive/MyDrive/SeaAlert/data/audio_clean/wav/528.wav,/content/drive/MyDrive/SeaAlert/data/audio_noisy/low/528.wav,/content/drive/MyDrive/SeaAlert/data/audio_noisy/med/528.wav,/content/drive/MyDrive/SeaAlert/data/audio_noisy/high/528.wav
529,/content/drive/MyDrive/SeaAlert/data/audio_clean/wav/529.wav,/content/drive/MyDrive/SeaAlert/data/audio_noisy/low/529.wav,/content/drive/MyDrive/SeaAlert/data/audio_noisy/med/529.wav,/content/drive/MyDrive/SeaAlert/data/audio_noisy/high/529.wav
530,/content/drive/MyDrive/SeaAlert/data/audio_clean/wav/530.wav,/content/drive/MyDrive/SeaAlert/data/audio_noisy/low/530.wav,/content/drive/MyDrive/SeaAlert/data/audio_noisy/med/530.wav,/content/drive/MyDrive/SeaAlert/data/audio_noisy/high/530.wav
531,/content/drive/MyDrive/SeaAlert/data/audio_clean/wav/531.wav,/content/drive/MyDrive/SeaAlert/data/audio_noisy/low/531.wav,/content/drive/MyDrive/SeaAlert/data/audio_noisy/med/531.wav,/content/drive/MyDrive/SeaAlert/data/audio_noisy/high/531.wav
532,/content/drive/MyDrive/SeaAlert/data/audio_clean/wav/532.wav,/content/drive/MyDrive/SeaAlert/data/audio_noisy/low/532.wav,/content/drive/MyDrive/SeaAlert/data/audio_noisy/med/532.wav,/content/drive/MyDrive/SeaAlert/data/audio_noisy/high/532.wav
533,/content/drive/MyDrive/SeaAlert/data/audio_clean/wav/533.wav,/content/drive/MyDrive/SeaAlert/data/audio_noisy/low/533.wav,/content/drive/MyDrive/SeaAlert/data/audio_noisy/med/533.wav,/content/drive/MyDrive/SeaAlert/data/audio_noisy/high/533.wav
534,/content/drive/MyDrive/SeaAlert/data/audio_clean/wav/534.wav,/content/drive/MyDrive/SeaAlert/data/audio_noisy/low/534.wav,/content/drive/MyDrive/SeaAlert/data/audio_noisy/med/534.wav,/content/drive/MyDrive/SeaAlert/data/audio_noisy/high/534.wav
535,/content/drive/MyDrive/SeaAlert/data/audio_clean/wav/535.wav,/content/drive/MyDrive/SeaAlert/data/audio_noisy/low/535.wav,/content/drive/MyDrive/SeaAlert/data/audio_noisy/med/535.wav,/content/drive/MyDrive/SeaAlert/data/audio_noisy/high/535.wav
536,/content/drive/MyDrive/SeaAlert/data/audio_clean/wav/536.wav,/content/drive/MyDrive/SeaAlert/data/audio_noisy/low/536.wav,/content/drive/MyDrive/SeaAlert/data/audio_noisy/med/536.wav,/content/drive/MyDrive/SeaAlert/data/audio_noisy/high/536.wav
537,/content/drive/MyDrive/SeaAlert/data/audio_clean/wav/537.wav,/content/drive/MyDrive/SeaAlert/data/audio_noisy/low/537.wav,/content/drive/MyDrive/SeaAlert/data/audio_noisy/med/537.wav,/content/drive/MyDrive/SeaAlert/data/audio_noisy/high/537.wav
538,/content/drive/MyDrive/SeaAlert/data/audio_clean/wav/538.wav,/content/drive/MyDrive/SeaAlert/data/audio_noisy/low/538.wav,/content/drive/MyDrive/SeaAlert/data/audio_noisy/med/538.wav,/content/drive/MyDrive/SeaAlert/data/audio_noisy/high/538.wav
539,/content/drive/MyDrive/SeaAlert/data/audio_clean/wav/539.wav,/content/drive/MyDrive/SeaAlert/data/audio_noisy/low/539.wav,/content/drive/MyDrive/SeaAlert/data/audio_noisy/med/539.wav,/content/drive/MyDrive/SeaAlert/data/audio_noisy/high/539.wav
540,/content/drive/MyDrive/SeaAlert/data/audio_clean/wav/540.wav,/content/drive/MyDrive/SeaAlert/data/audio_noisy/low/540.wav,/content/drive/MyDrive/SeaAlert/data/audio_noisy/med/540.wav,/content/drive/MyDrive/SeaAlert/data/audio_noisy/high/540.wav
541,/content/drive/MyDrive/SeaAlert/data/audio_clean/wav/541.wav,/content/drive/MyDrive/SeaAlert/data/audio_noisy/low/541.wav,/content/drive/MyDrive/SeaAlert/data/audio_noisy/med/541.wav,/content/drive/MyDrive/SeaAlert/data/audio_noisy/high/541.wav
542,/content/drive/MyDrive/SeaAlert/data/audio_clean/wav/542.wav,/content/drive/MyDrive/SeaAlert/data/audio_noisy/low/542.wav,/content/drive/MyDrive/SeaAlert/data/audio_noisy/med/542.wav,/content/drive/MyDrive/SeaAlert/data/audio_noisy/high/542.wav
543,/content/drive/MyDrive/SeaAlert/data/audio_clean/wav/543.wav,/content/drive/MyDrive/SeaAlert/data/audio_noisy/low/543.wav,/content/drive/MyDrive/SeaAlert/data/audio_noisy/med/543.wav,/content/drive/MyDrive/SeaAlert/data/audio_noisy/high/543.wav
544,/content/drive/MyDrive/SeaAlert/data/audio_clean/wav/544.wav,/content/drive/MyDrive/SeaAlert/data/audio_noisy/low/544.wav,/content/drive/MyDrive/SeaAlert/data/audio_noisy/med/544.wav,/content/drive/MyDrive/SeaAlert/data/audio_noisy/high/544.wav
545,/content/drive/MyDrive/SeaAlert/data/audio_clean/wav/545.wav,/content/drive/MyDrive/SeaAlert/data/audio_noisy/low/545.wav,/content/drive/MyDrive/SeaAlert/data/audio_noisy/med/545.wav,/content/drive/MyDrive/SeaAlert/data/audio_noisy/high/545.wav
546,/content/drive/MyDrive/SeaAlert/data/audio_clean/wav/546.wav,/content/drive/MyDrive/SeaAlert/data/audio_noisy/low/546.wav,/content/drive/MyDrive/SeaAlert/data/audio_noisy/med/546.wav,/content/drive/MyDrive/SeaAlert/data/audio_noisy/high/546.wav
547,/content/drive/MyDrive/SeaAlert/data/audio_clean/wav/547.wav,/content/drive/MyDrive/SeaAlert/data/audio_noisy/low/547.wav,/content/drive/MyDrive/SeaAlert/data/audio_noisy/med/547.wav,/content/drive/MyDrive/SeaAlert/data/audio_noisy/high/547.wav
548,/content/drive/MyDrive/SeaAlert/data/audio_clean/wav/548.wav,/content/drive/MyDrive/SeaAlert/data/audio_noisy/low/548.wav,/content/drive/MyDrive/SeaAlert/data/audio_noisy/med/548.wav,/content/drive/MyDrive/SeaAlert/data/audio_noisy/high/548.wav
549,/content/drive/MyDrive/SeaAlert/data/audio_clean/wav/549.wav,/content/drive/MyDrive/SeaAlert/data/audio_noisy/low/549.wav,/content/drive/MyDrive/SeaAlert/data/audio_noisy/med/549.wav,/content/drive/MyDrive/SeaAlert/data/audio_noisy/high/549.wav
550,/content/drive/MyDrive/SeaAlert/data/audio_clean/wav/550.wav,/content/drive/MyDrive/SeaAlert/data/audio_noisy/low/550.wav,/content/drive/MyDrive/SeaAlert/data/audio_noisy/med/550.wav,/content/drive/MyDrive/SeaAlert/data/audio_noisy/high/550.wav
551,/content/drive/MyDrive/SeaAlert/data/audio_clean/wav/551.wav,/content/drive/MyDrive/SeaAlert/data/audio_noisy/low/551.wav,/content/drive/MyDrive/SeaAlert/data/audio_noisy/med/551.wav,/content/drive/MyDrive/SeaAlert/data/audio_noisy/high/551.wav
552,/content/drive/MyDrive/SeaAlert/data/audio_clean/wav/552.wav,/content/drive/MyDrive/SeaAlert/data/audio_noisy/low/552.wav,/content/drive/MyDrive/SeaAlert/data/audio_noisy/med/552.wav,/content/drive/MyDrive/SeaAlert/data/audio_noisy/high/552.wav
553,/content/drive/MyDrive/SeaAlert/data/audio_clean/wav/553.wav,/content/drive/MyDrive/SeaAlert/data/audio_noisy/low/553.wav,/content/drive/MyDrive/SeaAlert/data/audio_noisy/med/553.wav,/content/drive/MyDrive/SeaAlert/data/audio_noisy/high/553.wav
554,/content/drive/MyDrive/SeaAlert/data/audio_clean/wav/554.wav,/content/drive/MyDrive/SeaAlert/data/audio_noisy/low/554.wav,/content/drive/MyDrive/SeaAlert/data/audio_noisy/med/554.wav,/content/drive/MyDrive/SeaAlert/data/audio_noisy/high/554.wav
555,/content/drive/MyDrive/SeaAlert/data/audio_clean/wav/555.wav,/content/drive/MyDrive/SeaAlert/data/audio_noisy/low/555.wav,/content/drive/MyDrive/SeaAlert/data/audio_noisy/med/555.wav,/content/drive/MyDrive/SeaAlert/data/audio_noisy/high/555.wav
556,/content/drive/MyDrive/SeaAlert/data/audio_clean/wav/556.wav,/content/drive/MyDrive/SeaAlert/data/audio_noisy/low/556.wav,/content/drive/MyDrive/SeaAlert/data/audio_noisy/med/556.wav,/content/drive/MyDrive/SeaAlert/data/audio_noisy/high/556.wav
557,/content/drive/MyDrive/SeaAlert/data/audio_clean/wav/557.wav,/content/drive/MyDrive/SeaAlert/data/audio_noisy/low/557.wav,/content/drive/MyDrive/SeaAlert/data/audio_noisy/med/557.wav,/content/drive/MyDrive/SeaAlert/data/audio_noisy/high/557.wav
558,/content/drive/MyDrive/SeaAlert/data/audio_clean/wav/558.wav,/content/drive/MyDrive/SeaAlert/data/audio_noisy/low/558.wav,/content/drive/MyDrive/SeaAlert/data/audio_noisy/med/558.wav,/content/drive/MyDrive/SeaAlert/data/audio_noisy/high/558.wav
559,/content/drive/MyDrive/SeaAlert/data/audio_clean/wav/559.wav,/content/drive/MyDrive/SeaAlert/data/audio_noisy/low/559.wav,/content/drive/MyDrive/SeaAlert/data/audio_noisy/med/559.wav,/content/drive/MyDrive/SeaAlert/data/audio_noisy/high/559.wav
560,/content/drive/MyDrive/SeaAlert/data/audio_clean/wav/560.wav,/content/drive/MyDrive/SeaAlert/data/audio_noisy/low/560.wav,/content/drive/MyDrive/SeaAlert/data/audio_noisy/med/560.wav,/content/drive/MyDrive/SeaAlert/data/audio_noisy/high/560.wav
561,/content/drive/MyDrive/SeaAlert/data/audio_clean/wav/561.wav,/content/drive/MyDrive/SeaAlert/data/audio_noisy/low/561.wav,/content/drive/MyDrive/SeaAlert/data/audio_noisy/med/561.wav,/content/drive/MyDrive/SeaAlert/data/audio_noisy/high/561.wav
562,/content/drive/MyDrive/SeaAlert/data/audio_clean/wav/562.wav,/content/drive/MyDrive/SeaAlert/data/audio_noisy/low/562.wav,/content/drive/MyDrive/SeaAlert/data/audio_noisy/med/562.wav,/content/drive/MyDrive/SeaAlert/data/audio_noisy/high/562.wav
563,/content/drive/MyDrive/SeaAlert/data/audio_clean/wav/563.wav,/content/drive/MyDrive/SeaAlert/data/audio_noisy/low/563.wav,/content/drive/MyDrive/SeaAlert/data/audio_noisy/med/563.wav,/content/drive/MyDrive/SeaAlert/data/audio_noisy/high/563.wav
564,/content/drive/MyDrive/SeaAlert/data/audio_clean/wav/564.wav,/content/drive/MyDrive/SeaAlert/data/audio_noisy/low/564.wav,/content/drive/MyDrive/SeaAlert/data/audio_noisy/med/564.wav,/content/drive/MyDrive/SeaAlert/data/audio_noisy/high/564.wav
565,/content/drive/MyDrive/SeaAlert/data/audio_clean/wav/565.wav,/content/drive/MyDrive/SeaAlert/data/audio_noisy/low/565.wav,/content/drive/MyDrive/SeaAlert/data/audio_noisy/med/565.wav,/content/drive/MyDrive/SeaAlert/data/audio_noisy/high/565.wav
566,/content/drive/MyDrive/SeaAlert/data/audio_clean/wav/566.wav,/content/drive/MyDrive/SeaAlert/data/audio_noisy/low/566.wav,/content/drive/MyDrive/SeaAlert/data/audio_noisy/med/566.wav,/content/drive/MyDrive/SeaAlert/data/audio_noisy/high/566.wav
567,/content/drive/MyDrive/SeaAlert/data/audio_clean/wav/567.wav,/content/drive/MyDrive/SeaAlert/data/audio_noisy/low/567.wav,/content/drive/MyDrive/SeaAlert/data/audio_noisy/med/567.wav,/content/drive/MyDrive/SeaAlert/data/audio_noisy/high/567.wav
568,/content/drive/MyDrive/SeaAlert/data/audio_clean/wav/568.wav,/content/drive/MyDrive/SeaAlert/data/audio_noisy/low/568.wav,/content/drive/MyDrive/SeaAlert/data/audio_noisy/med/568.wav,/content/drive/MyDrive/SeaAlert/data/audio_noisy/high/568.wav
569,/content/drive/MyDrive/SeaAlert/data/audio_clean/wav/569.wav,/content/drive/MyDrive/SeaAlert/data/audio_noisy/low/569.wav,/content/drive/MyDrive/SeaAlert/data/audio_noisy/med/569.wav,/content/drive/MyDrive/SeaAlert/data/audio_noisy/high/569.wav
570,/content/drive/MyDrive/SeaAlert/data/audio_clean/wav/570.wav,/content/drive/MyDrive/SeaAlert/data/audio_noisy/low/570.wav,/content/drive/MyDrive/SeaAlert/data/audio_noisy/med/570.wav,/content/drive/MyDrive/SeaAlert/data/audio_noisy/high/570.wav
571,/content/drive/MyDrive/SeaAlert/data/audio_clean/wav/571.wav,/content/drive/MyDrive/SeaAlert/data/audio_noisy/low/571.wav,/content/drive/MyDrive/SeaAlert/data/audio_noisy/med/571.wav,/content/drive/MyDrive/SeaAlert/data/audio_noisy/high/571.wav
572,/content/drive/MyDrive/SeaAlert/data/audio_clean/wav/572.wav,/content/drive/MyDrive/SeaAlert/data/audio_noisy/low/572.wav,/content/drive/MyDrive/SeaAlert/data/audio_noisy/med/572.wav,/content/drive/MyDrive/SeaAlert/data/audio_noisy/high/572.wav
573,/content/drive/MyDrive/SeaAlert/data/audio_clean/wav/573.wav,/content/drive/MyDrive/SeaAlert/data/audio_noisy/low/573.wav,/content/drive/MyDrive/SeaAlert/data/audio_noisy/med/573.wav,/content/drive/MyDrive/SeaAlert/data/audio_noisy/high/573.wav
574,/content/drive/MyDrive/SeaAlert/data/audio_clean/wav/574.wav,/content/drive/MyDrive/SeaAlert/data/audio_noisy/low/574.wav,/content/drive/MyDrive/SeaAlert/data/audio_noisy/med/574.wav,/content/drive/MyDrive/SeaAlert/data/audio_noisy/high/574.wav
575,/content/drive/MyDrive/SeaAlert/data/audio_clean/wav/575.wav,/content/drive/MyDrive/SeaAlert/data/audio_noisy/low/575.wav,/content/drive/MyDrive/SeaAlert/data/audio_noisy/med/575.wav,/content/drive/MyDrive/SeaAlert/data/audio_noisy/high/575.wav
576,/content/drive/MyDrive/SeaAlert/data/audio_clean/wav/576.wav,/content/drive/MyDrive/SeaAlert/data/audio_noisy/low/576.wav,/content/drive/MyDrive/SeaAlert/data/audio_noisy/med/576.wav,/content/drive/MyDrive/SeaAlert/data/audio_noisy/high/576.wav
577,/content/drive/MyDrive/SeaAlert/data/audio_clean/wav/577.wav,/content/drive/MyDrive/SeaAlert/data/audio_noisy/low/577.wav,/content/drive/MyDrive/SeaAlert/data/audio_noisy/med/577.wav,/content/drive/MyDrive/SeaAlert/data/audio_noisy/high/577.wav
578,/content/drive/MyDrive/SeaAlert/data/audio_clean/wav/578.wav,/content/drive/MyDrive/SeaAlert/data/audio_noisy/low/578.wav,/content/drive/MyDrive/SeaAlert/data/audio_noisy/med/578.wav,/content/drive/MyDrive/SeaAlert/data/audio_noisy/high/578.wav
579,/content/drive/MyDrive/SeaAlert/data/audio_clean/wav/579.wav,/content/drive/MyDrive/SeaAlert/data/audio_noisy/low/579.wav,/content/drive/MyDrive/SeaAlert/data/audio_noisy/med/579.wav,/content/drive/MyDrive/SeaAlert/data/audio_noisy/high/579.wav
580,/content/drive/MyDrive/SeaAlert/data/audio_clean/wav/580.wav,/content/drive/MyDrive/SeaAlert/data/audio_noisy/low/580.wav,/content/drive/MyDrive/SeaAlert/data/audio_noisy/med/580.wav,/content/drive/MyDrive/SeaAlert/data/audio_noisy/high/580.wav
581,/content/drive/MyDrive/SeaAlert/data/audio_clean/wav/581.wav,/content/drive/MyDrive/SeaAlert/data/audio_noisy/low/581.wav,/content/drive/MyDrive/SeaAlert/data/audio_noisy/med/581.wav,/content/drive/MyDrive/SeaAlert/data/audio_noisy/high/581.wav
582,/content/drive/MyDrive/SeaAlert/data/audio_clean/wav/582.wav,/content/drive/MyDrive/SeaAlert/data/audio_noisy/low/582.wav,/content/drive/MyDrive/SeaAlert/data/audio_noisy/med/582.wav,/content/drive/MyDrive/SeaAlert/data/audio_noisy/high/582.wav
583,/content/drive/MyDrive/SeaAlert/data/audio_clean/wav/583.wav,/content/drive/MyDrive/SeaAlert/data/audio_noisy/low/583.wav,/content/drive/MyDrive/SeaAlert/data/audio_noisy/med/583.wav,/content/drive/MyDrive/SeaAlert/data/audio_noisy/high/583.wav
584,/content/drive/MyDrive/SeaAlert/data/audio_clean/wav/584.wav,/content/drive/MyDrive/SeaAlert/data/audio_noisy/low/584.wav,/content/drive/MyDrive/SeaAlert/data/audio_noisy/med/584.wav,/content/drive/MyDrive/SeaAlert/data/audio_noisy/high/584.wav
585,/content/drive/MyDrive/SeaAlert/data/audio_clean/wav/585.wav,/content/drive/MyDrive/SeaAlert/data/audio_noisy/low/585.wav,/content/drive/MyDrive/SeaAlert/data/audio_noisy/med/585.wav,/content/drive/MyDrive/SeaAlert/data/audio_noisy/high/585.wav
586,/content/drive/MyDrive/SeaAlert/data/audio_clean/wav/586.wav,/content/drive/MyDrive/SeaAlert/data/audio_noisy/low/586.wav,/content/drive/MyDrive/SeaAlert/data/audio_noisy/med/586.wav,/content/drive/MyDrive/SeaAlert/data/audio_noisy/high/586.wav
587,/content/drive/MyDrive/SeaAlert/data/audio_clean/wav/587.wav,/content/drive/MyDrive/SeaAlert/data/audio_noisy/low/587.wav,/content/drive/MyDrive/SeaAlert/data/audio_noisy/med/587.wav,/content/drive/MyDrive/SeaAlert/data/audio_noisy/high/587.wav
588,/content/drive/MyDrive/SeaAlert/data/audio_clean/wav/588.wav,/content/drive/MyDrive/SeaAlert/data/audio_noisy/low/588.wav,/content/drive/MyDrive/SeaAlert/data/audio_noisy/med/588.wav,/content/drive/MyDrive/SeaAlert/data/audio_noisy/high/588.wav
589,/content/drive/MyDrive/SeaAlert/data/audio_clean/wav/589.wav,/content/drive/MyDrive/SeaAlert/data/audio_noisy/low/589.wav,/content/drive/MyDrive/SeaAlert/data/audio_noisy/med/589.wav,/content/drive/MyDrive/SeaAlert/data/audio_noisy/high/589.wav
590,/content/drive/MyDrive/SeaAlert/data/audio_clean/wav/590.wav,/content/drive/MyDrive/SeaAlert/data/audio_noisy/low/590.wav,/content/drive/MyDrive/SeaAlert/data/audio_noisy/med/590.wav,/content/drive/MyDrive/SeaAlert/data/audio_noisy/high/590.wav
591,/content/drive/MyDrive/SeaAlert/data/audio_clean/wav/591.wav,/content/drive/MyDrive/SeaAlert/data/audio_noisy/low/591.wav,/content/drive/MyDrive/SeaAlert/data/audio_noisy/med/591.wav,/content/drive/MyDrive/SeaAlert/data/audio_noisy/high/591.wav
592,/content/drive/MyDrive/SeaAlert/data/audio_clean/wav/592.wav,/content/drive/MyDrive/SeaAlert/data/audio_noisy/low/592.wav,/content/drive/MyDrive/SeaAlert/data/audio_noisy/med/592.wav,/content/drive/MyDrive/SeaAlert/data/audio_noisy/high/592.wav
593,/content/drive/MyDrive/SeaAlert/data/audio_clean/wav/593.wav,/content/drive/MyDrive/SeaAlert/data/audio_noisy/low/593.wav,/content/drive/MyDrive/SeaAlert/data/audio_noisy/med/593.wav,/content/drive/MyDrive/SeaAlert/data/audio_noisy/high/593.wav
594,/content/drive/MyDrive/SeaAlert/data/audio_clean/wav/594.wav,/content/drive/MyDrive/SeaAlert/data/audio_noisy/low/594.wav,/content/drive/MyDrive/SeaAlert/data/audio_noisy/med/594.wav,/content/drive/MyDrive/SeaAlert/data/audio_noisy/high/594.wav
595,/content/drive/MyDrive/SeaAlert/data/audio_clean/wav/595.wav,/content/drive/MyDrive/SeaAlert/data/audio_noisy/low/595.wav,/content/drive/MyDrive/SeaAlert/data/audio_noisy/med/595.wav,/content/drive/MyDrive/SeaAlert/data/audio_noisy/high/595.wav
596,/content/drive/MyDrive/SeaAlert/data/audio_clean/wav/596.wav,/content/drive/MyDrive/SeaAlert/data/audio_noisy/low/596.wav,/content/drive/MyDrive/SeaAlert/data/audio_noisy/med/596.wav,/content/drive/MyDrive/SeaAlert/data/audio_noisy/high/596.wav
597,/content/drive/MyDrive/SeaAlert/data/audio_clean/wav/597.wav,/content/drive/MyDrive/SeaAlert/data/audio_noisy/low/597.wav,/content/drive/MyDrive/SeaAlert/data/audio_noisy/med/597.wav,/content/drive/MyDrive/SeaAlert/data/audio_noisy/high/597.wav
598,/content/drive/MyDrive/SeaAlert/data/audio_clean/wav/598.wav,/content/drive/MyDrive/SeaAlert/data/audio_noisy/low/598.wav,/content/drive/MyDrive/SeaAlert/data/audio_noisy/med/598.wav,/content/drive/MyDrive/SeaAlert/data/audio_noisy/high/598.wav
599,/content/drive/MyDrive/SeaAlert/data/audio_clean/wav/599.wav,/content/drive/MyDrive/SeaAlert/data/audio_noisy/low/599.wav,/content/drive/MyDrive/SeaAlert/data/audio_noisy/med/599.wav,/content/drive/MyDrive/SeaAlert/data/audio_noisy/high/599.wav
600,/content/drive/MyDrive/SeaAlert/data/audio_clean/wav/600.wav,/content/drive/MyDrive/SeaAlert/data/audio_noisy/low/600.wav,/content/drive/MyDrive/SeaAlert/data/audio_noisy/med/600.wav,/content/drive/MyDrive/SeaAlert/data/audio_noisy/high/600.wav
601,/content/drive/MyDrive/SeaAlert/data/audio_clean/wav/601.wav,/content/drive/MyDrive/SeaAlert/data/audio_noisy/low/601.wav,/content/drive/MyDrive/SeaAlert/data/audio_noisy/med/601.wav,/content/drive/MyDrive/SeaAlert/data/audio_noisy/high/601.wav
602,/content/drive/MyDrive/SeaAlert/data/audio_clean/wav/602.wav,/content/drive/MyDrive/SeaAlert/data/audio_noisy/low/602.wav,/content/drive/MyDrive/SeaAlert/data/audio_noisy/med/602.wav,/content/drive/MyDrive/SeaAlert/data/audio_noisy/high/602.wav
603,/content/drive/MyDrive/SeaAlert/data/audio_clean/wav/603.wav,/content/drive/MyDrive/SeaAlert/data/audio_noisy/low/603.wav,/content/drive/MyDrive/SeaAlert/data/audio_noisy/med/603.wav,/content/drive/MyDrive/SeaAlert/data/audio_noisy/high/603.wav
604,/content/drive/MyDrive/SeaAlert/data/audio_clean/wav/604.wav,/content/drive/MyDrive/SeaAlert/data/audio_noisy/low/604.wav,/content/drive/MyDrive/SeaAlert/data/audio_noisy/med/604.wav,/content/drive/MyDrive/SeaAlert/data/audio_noisy/high/604.wav
605,/content/drive/MyDrive/SeaAlert/data/audio_clean/wav/605.wav,/content/drive/MyDrive/SeaAlert/data/audio_noisy/low/605.wav,/content/drive/MyDrive/SeaAlert/data/audio_noisy/med/605.wav,/content/drive/MyDrive/SeaAlert/data/audio_noisy/high/605.wav
606,/content/drive/MyDrive/SeaAlert/data/audio_clean/wav/606.wav,/content/drive/MyDrive/SeaAlert/data/audio_noisy/low/606.wav,/content/drive/MyDrive/SeaAlert/data/audio_noisy/med/606.wav,/content/drive/MyDrive/SeaAlert/data/audio_noisy/high/606.wav
607,/content/drive/MyDrive/SeaAlert/data/audio_clean/wav/607.wav,/content/drive/MyDrive/SeaAlert/data/audio_noisy/low/607.wav,/content/drive/MyDrive/SeaAlert/data/audio_noisy/med/607.wav,/content/drive/MyDrive/SeaAlert/data/audio_noisy/high/607.wav
608,/content/drive/MyDrive/SeaAlert/data/audio_clean/wav/608.wav,/content/drive/MyDrive/SeaAlert/data/audio_noisy/low/608.wav,/content/drive/MyDrive/SeaAlert/data/audio_noisy/med/608.wav,/content/drive/MyDrive/SeaAlert/data/audio_noisy/high/608.wav
609,/content/drive/MyDrive/SeaAlert/data/audio_clean/wav/609.wav,/content/drive/MyDrive/SeaAlert/data/audio_noisy/low/609.wav,/content/drive/MyDrive/SeaAlert/data/audio_noisy/med/609.wav,/content/drive/MyDrive/SeaAlert/data/audio_noisy/high/609.wav
610,/content/drive/MyDrive/SeaAlert/data/audio_clean/wav/610.wav,/content/drive/MyDrive/SeaAlert/data/audio_noisy/low/610.wav,/content/drive/MyDrive/SeaAlert/data/audio_noisy/med/610.wav,/content/drive/MyDrive/SeaAlert/data/audio_noisy/high/610.wav
611,/content/drive/MyDrive/SeaAlert/data/audio_clean/wav/611.wav,/content/drive/MyDrive/SeaAlert/data/audio_noisy/low/611.wav,/content/drive/MyDrive/SeaAlert/data/audio_noisy/med/611.wav,/content/drive/MyDrive/SeaAlert/data/audio_noisy/high/611.wav
612,/content/drive/MyDrive/SeaAlert/data/audio_clean/wav/612.wav,/content/drive/MyDrive/SeaAlert/data/audio_noisy/low/612.wav,/content/drive/MyDrive/SeaAlert/data/audio_noisy/med/612.wav,/content/drive/MyDrive/SeaAlert/data/audio_noisy/high/612.wav
613,/content/drive/MyDrive/SeaAlert/data/audio_clean/wav/613.wav,/content/drive/MyDrive/SeaAlert/data/audio_noisy/low/613.wav,/content/drive/MyDrive/SeaAlert/data/audio_noisy/med/613.wav,/content/drive/MyDrive/SeaAlert/data/audio_noisy/high/613.wav
614,/content/drive/MyDrive/SeaAlert/data/audio_clean/wav/614.wav,/content/drive/MyDrive/SeaAlert/data/audio_noisy/low/614.wav,/content/drive/MyDrive/SeaAlert/data/audio_noisy/med/614.wav,/content/drive/MyDrive/SeaAlert/data/audio_noisy/high/614.wav
615,/content/drive/MyDrive/SeaAlert/data/audio_clean/wav/615.wav,/content/drive/MyDrive/SeaAlert/data/audio_noisy/low/615.wav,/content/drive/MyDrive/SeaAlert/data/audio_noisy/med/615.wav,/content/drive/MyDrive/SeaAlert/data/audio_noisy/high/615.wav
616,/content/drive/MyDrive/SeaAlert/data/audio_clean/wav/616.wav,/content/drive/MyDrive/SeaAlert/data/audio_noisy/low/616.wav,/content/drive/MyDrive/SeaAlert/data/audio_noisy/med/616.wav,/content/drive/MyDrive/SeaAlert/data/audio_noisy/high/616.wav
617,/content/drive/MyDrive/SeaAlert/data/audio_clean/wav/617.wav,/content/drive/MyDrive/SeaAlert/data/audio_noisy/low/617.wav,/content/drive/MyDrive/SeaAlert/data/audio_noisy/med/617.wav,/content/drive/MyDrive/SeaAlert/data/audio_noisy/high/617.wav
618,/content/drive/MyDrive/SeaAlert/data/audio_clean/wav/618.wav,/content/drive/MyDrive/SeaAlert/data/audio_noisy/low/618.wav,/content/drive/MyDrive/SeaAlert/data/audio_noisy/med/618.wav,/content/drive/MyDrive/SeaAlert/data/audio_noisy/high/618.wav
619,/content/drive/MyDrive/SeaAlert/data/audio_clean/wav/619.wav,/content/drive/MyDrive/SeaAlert/data/audio_noisy/low/619.wav,/content/drive/MyDrive/SeaAlert/data/audio_noisy/med/619.wav,/content/drive/MyDrive/SeaAlert/data/audio_noisy/high/619.wav
620,/content/drive/MyDrive/SeaAlert/data/audio_clean/wav/620.wav,/content/drive/MyDrive/SeaAlert/data/audio_noisy/low/620.wav,/content/drive/MyDrive/SeaAlert/data/audio_noisy/med/620.wav,/content/drive/MyDrive/SeaAlert/data/audio_noisy/high/620.wav
621,/content/drive/MyDrive/SeaAlert/data/audio_clean/wav/621.wav,/content/drive/MyDrive/SeaAlert/data/audio_noisy/low/621.wav,/content/drive/MyDrive/SeaAlert/data/audio_noisy/med/621.wav,/content/drive/MyDrive/SeaAlert/data/audio_noisy/high/621.wav
622,/content/drive/MyDrive/SeaAlert/data/audio_clean/wav/622.wav,/content/drive/MyDrive/SeaAlert/data/audio_noisy/low/622.wav,/content/drive/MyDrive/SeaAlert/data/audio_noisy/med/622.wav,/content/drive/MyDrive/SeaAlert/data/audio_noisy/high/622.wav
623,/content/drive/MyDrive/SeaAlert/data/audio_clean/wav/623.wav,/content/drive/MyDrive/SeaAlert/data/audio_noisy/low/623.wav,/content/drive/MyDrive/SeaAlert/data/audio_noisy/med/623.wav,/content/drive/MyDrive/SeaAlert/data/audio_noisy/high/623.wav
624,/content/drive/MyDrive/SeaAlert/data/audio_clean/wav/624.wav,/content/drive/MyDrive/SeaAlert/data/audio_noisy/low/624.wav,/content/drive/MyDrive/SeaAlert/data/audio_noisy/med/624.wav,/content/drive/MyDrive/SeaAlert/data/audio_noisy/high/624.wav
625,/content/drive/MyDrive/SeaAlert/data/audio_clean/wav/625.wav,/content/drive/MyDrive/SeaAlert/data/audio_noisy/low/625.wav,/content/drive/MyDrive/SeaAlert/data/audio_noisy/med/625.wav,/content/drive/MyDrive/SeaAlert/data/audio_noisy/high/625.wav
626,/content/drive/MyDrive/SeaAlert/data/audio_clean/wav/626.wav,/content/drive/MyDrive/SeaAlert/data/audio_noisy/low/626.wav,/content/drive/MyDrive/SeaAlert/data/audio_noisy/med/626.wav,/content/drive/MyDrive/SeaAlert/data/audio_noisy/high/626.wav
627,/content/drive/MyDrive/SeaAlert/data/audio_clean/wav/627.wav,/content/drive/MyDrive/SeaAlert/data/audio_noisy/low/627.wav,/content/drive/MyDrive/SeaAlert/data/audio_noisy/med/627.wav,/content/drive/MyDrive/SeaAlert/data/audio_noisy/high/627.wav
628,/content/drive/MyDrive/SeaAlert/data/audio_clean/wav/628.wav,/content/drive/MyDrive/SeaAlert/data/audio_noisy/low/628.wav,/content/drive/MyDrive/SeaAlert/data/audio_noisy/med/628.wav,/content/drive/MyDrive/SeaAlert/data/audio_noisy/high/628.wav
629,/content/drive/MyDrive/SeaAlert/data/audio_clean/wav/629.wav,/content/drive/MyDrive/SeaAlert/data/audio_noisy/low/629.wav,/content/drive/MyDrive/SeaAlert/data/audio_noisy/med/629.wav,/content/drive/MyDrive/SeaAlert/data/audio_noisy/high/629.wav
630,/content/drive/MyDrive/SeaAlert/data/audio_clean/wav/630.wav,/content/drive/MyDrive/SeaAlert/data/audio_noisy/low/630.wav,/content/drive/MyDrive/SeaAlert/data/audio_noisy/med/630.wav,/content/drive/MyDrive/SeaAlert/data/audio_noisy/high/630.wav
631,/content/drive/MyDrive/SeaAlert/data/audio_clean/wav/631.wav,/content/drive/MyDrive/SeaAlert/data/audio_noisy/low/631.wav,/content/drive/MyDrive/SeaAlert/data/audio_noisy/med/631.wav,/content/drive/MyDrive/SeaAlert/data/audio_noisy/high/631.wav
632,/content/drive/MyDrive/SeaAlert/data/audio_clean/wav/632.wav,/content/drive/MyDrive/SeaAlert/data/audio_noisy/low/632.wav,/content/drive/MyDrive/SeaAlert/data/audio_noisy/med/632.wav,/content/drive/MyDrive/SeaAlert/data/audio_noisy/high/632.wav
633,/content/drive/MyDrive/SeaAlert/data/audio_clean/wav/633.wav,/content/drive/MyDrive/SeaAlert/data/audio_noisy/low/633.wav,/content/drive/MyDrive/SeaAlert/data/audio_noisy/med/633.wav,/content/drive/MyDrive/SeaAlert/data/audio_noisy/high/633.wav
634,/content/drive/MyDrive/SeaAlert/data/audio_clean/wav/634.wav,/content/drive/MyDrive/SeaAlert/data/audio_noisy/low/634.wav,/content/drive/MyDrive/SeaAlert/data/audio_noisy/med/634.wav,/content/drive/MyDrive/SeaAlert/data/audio_noisy/high/634.wav
635,/content/drive/MyDrive/SeaAlert/data/audio_clean/wav/635.wav,/content/drive/MyDrive/SeaAlert/data/audio_noisy/low/635.wav,/content/drive/MyDrive/SeaAlert/data/audio_noisy/med/635.wav,/content/drive/MyDrive/SeaAlert/data/audio_noisy/high/635.wav
636,/content/drive/MyDrive/SeaAlert/data/audio_clean/wav/636.wav,/content/drive/MyDrive/SeaAlert/data/audio_noisy/low/636.wav,/content/drive/MyDrive/SeaAlert/data/audio_noisy/med/636.wav,/content/drive/MyDrive/SeaAlert/data/audio_noisy/high/636.wav
637,/content/drive/MyDrive/SeaAlert/data/audio_clean/wav/637.wav,/content/drive/MyDrive/SeaAlert/data/audio_noisy/low/637.wav,/content/drive/MyDrive/SeaAlert/data/audio_noisy/med/637.wav,/content/drive/MyDrive/SeaAlert/data/audio_noisy/high/637.wav
638,/content/drive/MyDrive/SeaAlert/data/audio_clean/wav/638.wav,/content/drive/MyDrive/SeaAlert/data/audio_noisy/low/638.wav,/content/drive/MyDrive/SeaAlert/data/audio_noisy/med/638.wav,/content/drive/MyDrive/SeaAlert/data/audio_noisy/high/638.wav
639,/content/drive/MyDrive/SeaAlert/data/audio_clean/wav/639.wav,/content/drive/MyDrive/SeaAlert/data/audio_noisy/low/639.wav,/content/drive/MyDrive/SeaAlert/data/audio_noisy/med/639.wav,/content/drive/MyDrive/SeaAlert/data/audio_noisy/high/639.wav
640,/content/drive/MyDrive/SeaAlert/data/audio_clean/wav/640.wav,/content/drive/MyDrive/SeaAlert/data/audio_noisy/low/640.wav,/content/drive/MyDrive/SeaAlert/data/audio_noisy/med/640.wav,/content/drive/MyDrive/SeaAlert/data/audio_noisy/high/640.wav
641,/content/drive/MyDrive/SeaAlert/data/audio_clean/wav/641.wav,/content/drive/MyDrive/SeaAlert/data/audio_noisy/low/641.wav,/content/drive/MyDrive/SeaAlert/data/audio_noisy/med/641.wav,/content/drive/MyDrive/SeaAlert/data/audio_noisy/high/641.wav
642,/content/drive/MyDrive/SeaAlert/data/audio_clean/wav/642.wav,/content/drive/MyDrive/SeaAlert/data/audio_noisy/low/642.wav,/content/drive/MyDrive/SeaAlert/data/audio_noisy/med/642.wav,/content/drive/MyDrive/SeaAlert/data/audio_noisy/high/642.wav
643,/content/drive/MyDrive/SeaAlert/data/audio_clean/wav/643.wav,/content/drive/MyDrive/SeaAlert/data/audio_noisy/low/643.wav,/content/drive/MyDrive/SeaAlert/data/audio_noisy/med/643.wav,/content/drive/MyDrive/SeaAlert/data/audio_noisy/high/643.wav
644,/content/drive/MyDrive/SeaAlert/data/audio_clean/wav/644.wav,/content/drive/MyDrive/SeaAlert/data/audio_noisy/low/644.wav,/content/drive/MyDrive/SeaAlert/data/audio_noisy/med/644.wav,/content/drive/MyDrive/SeaAlert/data/audio_noisy/high/644.wav
645,/content/drive/MyDrive/SeaAlert/data/audio_clean/wav/645.wav,/content/drive/MyDrive/SeaAlert/data/audio_noisy/low/645.wav,/content/drive/MyDrive/SeaAlert/data/audio_noisy/med/645.wav,/content/drive/MyDrive/SeaAlert/data/audio_noisy/high/645.wav
646,/content/drive/MyDrive/SeaAlert/data/audio_clean/wav/646.wav,/content/drive/MyDrive/SeaAlert/data/audio_noisy/low/646.wav,/content/drive/MyDrive/SeaAlert/data/audio_noisy/med/646.wav,/content/drive/MyDrive/SeaAlert/data/audio_noisy/high/646.wav
647,/content/drive/MyDrive/SeaAlert/data/audio_clean/wav/647.wav,/content/drive/MyDrive/SeaAlert/data/audio_noisy/low/647.wav,/content/drive/MyDrive/SeaAlert/data/audio_noisy/med/647.wav,/content/drive/MyDrive/SeaAlert/data/audio_noisy/high/647.wav
648,/content/drive/MyDrive/SeaAlert/data/audio_clean/wav/648.wav,/content/drive/MyDrive/SeaAlert/data/audio_noisy/low/648.wav,/content/drive/MyDrive/SeaAlert/data/audio_noisy/med/648.wav,/content/drive/MyDrive/SeaAlert/data/audio_noisy/high/648.wav
649,/content/drive/MyDrive/SeaAlert/data/audio_clean/wav/649.wav,/content/drive/MyDrive/SeaAlert/data/audio_noisy/low/649.wav,/content/drive/MyDrive/SeaAlert/data/audio_noisy/med/649.wav,/content/drive/MyDrive/SeaAlert/data/audio_noisy/high/649.wav
650,/content/drive/MyDrive/SeaAlert/data/audio_clean/wav/650.wav,/content/drive/MyDrive/SeaAlert/data/audio_noisy/low/650.wav,/content/drive/MyDrive/SeaAlert/data/audio_noisy/med/650.wav,/content/drive/MyDrive/SeaAlert/data/audio_noisy/high/650.wav
651,/content/drive/MyDrive/SeaAlert/data/audio_clean/wav/651.wav,/content/drive/MyDrive/SeaAlert/data/audio_noisy/low/651.wav,/content/drive/MyDrive/SeaAlert/data/audio_noisy/med/651.wav,/content/drive/MyDrive/SeaAlert/data/audio_noisy/high/651.wav
652,/content/drive/MyDrive/SeaAlert/data/audio_clean/wav/652.wav,/content/drive/MyDrive/SeaAlert/data/audio_noisy/low/652.wav,/content/drive/MyDrive/SeaAlert/data/audio_noisy/med/652.wav,/content/drive/MyDrive/SeaAlert/data/audio_noisy/high/652.wav
653,/content/drive/MyDrive/SeaAlert/data/audio_clean/wav/653.wav,/content/drive/MyDrive/SeaAlert/data/audio_noisy/low/653.wav,/content/drive/MyDrive/SeaAlert/data/audio_noisy/med/653.wav,/content/drive/MyDrive/SeaAlert/data/audio_noisy/high/653.wav
654,/content/drive/MyDrive/SeaAlert/data/audio_clean/wav/654.wav,/content/drive/MyDrive/SeaAlert/data/audio_noisy/low/654.wav,/content/drive/MyDrive/SeaAlert/data/audio_noisy/med/654.wav,/content/drive/MyDrive/SeaAlert/data/audio_noisy/high/654.wav
655,/content/drive/MyDrive/SeaAlert/data/audio_clean/wav/655.wav,/content/drive/MyDrive/SeaAlert/data/audio_noisy/low/655.wav,/content/drive/MyDrive/SeaAlert/data/audio_noisy/med/655.wav,/content/drive/MyDrive/SeaAlert/data/audio_noisy/high/655.wav
656,/content/drive/MyDrive/SeaAlert/data/audio_clean/wav/656.wav,/content/drive/MyDrive/SeaAlert/data/audio_noisy/low/656.wav,/content/drive/MyDrive/SeaAlert/data/audio_noisy/med/656.wav,/content/drive/MyDrive/SeaAlert/data/audio_noisy/high/656.wav
657,/content/drive/MyDrive/SeaAlert/data/audio_clean/wav/657.wav,/content/drive/MyDrive/SeaAlert/data/audio_noisy/low/657.wav,/content/drive/MyDrive/SeaAlert/data/audio_noisy/med/657.wav,/content/drive/MyDrive/SeaAlert/data/audio_noisy/high/657.wav
658,/content/drive/MyDrive/SeaAlert/data/audio_clean/wav/658.wav,/content/drive/MyDrive/SeaAlert/data/audio_noisy/low/658.wav,/content/drive/MyDrive/SeaAlert/data/audio_noisy/med/658.wav,/content/drive/MyDrive/SeaAlert/data/audio_noisy/high/658.wav
659,/content/drive/MyDrive/SeaAlert/data/audio_clean/wav/659.wav,/content/drive/MyDrive/SeaAlert/data/audio_noisy/low/659.wav,/content/drive/MyDrive/SeaAlert/data/audio_noisy/med/659.wav,/content/drive/MyDrive/SeaAlert/data/audio_noisy/high/659.wav
660,/content/drive/MyDrive/SeaAlert/data/audio_clean/wav/660.wav,/content/drive/MyDrive/SeaAlert/data/audio_noisy/low/660.wav,/content/drive/MyDrive/SeaAlert/data/audio_noisy/med/660.wav,/content/drive/MyDrive/SeaAlert/data/audio_noisy/high/660.wav
661,/content/drive/MyDrive/SeaAlert/data/audio_clean/wav/661.wav,/content/drive/MyDrive/SeaAlert/data/audio_noisy/low/661.wav,/content/drive/MyDrive/SeaAlert/data/audio_noisy/med/661.wav,/content/drive/MyDrive/SeaAlert/data/audio_noisy/high/661.wav
662,/content/drive/MyDrive/SeaAlert/data/audio_clean/wav/662.wav,/content/drive/MyDrive/SeaAlert/data/audio_noisy/low/662.wav,/content/drive/MyDrive/SeaAlert/data/audio_noisy/med/662.wav,/content/drive/MyDrive/SeaAlert/data/audio_noisy/high/662.wav
663,/content/drive/MyDrive/SeaAlert/data/audio_clean/wav/663.wav,/content/drive/MyDrive/SeaAlert/data/audio_noisy/low/663.wav,/content/drive/MyDrive/SeaAlert/data/audio_noisy/med/663.wav,/content/drive/MyDrive/SeaAlert/data/audio_noisy/high/663.wav
664,/content/drive/MyDrive/SeaAlert/data/audio_clean/wav/664.wav,/content/drive/MyDrive/SeaAlert/data/audio_noisy/low/664.wav,/content/drive/MyDrive/SeaAlert/data/audio_noisy/med/664.wav,/content/drive/MyDrive/SeaAlert/data/audio_noisy/high/664.wav
665,/content/drive/MyDrive/SeaAlert/data/audio_clean/wav/665.wav,/content/drive/MyDrive/SeaAlert/data/audio_noisy/low/665.wav,/content/drive/MyDrive/SeaAlert/data/audio_noisy/med/665.wav,/content/drive/MyDrive/SeaAlert/data/audio_noisy/high/665.wav
666,/content/drive/MyDrive/SeaAlert/data/audio_clean/wav/666.wav,/content/drive/MyDrive/SeaAlert/data/audio_noisy/low/666.wav,/content/drive/MyDrive/SeaAlert/data/audio_noisy/med/666.wav,/content/drive/MyDrive/SeaAlert/data/audio_noisy/high/666.wav
667,/content/drive/MyDrive/SeaAlert/data/audio_clean/wav/667.wav,/content/drive/MyDrive/SeaAlert/data/audio_noisy/low/667.wav,/content/drive/MyDrive/SeaAlert/data/audio_noisy/med/667.wav,/content/drive/MyDrive/SeaAlert/data/audio_noisy/high/667.wav
668,/content/drive/MyDrive/SeaAlert/data/audio_clean/wav/668.wav,/content/drive/MyDrive/SeaAlert/data/audio_noisy/low/668.wav,/content/drive/MyDrive/SeaAlert/data/audio_noisy/med/668.wav,/content/drive/MyDrive/SeaAlert/data/audio_noisy/high/668.wav
669,/content/drive/MyDrive/SeaAlert/data/audio_clean/wav/669.wav,/content/drive/MyDrive/SeaAlert/data/audio_noisy/low/669.wav,/content/drive/MyDrive/SeaAlert/data/audio_noisy/med/669.wav,/content/drive/MyDrive/SeaAlert/data/audio_noisy/high/669.wav
670,/content/drive/MyDrive/SeaAlert/data/audio_clean/wav/670.wav,/content/drive/MyDrive/SeaAlert/data/audio_noisy/low/670.wav,/content/drive/MyDrive/SeaAlert/data/audio_noisy/med/670.wav,/content/drive/MyDrive/SeaAlert/data/audio_noisy/high/670.wav
671,/content/drive/MyDrive/SeaAlert/data/audio_clean/wav/671.wav,/content/drive/MyDrive/SeaAlert/data/audio_noisy/low/671.wav,/content/drive/MyDrive/SeaAlert/data/audio_noisy/med/671.wav,/content/drive/MyDrive/SeaAlert/data/audio_noisy/high/671.wav
672,/content/drive/MyDrive/SeaAlert/data/audio_clean/wav/672.wav,/content/drive/MyDrive/SeaAlert/data/audio_noisy/low/672.wav,/content/drive/MyDrive/SeaAlert/data/audio_noisy/med/672.wav,/content/drive/MyDrive/SeaAlert/data/audio_noisy/high/672.wav
673,/content/drive/MyDrive/SeaAlert/data/audio_clean/wav/673.wav,/content/drive/MyDrive/SeaAlert/data/audio_noisy/low/673.wav,/content/drive/MyDrive/SeaAlert/data/audio_noisy/med/673.wav,/content/drive/MyDrive/SeaAlert/data/audio_noisy/high/673.wav
674,/content/drive/MyDrive/SeaAlert/data/audio_clean/wav/674.wav,/content/drive/MyDrive/SeaAlert/data/audio_noisy/low/674.wav,/content/drive/MyDrive/SeaAlert/data/audio_noisy/med/674.wav,/content/drive/MyDrive/SeaAlert/data/audio_noisy/high/674.wav
675,/content/drive/MyDrive/SeaAlert/data/audio_clean/wav/675.wav,/content/drive/MyDrive/SeaAlert/data/audio_noisy/low/675.wav,/content/drive/MyDrive/SeaAlert/data/audio_noisy/med/675.wav,/content/drive/MyDrive/SeaAlert/data/audio_noisy/high/675.wav
676,/content/drive/MyDrive/SeaAlert/data/audio_clean/wav/676.wav,/content/drive/MyDrive/SeaAlert/data/audio_noisy/low/676.wav,/content/drive/MyDrive/SeaAlert/data/audio_noisy/med/676.wav,/content/drive/MyDrive/SeaAlert/data/audio_noisy/high/676.wav
677,/content/drive/MyDrive/SeaAlert/data/audio_clean/wav/677.wav,/content/drive/MyDrive/SeaAlert/data/audio_noisy/low/677.wav,/content/drive/MyDrive/SeaAlert/data/audio_noisy/med/677.wav,/content/drive/MyDrive/SeaAlert/data/audio_noisy/high/677.wav
678,/content/drive/MyDrive/SeaAlert/data/audio_clean/wav/678.wav,/content/drive/MyDrive/SeaAlert/data/audio_noisy/low/678.wav,/content/drive/MyDrive/SeaAlert/data/audio_noisy/med/678.wav,/content/drive/MyDrive/SeaAlert/data/audio_noisy/high/678.wav
679,/content/drive/MyDrive/SeaAlert/data/audio_clean/wav/679.wav,/content/drive/MyDrive/SeaAlert/data/audio_noisy/low/679.wav,/content/drive/MyDrive/SeaAlert/data/audio_noisy/med/679.wav,/content/drive/MyDrive/SeaAlert/data/audio_noisy/high/679.wav
680,/content/drive/MyDrive/SeaAlert/data/audio_clean/wav/680.wav,/content/drive/MyDrive/SeaAlert/data/audio_noisy/low/680.wav,/content/drive/MyDrive/SeaAlert/data/audio_noisy/med/680.wav,/content/drive/MyDrive/SeaAlert/data/audio_noisy/high/680.wav
681,/content/drive/MyDrive/SeaAlert/data/audio_clean/wav/681.wav,/content/drive/MyDrive/SeaAlert/data/audio_noisy/low/681.wav,/content/drive/MyDrive/SeaAlert/data/audio_noisy/med/681.wav,/content/drive/MyDrive/SeaAlert/data/audio_noisy/high/681.wav
682,/content/drive/MyDrive/SeaAlert/data/audio_clean/wav/682.wav,/content/drive/MyDrive/SeaAlert/data/audio_noisy/low/682.wav,/content/drive/MyDrive/SeaAlert/data/audio_noisy/med/682.wav,/content/drive/MyDrive/SeaAlert/data/audio_noisy/high/682.wav
683,/content/drive/MyDrive/SeaAlert/data/audio_clean/wav/683.wav,/content/drive/MyDrive/SeaAlert/data/audio_noisy/low/683.wav,/content/drive/MyDrive/SeaAlert/data/audio_noisy/med/683.wav,/content/drive/MyDrive/SeaAlert/data/audio_noisy/high/683.wav
684,/content/drive/MyDrive/SeaAlert/data/audio_clean/wav/684.wav,/content/drive/MyDrive/SeaAlert/data/audio_noisy/low/684.wav,/content/drive/MyDrive/SeaAlert/data/audio_noisy/med/684.wav,/content/drive/MyDrive/SeaAlert/data/audio_noisy/high/684.wav
685,/content/drive/MyDrive/SeaAlert/data/audio_clean/wav/685.wav,/content/drive/MyDrive/SeaAlert/data/audio_noisy/low/685.wav,/content/drive/MyDrive/SeaAlert/data/audio_noisy/med/685.wav,/content/drive/MyDrive/SeaAlert/data/audio_noisy/high/685.wav
686,/content/drive/MyDrive/SeaAlert/data/audio_clean/wav/686.wav,/content/drive/MyDrive/SeaAlert/data/audio_noisy/low/686.wav,/content/drive/MyDrive/SeaAlert/data/audio_noisy/med/686.wav,/content/drive/MyDrive/SeaAlert/data/audio_noisy/high/686.wav
687,/content/drive/MyDrive/SeaAlert/data/audio_clean/wav/687.wav,/content/drive/MyDrive/SeaAlert/data/audio_noisy/low/687.wav,/content/drive/MyDrive/SeaAlert/data/audio_noisy/med/687.wav,/content/drive/MyDrive/SeaAlert/data/audio_noisy/high/687.wav
688,/content/drive/MyDrive/SeaAlert/data/audio_clean/wav/688.wav,/content/drive/MyDrive/SeaAlert/data/audio_noisy/low/688.wav,/content/drive/MyDrive/SeaAlert/data/audio_noisy/med/688.wav,/content/drive/MyDrive/SeaAlert/data/audio_noisy/high/688.wav
689,/content/drive/MyDrive/SeaAlert/data/audio_clean/wav/689.wav,/content/drive/MyDrive/SeaAlert/data/audio_noisy/low/689.wav,/content/drive/MyDrive/SeaAlert/data/audio_noisy/med/689.wav,/content/drive/MyDrive/SeaAlert/data/audio_noisy/high/689.wav
690,/content/drive/MyDrive/SeaAlert/data/audio_clean/wav/690.wav,/content/drive/MyDrive/SeaAlert/data/audio_noisy/low/690.wav,/content/drive/MyDrive/SeaAlert/data/audio_noisy/med/690.wav,/content/drive/MyDrive/SeaAlert/data/audio_noisy/high/690.wav
691,/content/drive/MyDrive/SeaAlert/data/audio_clean/wav/691.wav,/content/drive/MyDrive/SeaAlert/data/audio_noisy/low/691.wav,/content/drive/MyDrive/SeaAlert/data/audio_noisy/med/691.wav,/content/drive/MyDrive/SeaAlert/data/audio_noisy/high/691.wav
692,/content/drive/MyDrive/SeaAlert/data/audio_clean/wav/692.wav,/content/drive/MyDrive/SeaAlert/data/audio_noisy/low/692.wav,/content/drive/MyDrive/SeaAlert/data/audio_noisy/med/692.wav,/content/drive/MyDrive/SeaAlert/data/audio_noisy/high/692.wav
693,/content/drive/MyDrive/SeaAlert/data/audio_clean/wav/693.wav,/content/drive/MyDrive/SeaAlert/data/audio_noisy/low/693.wav,/content/drive/MyDrive/SeaAlert/data/audio_noisy/med/693.wav,/content/drive/MyDrive/SeaAlert/data/audio_noisy/high/693.wav
694,/content/drive/MyDrive/SeaAlert/data/audio_clean/wav/694.wav,/content/drive/MyDrive/SeaAlert/data/audio_noisy/low/694.wav,/content/drive/MyDrive/SeaAlert/data/audio_noisy/med/694.wav,/content/drive/MyDrive/SeaAlert/data/audio_noisy/high/694.wav
695,/content/drive/MyDrive/SeaAlert/data/audio_clean/wav/695.wav,/content/drive/MyDrive/SeaAlert/data/audio_noisy/low/695.wav,/content/drive/MyDrive/SeaAlert/data/audio_noisy/med/695.wav,/content/drive/MyDrive/SeaAlert/data/audio_noisy/high/695.wav
696,/content/drive/MyDrive/SeaAlert/data/audio_clean/wav/696.wav,/content/drive/MyDrive/SeaAlert/data/audio_noisy/low/696.wav,/content/drive/MyDrive/SeaAlert/data/audio_noisy/med/696.wav,/content/drive/MyDrive/SeaAlert/data/audio_noisy/high/696.wav
697,/content/drive/MyDrive/SeaAlert/data/audio_clean/wav/697.wav,/content/drive/MyDrive/SeaAlert/data/audio_noisy/low/697.wav,/content/drive/MyDrive/SeaAlert/data/audio_noisy/med/697.wav,/content/drive/MyDrive/SeaAlert/data/audio_noisy/high/697.wav
698,/content/drive/MyDrive/SeaAlert/data/audio_clean/wav/698.wav,/content/drive/MyDrive/SeaAlert/data/audio_noisy/low/698.wav,/content/drive/MyDrive/SeaAlert/data/audio_noisy/med/698.wav,/content/drive/MyDrive/SeaAlert/data/audio_noisy/high/698.wav
699,/content/drive/MyDrive/SeaAlert/data/audio_clean/wav/699.wav,/content/drive/MyDrive/SeaAlert/data/audio_noisy/low/699.wav,/content/drive/MyDrive/SeaAlert/data/audio_noisy/med/699.wav,/content/drive/MyDrive/SeaAlert/data/audio_noisy/high/699.wav
700,/content/drive/MyDrive/SeaAlert/data/audio_clean/wav/700.wav,/content/drive/MyDrive/SeaAlert/data/audio_noisy/low/700.wav,/content/drive/MyDrive/SeaAlert/data/audio_noisy/med/700.wav,/content/drive/MyDrive/SeaAlert/data/audio_noisy/high/700.wav
701,/content/drive/MyDrive/SeaAlert/data/audio_clean/wav/701.wav,/content/drive/MyDrive/SeaAlert/data/audio_noisy/low/701.wav,/content/drive/MyDrive/SeaAlert/data/audio_noisy/med/701.wav,/content/drive/MyDrive/SeaAlert/data/audio_noisy/high/701.wav
702,/content/drive/MyDrive/SeaAlert/data/audio_clean/wav/702.wav,/content/drive/MyDrive/SeaAlert/data/audio_noisy/low/702.wav,/content/drive/MyDrive/SeaAlert/data/audio_noisy/med/702.wav,/content/drive/MyDrive/SeaAlert/data/audio_noisy/high/702.wav
703,/content/drive/MyDrive/SeaAlert/data/audio_clean/wav/703.wav,/content/drive/MyDrive/SeaAlert/data/audio_noisy/low/703.wav,/content/drive/MyDrive/SeaAlert/data/audio_noisy/med/703.wav,/content/drive/MyDrive/SeaAlert/data/audio_noisy/high/703.wav
704,/content/drive/MyDrive/SeaAlert/data/audio_clean/wav/704.wav,/content/drive/MyDrive/SeaAlert/data/audio_noisy/low/704.wav,/content/drive/MyDrive/SeaAlert/data/audio_noisy/med/704.wav,/content/drive/MyDrive/SeaAlert/data/audio_noisy/high/704.wav
705,/content/drive/MyDrive/SeaAlert/data/audio_clean/wav/705.wav,/content/drive/MyDrive/SeaAlert/data/audio_noisy/low/705.wav,/content/drive/MyDrive/SeaAlert/data/audio_noisy/med/705.wav,/content/drive/MyDrive/SeaAlert/data/audio_noisy/high/705.wav
706,/content/drive/MyDrive/SeaAlert/data/audio_clean/wav/706.wav,/content/drive/MyDrive/SeaAlert/data/audio_noisy/low/706.wav,/content/drive/MyDrive/SeaAlert/data/audio_noisy/med/706.wav,/content/drive/MyDrive/SeaAlert/data/audio_noisy/high/706.wav
707,/content/drive/MyDrive/SeaAlert/data/audio_clean/wav/707.wav,/content/drive/MyDrive/SeaAlert/data/audio_noisy/low/707.wav,/content/drive/MyDrive/SeaAlert/data/audio_noisy/med/707.wav,/content/drive/MyDrive/SeaAlert/data/audio_noisy/high/707.wav
708,/content/drive/MyDrive/SeaAlert/data/audio_clean/wav/708.wav,/content/drive/MyDrive/SeaAlert/data/audio_noisy/low/708.wav,/content/drive/MyDrive/SeaAlert/data/audio_noisy/med/708.wav,/content/drive/MyDrive/SeaAlert/data/audio_noisy/high/708.wav
709,/content/drive/MyDrive/SeaAlert/data/audio_clean/wav/709.wav,/content/drive/MyDrive/SeaAlert/data/audio_noisy/low/709.wav,/content/drive/MyDrive/SeaAlert/data/audio_noisy/med/709.wav,/content/drive/MyDrive/SeaAlert/data/audio_noisy/high/709.wav
710,/content/drive/MyDrive/SeaAlert/data/audio_clean/wav/710.wav,/content/drive/MyDrive/SeaAlert/data/audio_noisy/low/710.wav,/content/drive/MyDrive/SeaAlert/data/audio_noisy/med/710.wav,/content/drive/MyDrive/SeaAlert/data/audio_noisy/high/710.wav
711,/content/drive/MyDrive/SeaAlert/data/audio_clean/wav/711.wav,/content/drive/MyDrive/SeaAlert/data/audio_noisy/low/711.wav,/content/drive/MyDrive/SeaAlert/data/audio_noisy/med/711.wav,/content/drive/MyDrive/SeaAlert/data/audio_noisy/high/711.wav
712,/content/drive/MyDrive/SeaAlert/data/audio_clean/wav/712.wav,/content/drive/MyDrive/SeaAlert/data/audio_noisy/low/712.wav,/content/drive/MyDrive/SeaAlert/data/audio_noisy/med/712.wav,/content/drive/MyDrive/SeaAlert/data/audio_noisy/high/712.wav
713,/content/drive/MyDrive/SeaAlert/data/audio_clean/wav/713.wav,/content/drive/MyDrive/SeaAlert/data/audio_noisy/low/713.wav,/content/drive/MyDrive/SeaAlert/data/audio_noisy/med/713.wav,/content/drive/MyDrive/SeaAlert/data/audio_noisy/high/713.wav
714,/content/drive/MyDrive/SeaAlert/data/audio_clean/wav/714.wav,/content/drive/MyDrive/SeaAlert/data/audio_noisy/low/714.wav,/content/drive/MyDrive/SeaAlert/data/audio_noisy/med/714.wav,/content/drive/MyDrive/SeaAlert/data/audio_noisy/high/714.wav
715,/content/drive/MyDrive/SeaAlert/data/audio_clean/wav/715.wav,/content/drive/MyDrive/SeaAlert/data/audio_noisy/low/715.wav,/content/drive/MyDrive/SeaAlert/data/audio_noisy/med/715.wav,/content/drive/MyDrive/SeaAlert/data/audio_noisy/high/715.wav
716,/content/drive/MyDrive/SeaAlert/data/audio_clean/wav/716.wav,/content/drive/MyDrive/SeaAlert/data/audio_noisy/low/716.wav,/content/drive/MyDrive/SeaAlert/data/audio_noisy/med/716.wav,/content/drive/MyDrive/SeaAlert/data/audio_noisy/high/716.wav
717,/content/drive/MyDrive/SeaAlert/data/audio_clean/wav/717.wav,/content/drive/MyDrive/SeaAlert/data/audio_noisy/low/717.wav,/content/drive/MyDrive/SeaAlert/data/audio_noisy/med/717.wav,/content/drive/MyDrive/SeaAlert/data/audio_noisy/high/717.wav
718,/content/drive/MyDrive/SeaAlert/data/audio_clean/wav/718.wav,/content/drive/MyDrive/SeaAlert/data/audio_noisy/low/718.wav,/content/drive/MyDrive/SeaAlert/data/audio_noisy/med/718.wav,/content/drive/MyDrive/SeaAlert/data/audio_noisy/high/718.wav
719,/content/drive/MyDrive/SeaAlert/data/audio_clean/wav/719.wav,/content/drive/MyDrive/SeaAlert/data/audio_noisy/low/719.wav,/content/drive/MyDrive/SeaAlert/data/audio_noisy/med/719.wav,/content/drive/MyDrive/SeaAlert/data/audio_noisy/high/719.wav
720,/content/drive/MyDrive/SeaAlert/data/audio_clean/wav/720.wav,/content/drive/MyDrive/SeaAlert/data/audio_noisy/low/720.wav,/content/drive/MyDrive/SeaAlert/data/audio_noisy/med/720.wav,/content/drive/MyDrive/SeaAlert/data/audio_noisy/high/720.wav
721,/content/drive/MyDrive/SeaAlert/data/audio_clean/wav/721.wav,/content/drive/MyDrive/SeaAlert/data/audio_noisy/low/721.wav,/content/drive/MyDrive/SeaAlert/data/audio_noisy/med/721.wav,/content/drive/MyDrive/SeaAlert/data/audio_noisy/high/721.wav
722,/content/drive/MyDrive/SeaAlert/data/audio_clean/wav/722.wav,/content/drive/MyDrive/SeaAlert/data/audio_noisy/low/722.wav,/content/drive/MyDrive/SeaAlert/data/audio_noisy/med/722.wav,/content/drive/MyDrive/SeaAlert/data/audio_noisy/high/722.wav
723,/content/drive/MyDrive/SeaAlert/data/audio_clean/wav/723.wav,/content/drive/MyDrive/SeaAlert/data/audio_noisy/low/723.wav,/content/drive/MyDrive/SeaAlert/data/audio_noisy/med/723.wav,/content/drive/MyDrive/SeaAlert/data/audio_noisy/high/723.wav
724,/content/drive/MyDrive/SeaAlert/data/audio_clean/wav/724.wav,/content/drive/MyDrive/SeaAlert/data/audio_noisy/low/724.wav,/content/drive/MyDrive/SeaAlert/data/audio_noisy/med/724.wav,/content/drive/MyDrive/SeaAlert/data/audio_noisy/high/724.wav
725,/content/drive/MyDrive/SeaAlert/data/audio_clean/wav/725.wav,/content/drive/MyDrive/SeaAlert/data/audio_noisy/low/725.wav,/content/drive/MyDrive/SeaAlert/data/audio_noisy/med/725.wav,/content/drive/MyDrive/SeaAlert/data/audio_noisy/high/725.wav
726,/content/drive/MyDrive/SeaAlert/data/audio_clean/wav/726.wav,/content/drive/MyDrive/SeaAlert/data/audio_noisy/low/726.wav,/content/drive/MyDrive/SeaAlert/data/audio_noisy/med/726.wav,/content/drive/MyDrive/SeaAlert/data/audio_noisy/high/726.wav
727,/content/drive/MyDrive/SeaAlert/data/audio_clean/wav/727.wav,/content/drive/MyDrive/SeaAlert/data/audio_noisy/low/727.wav,/content/drive/MyDrive/SeaAlert/data/audio_noisy/med/727.wav,/content/drive/MyDrive/SeaAlert/data/audio_noisy/high/727.wav
728,/content/drive/MyDrive/SeaAlert/data/audio_clean/wav/728.wav,/content/drive/MyDrive/SeaAlert/data/audio_noisy/low/728.wav,/content/drive/MyDrive/SeaAlert/data/audio_noisy/med/728.wav,/content/drive/MyDrive/SeaAlert/data/audio_noisy/high/728.wav
729,/content/drive/MyDrive/SeaAlert/data/audio_clean/wav/729.wav,/content/drive/MyDrive/SeaAlert/data/audio_noisy/low/729.wav,/content/drive/MyDrive/SeaAlert/data/audio_noisy/med/729.wav,/content/drive/MyDrive/SeaAlert/data/audio_noisy/high/729.wav
730,/content/drive/MyDrive/SeaAlert/data/audio_clean/wav/730.wav,/content/drive/MyDrive/SeaAlert/data/audio_noisy/low/730.wav,/content/drive/MyDrive/SeaAlert/data/audio_noisy/med/730.wav,/content/drive/MyDrive/SeaAlert/data/audio_noisy/high/730.wav
731,/content/drive/MyDrive/SeaAlert/data/audio_clean/wav/731.wav,/content/drive/MyDrive/SeaAlert/data/audio_noisy/low/731.wav,/content/drive/MyDrive/SeaAlert/data/audio_noisy/med/731.wav,/content/drive/MyDrive/SeaAlert/data/audio_noisy/high/731.wav
732,/content/drive/MyDrive/SeaAlert/data/audio_clean/wav/732.wav,/content/drive/MyDrive/SeaAlert/data/audio_noisy/low/732.wav,/content/drive/MyDrive/SeaAlert/data/audio_noisy/med/732.wav,/content/drive/MyDrive/SeaAlert/data/audio_noisy/high/732.wav
733,/content/drive/MyDrive/SeaAlert/data/audio_clean/wav/733.wav,/content/drive/MyDrive/SeaAlert/data/audio_noisy/low/733.wav,/content/drive/MyDrive/SeaAlert/data/audio_noisy/med/733.wav,/content/drive/MyDrive/SeaAlert/data/audio_noisy/high/733.wav
734,/content/drive/MyDrive/SeaAlert/data/audio_clean/wav/734.wav,/content/drive/MyDrive/SeaAlert/data/audio_noisy/low/734.wav,/content/drive/MyDrive/SeaAlert/data/audio_noisy/med/734.wav,/content/drive/MyDrive/SeaAlert/data/audio_noisy/high/734.wav
735,/content/drive/MyDrive/SeaAlert/data/audio_clean/wav/735.wav,/content/drive/MyDrive/SeaAlert/data/audio_noisy/low/735.wav,/content/drive/MyDrive/SeaAlert/data/audio_noisy/med/735.wav,/content/drive/MyDrive/SeaAlert/data/audio_noisy/high/735.wav
736,/content/drive/MyDrive/SeaAlert/data/audio_clean/wav/736.wav,/content/drive/MyDrive/SeaAlert/data/audio_noisy/low/736.wav,/content/drive/MyDrive/SeaAlert/data/audio_noisy/med/736.wav,/content/drive/MyDrive/SeaAlert/data/audio_noisy/high/736.wav
737,/content/drive/MyDrive/SeaAlert/data/audio_clean/wav/737.wav,/content/drive/MyDrive/SeaAlert/data/audio_noisy/low/737.wav,/content/drive/MyDrive/SeaAlert/data/audio_noisy/med/737.wav,/content/drive/MyDrive/SeaAlert/data/audio_noisy/high/737.wav
738,/content/drive/MyDrive/SeaAlert/data/audio_clean/wav/738.wav,/content/drive/MyDrive/SeaAlert/data/audio_noisy/low/738.wav,/content/drive/MyDrive/SeaAlert/data/audio_noisy/med/738.wav,/content/drive/MyDrive/SeaAlert/data/audio_noisy/high/738.wav
739,/content/drive/MyDrive/SeaAlert/data/audio_clean/wav/739.wav,/content/drive/MyDrive/SeaAlert/data/audio_noisy/low/739.wav,/content/drive/MyDrive/SeaAlert/data/audio_noisy/med/739.wav,/content/drive/MyDrive/SeaAlert/data/audio_noisy/high/739.wav
740,/content/drive/MyDrive/SeaAlert/data/audio_clean/wav/740.wav,/content/drive/MyDrive/SeaAlert/data/audio_noisy/low/740.wav,/content/drive/MyDrive/SeaAlert/data/audio_noisy/med/740.wav,/content/drive/MyDrive/SeaAlert/data/audio_noisy/high/740.wav
741,/content/drive/MyDrive/SeaAlert/data/audio_clean/wav/741.wav,/content/drive/MyDrive/SeaAlert/data/audio_noisy/low/741.wav,/content/drive/MyDrive/SeaAlert/data/audio_noisy/med/741.wav,/content/drive/MyDrive/SeaAlert/data/audio_noisy/high/741.wav
742,/content/drive/MyDrive/SeaAlert/data/audio_clean/wav/742.wav,/content/drive/MyDrive/SeaAlert/data/audio_noisy/low/742.wav,/content/drive/MyDrive/SeaAlert/data/audio_noisy/med/742.wav,/content/drive/MyDrive/SeaAlert/data/audio_noisy/high/742.wav
743,/content/drive/MyDrive/SeaAlert/data/audio_clean/wav/743.wav,/content/drive/MyDrive/SeaAlert/data/audio_noisy/low/743.wav,/content/drive/MyDrive/SeaAlert/data/audio_noisy/med/743.wav,/content/drive/MyDrive/SeaAlert/data/audio_noisy/high/743.wav
744,/content/drive/MyDrive/SeaAlert/data/audio_clean/wav/744.wav,/content/drive/MyDrive/SeaAlert/data/audio_noisy/low/744.wav,/content/drive/MyDrive/SeaAlert/data/audio_noisy/med/744.wav,/content/drive/MyDrive/SeaAlert/data/audio_noisy/high/744.wav
745,/content/drive/MyDrive/SeaAlert/data/audio_clean/wav/745.wav,/content/drive/MyDrive/SeaAlert/data/audio_noisy/low/745.wav,/content/drive/MyDrive/SeaAlert/data/audio_noisy/med/745.wav,/content/drive/MyDrive/SeaAlert/data/audio_noisy/high/745.wav
746,/content/drive/MyDrive/SeaAlert/data/audio_clean/wav/746.wav,/content/drive/MyDrive/SeaAlert/data/audio_noisy/low/746.wav,/content/drive/MyDrive/SeaAlert/data/audio_noisy/med/746.wav,/content/drive/MyDrive/SeaAlert/data/audio_noisy/high/746.wav
747,/content/drive/MyDrive/SeaAlert/data/audio_clean/wav/747.wav,/content/drive/MyDrive/SeaAlert/data/audio_noisy/low/747.wav,/content/drive/MyDrive/SeaAlert/data/audio_noisy/med/747.wav,/content/drive/MyDrive/SeaAlert/data/audio_noisy/high/747.wav
748,/content/drive/MyDrive/SeaAlert/data/audio_clean/wav/748.wav,/content/drive/MyDrive/SeaAlert/data/audio_noisy/low/748.wav,/content/drive/MyDrive/SeaAlert/data/audio_noisy/med/748.wav,/content/drive/MyDrive/SeaAlert/data/audio_noisy/high/748.wav
749,/content/drive/MyDrive/SeaAlert/data/audio_clean/wav/749.wav,/content/drive/MyDrive/SeaAlert/data/audio_noisy/low/749.wav,/content/drive/MyDrive/SeaAlert/data/audio_noisy/med/749.wav,/content/drive/MyDrive/SeaAlert/data/audio_noisy/high/749.wav
750,/content/drive/MyDrive/SeaAlert/data/audio_clean/wav/750.wav,/content/drive/MyDrive/SeaAlert/data/audio_noisy/low/750.wav,/content/drive/MyDrive/SeaAlert/data/audio_noisy/med/750.wav,/content/drive/MyDrive/SeaAlert/data/audio_noisy/high/750.wav
751,/content/drive/MyDrive/SeaAlert/data/audio_clean/wav/751.wav,/content/drive/MyDrive/SeaAlert/data/audio_noisy/low/751.wav,/content/drive/MyDrive/SeaAlert/data/audio_noisy/med/751.wav,/content/drive/MyDrive/SeaAlert/data/audio_noisy/high/751.wav
752,/content/drive/MyDrive/SeaAlert/data/audio_clean/wav/752.wav,/content/drive/MyDrive/SeaAlert/data/audio_noisy/low/752.wav,/content/drive/MyDrive/SeaAlert/data/audio_noisy/med/752.wav,/content/drive/MyDrive/SeaAlert/data/audio_noisy/high/752.wav
753,/content/drive/MyDrive/SeaAlert/data/audio_clean/wav/753.wav,/content/drive/MyDrive/SeaAlert/data/audio_noisy/low/753.wav,/content/drive/MyDrive/SeaAlert/data/audio_noisy/med/753.wav,/content/drive/MyDrive/SeaAlert/data/audio_noisy/high/753.wav
754,/content/drive/MyDrive/SeaAlert/data/audio_clean/wav/754.wav,/content/drive/MyDrive/SeaAlert/data/audio_noisy/low/754.wav,/content/drive/MyDrive/SeaAlert/data/audio_noisy/med/754.wav,/content/drive/MyDrive/SeaAlert/data/audio_noisy/high/754.wav
755,/content/drive/MyDrive/SeaAlert/data/audio_clean/wav/755.wav,/content/drive/MyDrive/SeaAlert/data/audio_noisy/low/755.wav,/content/drive/MyDrive/SeaAlert/data/audio_noisy/med/755.wav,/content/drive/MyDrive/SeaAlert/data/audio_noisy/high/755.wav
756,/content/drive/MyDrive/SeaAlert/data/audio_clean/wav/756.wav,/content/drive/MyDrive/SeaAlert/data/audio_noisy/low/756.wav,/content/drive/MyDrive/SeaAlert/data/audio_noisy/med/756.wav,/content/drive/MyDrive/SeaAlert/data/audio_noisy/high/756.wav
757,/content/drive/MyDrive/SeaAlert/data/audio_clean/wav/757.wav,/content/drive/MyDrive/SeaAlert/data/audio_noisy/low/757.wav,/content/drive/MyDrive/SeaAlert/data/audio_noisy/med/757.wav,/content/drive/MyDrive/SeaAlert/data/audio_noisy/high/757.wav
758,/content/drive/MyDrive/SeaAlert/data/audio_clean/wav/758.wav,/content/drive/MyDrive/SeaAlert/data/audio_noisy/low/758.wav,/content/drive/MyDrive/SeaAlert/data/audio_noisy/med/758.wav,/content/drive/MyDrive/SeaAlert/data/audio_noisy/high/758.wav
759,/content/drive/MyDrive/SeaAlert/data/audio_clean/wav/759.wav,/content/drive/MyDrive/SeaAlert/data/audio_noisy/low/759.wav,/content/drive/MyDrive/SeaAlert/data/audio_noisy/med/759.wav,/content/drive/MyDrive/SeaAlert/data/audio_noisy/high/759.wav
760,/content/drive/MyDrive/SeaAlert/data/audio_clean/wav/760.wav,/content/drive/MyDrive/SeaAlert/data/audio_noisy/low/760.wav,/content/drive/MyDrive/SeaAlert/data/audio_noisy/med/760.wav,/content/drive/MyDrive/SeaAlert/data/audio_noisy/high/760.wav
761,/content/drive/MyDrive/SeaAlert/data/audio_clean/wav/761.wav,/content/drive/MyDrive/SeaAlert/data/audio_noisy/low/761.wav,/content/drive/MyDrive/SeaAlert/data/audio_noisy/med/761.wav,/content/drive/MyDrive/SeaAlert/data/audio_noisy/high/761.wav
762,/content/drive/MyDrive/SeaAlert/data/audio_clean/wav/762.wav,/content/drive/MyDrive/SeaAlert/data/audio_noisy/low/762.wav,/content/drive/MyDrive/SeaAlert/data/audio_noisy/med/762.wav,/content/drive/MyDrive/SeaAlert/data/audio_noisy/high/762.wav
763,/content/drive/MyDrive/SeaAlert/data/audio_clean/wav/763.wav,/content/drive/MyDrive/SeaAlert/data/audio_noisy/low/763.wav,/content/drive/MyDrive/SeaAlert/data/audio_noisy/med/763.wav,/content/drive/MyDrive/SeaAlert/data/audio_noisy/high/763.wav
764,/content/drive/MyDrive/SeaAlert/data/audio_clean/wav/764.wav,/content/drive/MyDrive/SeaAlert/data/audio_noisy/low/764.wav,/content/drive/MyDrive/SeaAlert/data/audio_noisy/med/764.wav,/content/drive/MyDrive/SeaAlert/data/audio_noisy/high/764.wav
765,/content/drive/MyDrive/SeaAlert/data/audio_clean/wav/765.wav,/content/drive/MyDrive/SeaAlert/data/audio_noisy/low/765.wav,/content/drive/MyDrive/SeaAlert/data/audio_noisy/med/765.wav,/content/drive/MyDrive/SeaAlert/data/audio_noisy/high/765.wav
766,/content/drive/MyDrive/SeaAlert/data/audio_clean/wav/766.wav,/content/drive/MyDrive/SeaAlert/data/audio_noisy/low/766.wav,/content/drive/MyDrive/SeaAlert/data/audio_noisy/med/766.wav,/content/drive/MyDrive/SeaAlert/data/audio_noisy/high/766.wav
767,/content/drive/MyDrive/SeaAlert/data/audio_clean/wav/767.wav,/content/drive/MyDrive/SeaAlert/data/audio_noisy/low/767.wav,/content/drive/MyDrive/SeaAlert/data/audio_noisy/med/767.wav,/content/drive/MyDrive/SeaAlert/data/audio_noisy/high/767.wav
768,/content/drive/MyDrive/SeaAlert/data/audio_clean/wav/768.wav,/content/drive/MyDrive/SeaAlert/data/audio_noisy/low/768.wav,/content/drive/MyDrive/SeaAlert/data/audio_noisy/med/768.wav,/content/drive/MyDrive/SeaAlert/data/audio_noisy/high/768.wav
769,/content/drive/MyDrive/SeaAlert/data/audio_clean/wav/769.wav,/content/drive/MyDrive/SeaAlert/data/audio_noisy/low/769.wav,/content/drive/MyDrive/SeaAlert/data/audio_noisy/med/769.wav,/content/drive/MyDrive/SeaAlert/data/audio_noisy/high/769.wav
770,/content/drive/MyDrive/SeaAlert/data/audio_clean/wav/770.wav,/content/drive/MyDrive/SeaAlert/data/audio_noisy/low/770.wav,/content/drive/MyDrive/SeaAlert/data/audio_noisy/med/770.wav,/content/drive/MyDrive/SeaAlert/data/audio_noisy/high/770.wav
771,/content/drive/MyDrive/SeaAlert/data/audio_clean/wav/771.wav,/content/drive/MyDrive/SeaAlert/data/audio_noisy/low/771.wav,/content/drive/MyDrive/SeaAlert/data/audio_noisy/med/771.wav,/content/drive/MyDrive/SeaAlert/data/audio_noisy/high/771.wav
772,/content/drive/MyDrive/SeaAlert/data/audio_clean/wav/772.wav,/content/drive/MyDrive/SeaAlert/data/audio_noisy/low/772.wav,/content/drive/MyDrive/SeaAlert/data/audio_noisy/med/772.wav,/content/drive/MyDrive/SeaAlert/data/audio_noisy/high/772.wav
773,/content/drive/MyDrive/SeaAlert/data/audio_clean/wav/773.wav,/content/drive/MyDrive/SeaAlert/data/audio_noisy/low/773.wav,/content/drive/MyDrive/SeaAlert/data/audio_noisy/med/773.wav,/content/drive/MyDrive/SeaAlert/data/audio_noisy/high/773.wav
774,/content/drive/MyDrive/SeaAlert/data/audio_clean/wav/774.wav,/content/drive/MyDrive/SeaAlert/data/audio_noisy/low/774.wav,/content/drive/MyDrive/SeaAlert/data/audio_noisy/med/774.wav,/content/drive/MyDrive/SeaAlert/data/audio_noisy/high/774.wav
775,/content/drive/MyDrive/SeaAlert/data/audio_clean/wav/775.wav,/content/drive/MyDrive/SeaAlert/data/audio_noisy/low/775.wav,/content/drive/MyDrive/SeaAlert/data/audio_noisy/med/775.wav,/content/drive/MyDrive/SeaAlert/data/audio_noisy/high/775.wav
776,/content/drive/MyDrive/SeaAlert/data/audio_clean/wav/776.wav,/content/drive/MyDrive/SeaAlert/data/audio_noisy/low/776.wav,/content/drive/MyDrive/SeaAlert/data/audio_noisy/med/776.wav,/content/drive/MyDrive/SeaAlert/data/audio_noisy/high/776.wav
777,/content/drive/MyDrive/SeaAlert/data/audio_clean/wav/777.wav,/content/drive/MyDrive/SeaAlert/data/audio_noisy/low/777.wav,/content/drive/MyDrive/SeaAlert/data/audio_noisy/med/777.wav,/content/drive/MyDrive/SeaAlert/data/audio_noisy/high/777.wav
778,/content/drive/MyDrive/SeaAlert/data/audio_clean/wav/778.wav,/content/drive/MyDrive/SeaAlert/data/audio_noisy/low/778.wav,/content/drive/MyDrive/SeaAlert/data/audio_noisy/med/778.wav,/content/drive/MyDrive/SeaAlert/data/audio_noisy/high/778.wav
779,/content/drive/MyDrive/SeaAlert/data/audio_clean/wav/779.wav,/content/drive/MyDrive/SeaAlert/data/audio_noisy/low/779.wav,/content/drive/MyDrive/SeaAlert/data/audio_noisy/med/779.wav,/content/drive/MyDrive/SeaAlert/data/audio_noisy/high/779.wav
780,/content/drive/MyDrive/SeaAlert/data/audio_clean/wav/780.wav,/content/drive/MyDrive/SeaAlert/data/audio_noisy/low/780.wav,/content/drive/MyDrive/SeaAlert/data/audio_noisy/med/780.wav,/content/drive/MyDrive/SeaAlert/data/audio_noisy/high/780.wav
781,/content/drive/MyDrive/SeaAlert/data/audio_clean/wav/781.wav,/content/drive/MyDrive/SeaAlert/data/audio_noisy/low/781.wav,/content/drive/MyDrive/SeaAlert/data/audio_noisy/med/781.wav,/content/drive/MyDrive/SeaAlert/data/audio_noisy/high/781.wav
782,/content/drive/MyDrive/SeaAlert/data/audio_clean/wav/782.wav,/content/drive/MyDrive/SeaAlert/data/audio_noisy/low/782.wav,/content/drive/MyDrive/SeaAlert/data/audio_noisy/med/782.wav,/content/drive/MyDrive/SeaAlert/data/audio_noisy/high/782.wav
783,/content/drive/MyDrive/SeaAlert/data/audio_clean/wav/783.wav,/content/drive/MyDrive/SeaAlert/data/audio_noisy/low/783.wav,/content/drive/MyDrive/SeaAlert/data/audio_noisy/med/783.wav,/content/drive/MyDrive/SeaAlert/data/audio_noisy/high/783.wav
784,/content/drive/MyDrive/SeaAlert/data/audio_clean/wav/784.wav,/content/drive/MyDrive/SeaAlert/data/audio_noisy/low/784.wav,/content/drive/MyDrive/SeaAlert/data/audio_noisy/med/784.wav,/content/drive/MyDrive/SeaAlert/data/audio_noisy/high/784.wav
785,/content/drive/MyDrive/SeaAlert/data/audio_clean/wav/785.wav,/content/drive/MyDrive/SeaAlert/data/audio_noisy/low/785.wav,/content/drive/MyDrive/SeaAlert/data/audio_noisy/med/785.wav,/content/drive/MyDrive/SeaAlert/data/audio_noisy/high/785.wav
786,/content/drive/MyDrive/SeaAlert/data/audio_clean/wav/786.wav,/content/drive/MyDrive/SeaAlert/data/audio_noisy/low/786.wav,/content/drive/MyDrive/SeaAlert/data/audio_noisy/med/786.wav,/content/drive/MyDrive/SeaAlert/data/audio_noisy/high/786.wav
787,/content/drive/MyDrive/SeaAlert/data/audio_clean/wav/787.wav,/content/drive/MyDrive/SeaAlert/data/audio_noisy/low/787.wav,/content/drive/MyDrive/SeaAlert/data/audio_noisy/med/787.wav,/content/drive/MyDrive/SeaAlert/data/audio_noisy/high/787.wav
788,/content/drive/MyDrive/SeaAlert/data/audio_clean/wav/788.wav,/content/drive/MyDrive/SeaAlert/data/audio_noisy/low/788.wav,/content/drive/MyDrive/SeaAlert/data/audio_noisy/med/788.wav,/content/drive/MyDrive/SeaAlert/data/audio_noisy/high/788.wav
789,/content/drive/MyDrive/SeaAlert/data/audio_clean/wav/789.wav,/content/drive/MyDrive/SeaAlert/data/audio_noisy/low/789.wav,/content/drive/MyDrive/SeaAlert/data/audio_noisy/med/789.wav,/content/drive/MyDrive/SeaAlert/data/audio_noisy/high/789.wav
790,/content/drive/MyDrive/SeaAlert/data/audio_clean/wav/790.wav,/content/drive/MyDrive/SeaAlert/data/audio_noisy/low/790.wav,/content/drive/MyDrive/SeaAlert/data/audio_noisy/med/790.wav,/content/drive/MyDrive/SeaAlert/data/audio_noisy/high/790.wav
791,/content/drive/MyDrive/SeaAlert/data/audio_clean/wav/791.wav,/content/drive/MyDrive/SeaAlert/data/audio_noisy/low/791.wav,/content/drive/MyDrive/SeaAlert/data/audio_noisy/med/791.wav,/content/drive/MyDrive/SeaAlert/data/audio_noisy/high/791.wav
792,/content/drive/MyDrive/SeaAlert/data/audio_clean/wav/792.wav,/content/drive/MyDrive/SeaAlert/data/audio_noisy/low/792.wav,/content/drive/MyDrive/SeaAlert/data/audio_noisy/med/792.wav,/content/drive/MyDrive/SeaAlert/data/audio_noisy/high/792.wav
793,/content/drive/MyDrive/SeaAlert/data/audio_clean/wav/793.wav,/content/drive/MyDrive/SeaAlert/data/audio_noisy/low/793.wav,/content/drive/MyDrive/SeaAlert/data/audio_noisy/med/793.wav,/content/drive/MyDrive/SeaAlert/data/audio_noisy/high/793.wav
794,/content/drive/MyDrive/SeaAlert/data/audio_clean/wav/794.wav,/content/drive/MyDrive/SeaAlert/data/audio_noisy/low/794.wav,/content/drive/MyDrive/SeaAlert/data/audio_noisy/med/794.wav,/content/drive/MyDrive/SeaAlert/data/audio_noisy/high/794.wav
795,/content/drive/MyDrive/SeaAlert/data/audio_clean/wav/795.wav,/content/drive/MyDrive/SeaAlert/data/audio_noisy/low/795.wav,/content/drive/MyDrive/SeaAlert/data/audio_noisy/med/795.wav,/content/drive/MyDrive/SeaAlert/data/audio_noisy/high/795.wav
796,/content/drive/MyDrive/SeaAlert/data/audio_clean/wav/796.wav,/content/drive/MyDrive/SeaAlert/data/audio_noisy/low/796.wav,/content/drive/MyDrive/SeaAlert/data/audio_noisy/med/796.wav,/content/drive/MyDrive/SeaAlert/data/audio_noisy/high/796.wav
797,/content/drive/MyDrive/SeaAlert/data/audio_clean/wav/797.wav,/content/drive/MyDrive/SeaAlert/data/audio_noisy/low/797.wav,/content/drive/MyDrive/SeaAlert/data/audio_noisy/med/797.wav,/content/drive/MyDrive/SeaAlert/data/audio_noisy/high/797.wav
798,/content/drive/MyDrive/SeaAlert/data/audio_clean/wav/798.wav,/content/drive/MyDrive/SeaAlert/data/audio_noisy/low/798.wav,/content/drive/MyDrive/SeaAlert/data/audio_noisy/med/798.wav,/content/drive/MyDrive/SeaAlert/data/audio_noisy/high/798.wav
799,/content/drive/MyDrive/SeaAlert/data/audio_clean/wav/799.wav,/content/drive/MyDrive/SeaAlert/data/audio_noisy/low/799.wav,/content/drive/MyDrive/SeaAlert/data/audio_noisy/med/799.wav,/content/drive/MyDrive/SeaAlert/data/audio_noisy/high/799.wav
800,/content/drive/MyDrive/SeaAlert/data/audio_clean/wav/800.wav,/content/drive/MyDrive/SeaAlert/data/audio_noisy/low/800.wav,/content/drive/MyDrive/SeaAlert/data/audio_noisy/med/800.wav,/content/drive/MyDrive/SeaAlert/data/audio_noisy/high/800.wav
801,/content/drive/MyDrive/SeaAlert/data/audio_clean/wav/801.wav,/content/drive/MyDrive/SeaAlert/data/audio_noisy/low/801.wav,/content/drive/MyDrive/SeaAlert/data/audio_noisy/med/801.wav,/content/drive/MyDrive/SeaAlert/data/audio_noisy/high/801.wav
802,/content/drive/MyDrive/SeaAlert/data/audio_clean/wav/802.wav,/content/drive/MyDrive/SeaAlert/data/audio_noisy/low/802.wav,/content/drive/MyDrive/SeaAlert/data/audio_noisy/med/802.wav,/content/drive/MyDrive/SeaAlert/data/audio_noisy/high/802.wav
803,/content/drive/MyDrive/SeaAlert/data/audio_clean/wav/803.wav,/content/drive/MyDrive/SeaAlert/data/audio_noisy/low/803.wav,/content/drive/MyDrive/SeaAlert/data/audio_noisy/med/803.wav,/content/drive/MyDrive/SeaAlert/data/audio_noisy/high/803.wav
804,/content/drive/MyDrive/SeaAlert/data/audio_clean/wav/804.wav,/content/drive/MyDrive/SeaAlert/data/audio_noisy/low/804.wav,/content/drive/MyDrive/SeaAlert/data/audio_noisy/med/804.wav,/content/drive/MyDrive/SeaAlert/data/audio_noisy/high/804.wav
805,/content/drive/MyDrive/SeaAlert/data/audio_clean/wav/805.wav,/content/drive/MyDrive/SeaAlert/data/audio_noisy/low/805.wav,/content/drive/MyDrive/SeaAlert/data/audio_noisy/med/805.wav,/content/drive/MyDrive/SeaAlert/data/audio_noisy/high/805.wav
806,/content/drive/MyDrive/SeaAlert/data/audio_clean/wav/806.wav,/content/drive/MyDrive/SeaAlert/data/audio_noisy/low/806.wav,/content/drive/MyDrive/SeaAlert/data/audio_noisy/med/806.wav,/content/drive/MyDrive/SeaAlert/data/audio_noisy/high/806.wav
807,/content/drive/MyDrive/SeaAlert/data/audio_clean/wav/807.wav,/content/drive/MyDrive/SeaAlert/data/audio_noisy/low/807.wav,/content/drive/MyDrive/SeaAlert/data/audio_noisy/med/807.wav,/content/drive/MyDrive/SeaAlert/data/audio_noisy/high/807.wav
808,/content/drive/MyDrive/SeaAlert/data/audio_clean/wav/808.wav,/content/drive/MyDrive/SeaAlert/data/audio_noisy/low/808.wav,/content/drive/MyDrive/SeaAlert/data/audio_noisy/med/808.wav,/content/drive/MyDrive/SeaAlert/data/audio_noisy/high/808.wav
809,/content/drive/MyDrive/SeaAlert/data/audio_clean/wav/809.wav,/content/drive/MyDrive/SeaAlert/data/audio_noisy/low/809.wav,/content/drive/MyDrive/SeaAlert/data/audio_noisy/med/809.wav,/content/drive/MyDrive/SeaAlert/data/audio_noisy/high/809.wav
810,/content/drive/MyDrive/SeaAlert/data/audio_clean/wav/810.wav,/content/drive/MyDrive/SeaAlert/data/audio_noisy/low/810.wav,/content/drive/MyDrive/SeaAlert/data/audio_noisy/med/810.wav,/content/drive/MyDrive/SeaAlert/data/audio_noisy/high/810.wav
811,/content/drive/MyDrive/SeaAlert/data/audio_clean/wav/811.wav,/content/drive/MyDrive/SeaAlert/data/audio_noisy/low/811.wav,/content/drive/MyDrive/SeaAlert/data/audio_noisy/med/811.wav,/content/drive/MyDrive/SeaAlert/data/audio_noisy/high/811.wav
812,/content/drive/MyDrive/SeaAlert/data/audio_clean/wav/812.wav,/content/drive/MyDrive/SeaAlert/data/audio_noisy/low/812.wav,/content/drive/MyDrive/SeaAlert/data/audio_noisy/med/812.wav,/content/drive/MyDrive/SeaAlert/data/audio_noisy/high/812.wav
813,/content/drive/MyDrive/SeaAlert/data/audio_clean/wav/813.wav,/content/drive/MyDrive/SeaAlert/data/audio_noisy/low/813.wav,/content/drive/MyDrive/SeaAlert/data/audio_noisy/med/813.wav,/content/drive/MyDrive/SeaAlert/data/audio_noisy/high/813.wav
814,/content/drive/MyDrive/SeaAlert/data/audio_clean/wav/814.wav,/content/drive/MyDrive/SeaAlert/data/audio_noisy/low/814.wav,/content/drive/MyDrive/SeaAlert/data/audio_noisy/med/814.wav,/content/drive/MyDrive/SeaAlert/data/audio_noisy/high/814.wav
815,/content/drive/MyDrive/SeaAlert/data/audio_clean/wav/815.wav,/content/drive/MyDrive/SeaAlert/data/audio_noisy/low/815.wav,/content/drive/MyDrive/SeaAlert/data/audio_noisy/med/815.wav,/content/drive/MyDrive/SeaAlert/data/audio_noisy/high/815.wav
816,/content/drive/MyDrive/SeaAlert/data/audio_clean/wav/816.wav,/content/drive/MyDrive/SeaAlert/data/audio_noisy/low/816.wav,/content/drive/MyDrive/SeaAlert/data/audio_noisy/med/816.wav,/content/drive/MyDrive/SeaAlert/data/audio_noisy/high/816.wav
817,/content/drive/MyDrive/SeaAlert/data/audio_clean/wav/817.wav,/content/drive/MyDrive/SeaAlert/data/audio_noisy/low/817.wav,/content/drive/MyDrive/SeaAlert/data/audio_noisy/med/817.wav,/content/drive/MyDrive/SeaAlert/data/audio_noisy/high/817.wav
818,/content/drive/MyDrive/SeaAlert/data/audio_clean/wav/818.wav,/content/drive/MyDrive/SeaAlert/data/audio_noisy/low/818.wav,/content/drive/MyDrive/SeaAlert/data/audio_noisy/med/818.wav,/content/drive/MyDrive/SeaAlert/data/audio_noisy/high/818.wav
819,/content/drive/MyDrive/SeaAlert/data/audio_clean/wav/819.wav,/content/drive/MyDrive/SeaAlert/data/audio_noisy/low/819.wav,/content/drive/MyDrive/SeaAlert/data/audio_noisy/med/819.wav,/content/drive/MyDrive/SeaAlert/data/audio_noisy/high/819.wav
820,/content/drive/MyDrive/SeaAlert/data/audio_clean/wav/820.wav,/content/drive/MyDrive/SeaAlert/data/audio_noisy/low/820.wav,/content/drive/MyDrive/SeaAlert/data/audio_noisy/med/820.wav,/content/drive/MyDrive/SeaAlert/data/audio_noisy/high/820.wav
821,/content/drive/MyDrive/SeaAlert/data/audio_clean/wav/821.wav,/content/drive/MyDrive/SeaAlert/data/audio_noisy/low/821.wav,/content/drive/MyDrive/SeaAlert/data/audio_noisy/med/821.wav,/content/drive/MyDrive/SeaAlert/data/audio_noisy/high/821.wav
822,/content/drive/MyDrive/SeaAlert/data/audio_clean/wav/822.wav,/content/drive/MyDrive/SeaAlert/data/audio_noisy/low/822.wav,/content/drive/MyDrive/SeaAlert/data/audio_noisy/med/822.wav,/content/drive/MyDrive/SeaAlert/data/audio_noisy/high/822.wav
823,/content/drive/MyDrive/SeaAlert/data/audio_clean/wav/823.wav,/content/drive/MyDrive/SeaAlert/data/audio_noisy/low/823.wav,/content/drive/MyDrive/SeaAlert/data/audio_noisy/med/823.wav,/content/drive/MyDrive/SeaAlert/data/audio_noisy/high/823.wav
824,/content/drive/MyDrive/SeaAlert/data/audio_clean/wav/824.wav,/content/drive/MyDrive/SeaAlert/data/audio_noisy/low/824.wav,/content/drive/MyDrive/SeaAlert/data/audio_noisy/med/824.wav,/content/drive/MyDrive/SeaAlert/data/audio_noisy/high/824.wav
825,/content/drive/MyDrive/SeaAlert/data/audio_clean/wav/825.wav,/content/drive/MyDrive/SeaAlert/data/audio_noisy/low/825.wav,/content/drive/MyDrive/SeaAlert/data/audio_noisy/med/825.wav,/content/drive/MyDrive/SeaAlert/data/audio_noisy/high/825.wav
826,/content/drive/MyDrive/SeaAlert/data/audio_clean/wav/826.wav,/content/drive/MyDrive/SeaAlert/data/audio_noisy/low/826.wav,/content/drive/MyDrive/SeaAlert/data/audio_noisy/med/826.wav,/content/drive/MyDrive/SeaAlert/data/audio_noisy/high/826.wav
827,/content/drive/MyDrive/SeaAlert/data/audio_clean/wav/827.wav,/content/drive/MyDrive/SeaAlert/data/audio_noisy/low/827.wav,/content/drive/MyDrive/SeaAlert/data/audio_noisy/med/827.wav,/content/drive/MyDrive/SeaAlert/data/audio_noisy/high/827.wav
828,/content/drive/MyDrive/SeaAlert/data/audio_clean/wav/828.wav,/content/drive/MyDrive/SeaAlert/data/audio_noisy/low/828.wav,/content/drive/MyDrive/SeaAlert/data/audio_noisy/med/828.wav,/content/drive/MyDrive/SeaAlert/data/audio_noisy/high/828.wav
829,/content/drive/MyDrive/SeaAlert/data/audio_clean/wav/829.wav,/content/drive/MyDrive/SeaAlert/data/audio_noisy/low/829.wav,/content/drive/MyDrive/SeaAlert/data/audio_noisy/med/829.wav,/content/drive/MyDrive/SeaAlert/data/audio_noisy/high/829.wav
830,/content/drive/MyDrive/SeaAlert/data/audio_clean/wav/830.wav,/content/drive/MyDrive/SeaAlert/data/audio_noisy/low/830.wav,/content/drive/MyDrive/SeaAlert/data/audio_noisy/med/830.wav,/content/drive/MyDrive/SeaAlert/data/audio_noisy/high/830.wav
831,/content/drive/MyDrive/SeaAlert/data/audio_clean/wav/831.wav,/content/drive/MyDrive/SeaAlert/data/audio_noisy/low/831.wav,/content/drive/MyDrive/SeaAlert/data/audio_noisy/med/831.wav,/content/drive/MyDrive/SeaAlert/data/audio_noisy/high/831.wav
832,/content/drive/MyDrive/SeaAlert/data/audio_clean/wav/832.wav,/content/drive/MyDrive/SeaAlert/data/audio_noisy/low/832.wav,/content/drive/MyDrive/SeaAlert/data/audio_noisy/med/832.wav,/content/drive/MyDrive/SeaAlert/data/audio_noisy/high/832.wav
833,/content/drive/MyDrive/SeaAlert/data/audio_clean/wav/833.wav,/content/drive/MyDrive/SeaAlert/data/audio_noisy/low/833.wav,/content/drive/MyDrive/SeaAlert/data/audio_noisy/med/833.wav,/content/drive/MyDrive/SeaAlert/data/audio_noisy/high/833.wav
834,/content/drive/MyDrive/SeaAlert/data/audio_clean/wav/834.wav,/content/drive/MyDrive/SeaAlert/data/audio_noisy/low/834.wav,/content/drive/MyDrive/SeaAlert/data/audio_noisy/med/834.wav,/content/drive/MyDrive/SeaAlert/data/audio_noisy/high/834.wav
835,/content/drive/MyDrive/SeaAlert/data/audio_clean/wav/835.wav,/content/drive/MyDrive/SeaAlert/data/audio_noisy/low/835.wav,/content/drive/MyDrive/SeaAlert/data/audio_noisy/med/835.wav,/content/drive/MyDrive/SeaAlert/data/audio_noisy/high/835.wav
836,/content/drive/MyDrive/SeaAlert/data/audio_clean/wav/836.wav,/content/drive/MyDrive/SeaAlert/data/audio_noisy/low/836.wav,/content/drive/MyDrive/SeaAlert/data/audio_noisy/med/836.wav,/content/drive/MyDrive/SeaAlert/data/audio_noisy/high/836.wav
837,/content/drive/MyDrive/SeaAlert/data/audio_clean/wav/837.wav,/content/drive/MyDrive/SeaAlert/data/audio_noisy/low/837.wav,/content/drive/MyDrive/SeaAlert/data/audio_noisy/med/837.wav,/content/drive/MyDrive/SeaAlert/data/audio_noisy/high/837.wav
838,/content/drive/MyDrive/SeaAlert/data/audio_clean/wav/838.wav,/content/drive/MyDrive/SeaAlert/data/audio_noisy/low/838.wav,/content/drive/MyDrive/SeaAlert/data/audio_noisy/med/838.wav,/content/drive/MyDrive/SeaAlert/data/audio_noisy/high/838.wav
839,/content/drive/MyDrive/SeaAlert/data/audio_clean/wav/839.wav,/content/drive/MyDrive/SeaAlert/data/audio_noisy/low/839.wav,/content/drive/MyDrive/SeaAlert/data/audio_noisy/med/839.wav,/content/drive/MyDrive/SeaAlert/data/audio_noisy/high/839.wav
840,/content/drive/MyDrive/SeaAlert/data/audio_clean/wav/840.wav,/content/drive/MyDrive/SeaAlert/data/audio_noisy/low/840.wav,/content/drive/MyDrive/SeaAlert/data/audio_noisy/med/840.wav,/content/drive/MyDrive/SeaAlert/data/audio_noisy/high/840.wav
841,/content/drive/MyDrive/SeaAlert/data/audio_clean/wav/841.wav,/content/drive/MyDrive/SeaAlert/data/audio_noisy/low/841.wav,/content/drive/MyDrive/SeaAlert/data/audio_noisy/med/841.wav,/content/drive/MyDrive/SeaAlert/data/audio_noisy/high/841.wav
842,/content/drive/MyDrive/SeaAlert/data/audio_clean/wav/842.wav,/content/drive/MyDrive/SeaAlert/data/audio_noisy/low/842.wav,/content/drive/MyDrive/SeaAlert/data/audio_noisy/med/842.wav,/content/drive/MyDrive/SeaAlert/data/audio_noisy/high/842.wav
843,/content/drive/MyDrive/SeaAlert/data/audio_clean/wav/843.wav,/content/drive/MyDrive/SeaAlert/data/audio_noisy/low/843.wav,/content/drive/MyDrive/SeaAlert/data/audio_noisy/med/843.wav,/content/drive/MyDrive/SeaAlert/data/audio_noisy/high/843.wav
844,/content/drive/MyDrive/SeaAlert/data/audio_clean/wav/844.wav,/content/drive/MyDrive/SeaAlert/data/audio_noisy/low/844.wav,/content/drive/MyDrive/SeaAlert/data/audio_noisy/med/844.wav,/content/drive/MyDrive/SeaAlert/data/audio_noisy/high/844.wav
845,/content/drive/MyDrive/SeaAlert/data/audio_clean/wav/845.wav,/content/drive/MyDrive/SeaAlert/data/audio_noisy/low/845.wav,/content/drive/MyDrive/SeaAlert/data/audio_noisy/med/845.wav,/content/drive/MyDrive/SeaAlert/data/audio_noisy/high/845.wav
846,/content/drive/MyDrive/SeaAlert/data/audio_clean/wav/846.wav,/content/drive/MyDrive/SeaAlert/data/audio_noisy/low/846.wav,/content/drive/MyDrive/SeaAlert/data/audio_noisy/med/846.wav,/content/drive/MyDrive/SeaAlert/data/audio_noisy/high/846.wav
847,/content/drive/MyDrive/SeaAlert/data/audio_clean/wav/847.wav,/content/drive/MyDrive/SeaAlert/data/audio_noisy/low/847.wav,/content/drive/MyDrive/SeaAlert/data/audio_noisy/med/847.wav,/content/drive/MyDrive/SeaAlert/data/audio_noisy/high/847.wav
848,/content/drive/MyDrive/SeaAlert/data/audio_clean/wav/848.wav,/content/drive/MyDrive/SeaAlert/data/audio_noisy/low/848.wav,/content/drive/MyDrive/SeaAlert/data/audio_noisy/med/848.wav,/content/drive/MyDrive/SeaAlert/data/audio_noisy/high/848.wav
849,/content/drive/MyDrive/SeaAlert/data/audio_clean/wav/849.wav,/content/drive/MyDrive/SeaAlert/data/audio_noisy/low/849.wav,/content/drive/MyDrive/SeaAlert/data/audio_noisy/med/849.wav,/content/drive/MyDrive/SeaAlert/data/audio_noisy/high/849.wav
850,/content/drive/MyDrive/SeaAlert/data/audio_clean/wav/850.wav,/content/drive/MyDrive/SeaAlert/data/audio_noisy/low/850.wav,/content/drive/MyDrive/SeaAlert/data/audio_noisy/med/850.wav,/content/drive/MyDrive/SeaAlert/data/audio_noisy/high/850.wav
851,/content/drive/MyDrive/SeaAlert/data/audio_clean/wav/851.wav,/content/drive/MyDrive/SeaAlert/data/audio_noisy/low/851.wav,/content/drive/MyDrive/SeaAlert/data/audio_noisy/med/851.wav,/content/drive/MyDrive/SeaAlert/data/audio_noisy/high/851.wav
852,/content/drive/MyDrive/SeaAlert/data/audio_clean/wav/852.wav,/content/drive/MyDrive/SeaAlert/data/audio_noisy/low/852.wav,/content/drive/MyDrive/SeaAlert/data/audio_noisy/med/852.wav,/content/drive/MyDrive/SeaAlert/data/audio_noisy/high/852.wav
853,/content/drive/MyDrive/SeaAlert/data/audio_clean/wav/853.wav,/content/drive/MyDrive/SeaAlert/data/audio_noisy/low/853.wav,/content/drive/MyDrive/SeaAlert/data/audio_noisy/med/853.wav,/content/drive/MyDrive/SeaAlert/data/audio_noisy/high/853.wav
854,/content/drive/MyDrive/SeaAlert/data/audio_clean/wav/854.wav,/content/drive/MyDrive/SeaAlert/data/audio_noisy/low/854.wav,/content/drive/MyDrive/SeaAlert/data/audio_noisy/med/854.wav,/content/drive/MyDrive/SeaAlert/data/audio_noisy/high/854.wav
855,/content/drive/MyDrive/SeaAlert/data/audio_clean/wav/855.wav,/content/drive/MyDrive/SeaAlert/data/audio_noisy/low/855.wav,/content/drive/MyDrive/SeaAlert/data/audio_noisy/med/855.wav,/content/drive/MyDrive/SeaAlert/data/audio_noisy/high/855.wav
856,/content/drive/MyDrive/SeaAlert/data/audio_clean/wav/856.wav,/content/drive/MyDrive/SeaAlert/data/audio_noisy/low/856.wav,/content/drive/MyDrive/SeaAlert/data/audio_noisy/med/856.wav,/content/drive/MyDrive/SeaAlert/data/audio_noisy/high/856.wav
857,/content/drive/MyDrive/SeaAlert/data/audio_clean/wav/857.wav,/content/drive/MyDrive/SeaAlert/data/audio_noisy/low/857.wav,/content/drive/MyDrive/SeaAlert/data/audio_noisy/med/857.wav,/content/drive/MyDrive/SeaAlert/data/audio_noisy/high/857.wav
858,/content/drive/MyDrive/SeaAlert/data/audio_clean/wav/858.wav,/content/drive/MyDrive/SeaAlert/data/audio_noisy/low/858.wav,/content/drive/MyDrive/SeaAlert/data/audio_noisy/med/858.wav,/content/drive/MyDrive/SeaAlert/data/audio_noisy/high/858.wav
859,/content/drive/MyDrive/SeaAlert/data/audio_clean/wav/859.wav,/content/drive/MyDrive/SeaAlert/data/audio_noisy/low/859.wav,/content/drive/MyDrive/SeaAlert/data/audio_noisy/med/859.wav,/content/drive/MyDrive/SeaAlert/data/audio_noisy/high/859.wav
860,/content/drive/MyDrive/SeaAlert/data/audio_clean/wav/860.wav,/content/drive/MyDrive/SeaAlert/data/audio_noisy/low/860.wav,/content/drive/MyDrive/SeaAlert/data/audio_noisy/med/860.wav,/content/drive/MyDrive/SeaAlert/data/audio_noisy/high/860.wav
861,/content/drive/MyDrive/SeaAlert/data/audio_clean/wav/861.wav,/content/drive/MyDrive/SeaAlert/data/audio_noisy/low/861.wav,/content/drive/MyDrive/SeaAlert/data/audio_noisy/med/861.wav,/content/drive/MyDrive/SeaAlert/data/audio_noisy/high/861.wav
862,/content/drive/MyDrive/SeaAlert/data/audio_clean/wav/862.wav,/content/drive/MyDrive/SeaAlert/data/audio_noisy/low/862.wav,/content/drive/MyDrive/SeaAlert/data/audio_noisy/med/862.wav,/content/drive/MyDrive/SeaAlert/data/audio_noisy/high/862.wav
863,/content/drive/MyDrive/SeaAlert/data/audio_clean/wav/863.wav,/content/drive/MyDrive/SeaAlert/data/audio_noisy/low/863.wav,/content/drive/MyDrive/SeaAlert/data/audio_noisy/med/863.wav,/content/drive/MyDrive/SeaAlert/data/audio_noisy/high/863.wav
864,/content/drive/MyDrive/SeaAlert/data/audio_clean/wav/864.wav,/content/drive/MyDrive/SeaAlert/data/audio_noisy/low/864.wav,/content/drive/MyDrive/SeaAlert/data/audio_noisy/med/864.wav,/content/drive/MyDrive/SeaAlert/data/audio_noisy/high/864.wav
865,/content/drive/MyDrive/SeaAlert/data/audio_clean/wav/865.wav,/content/drive/MyDrive/SeaAlert/data/audio_noisy/low/865.wav,/content/drive/MyDrive/SeaAlert/data/audio_noisy/med/865.wav,/content/drive/MyDrive/SeaAlert/data/audio_noisy/high/865.wav
866,/content/drive/MyDrive/SeaAlert/data/audio_clean/wav/866.wav,/content/drive/MyDrive/SeaAlert/data/audio_noisy/low/866.wav,/content/drive/MyDrive/SeaAlert/data/audio_noisy/med/866.wav,/content/drive/MyDrive/SeaAlert/data/audio_noisy/high/866.wav
867,/content/drive/MyDrive/SeaAlert/data/audio_clean/wav/867.wav,/content/drive/MyDrive/SeaAlert/data/audio_noisy/low/867.wav,/content/drive/MyDrive/SeaAlert/data/audio_noisy/med/867.wav,/content/drive/MyDrive/SeaAlert/data/audio_noisy/high/867.wav
868,/content/drive/MyDrive/SeaAlert/data/audio_clean/wav/868.wav,/content/drive/MyDrive/SeaAlert/data/audio_noisy/low/868.wav,/content/drive/MyDrive/SeaAlert/data/audio_noisy/med/868.wav,/content/drive/MyDrive/SeaAlert/data/audio_noisy/high/868.wav
869,/content/drive/MyDrive/SeaAlert/data/audio_clean/wav/869.wav,/content/drive/MyDrive/SeaAlert/data/audio_noisy/low/869.wav,/content/drive/MyDrive/SeaAlert/data/audio_noisy/med/869.wav,/content/drive/MyDrive/SeaAlert/data/audio_noisy/high/869.wav
870,/content/drive/MyDrive/SeaAlert/data/audio_clean/wav/870.wav,/content/drive/MyDrive/SeaAlert/data/audio_noisy/low/870.wav,/content/drive/MyDrive/SeaAlert/data/audio_noisy/med/870.wav,/content/drive/MyDrive/SeaAlert/data/audio_noisy/high/870.wav
871,/content/drive/MyDrive/SeaAlert/data/audio_clean/wav/871.wav,/content/drive/MyDrive/SeaAlert/data/audio_noisy/low/871.wav,/content/drive/MyDrive/SeaAlert/data/audio_noisy/med/871.wav,/content/drive/MyDrive/SeaAlert/data/audio_noisy/high/871.wav
872,/content/drive/MyDrive/SeaAlert/data/audio_clean/wav/872.wav,/content/drive/MyDrive/SeaAlert/data/audio_noisy/low/872.wav,/content/drive/MyDrive/SeaAlert/data/audio_noisy/med/872.wav,/content/drive/MyDrive/SeaAlert/data/audio_noisy/high/872.wav
873,/content/drive/MyDrive/SeaAlert/data/audio_clean/wav/873.wav,/content/drive/MyDrive/SeaAlert/data/audio_noisy/low/873.wav,/content/drive/MyDrive/SeaAlert/data/audio_noisy/med/873.wav,/content/drive/MyDrive/SeaAlert/data/audio_noisy/high/873.wav
874,/content/drive/MyDrive/SeaAlert/data/audio_clean/wav/874.wav,/content/drive/MyDrive/SeaAlert/data/audio_noisy/low/874.wav,/content/drive/MyDrive/SeaAlert/data/audio_noisy/med/874.wav,/content/drive/MyDrive/SeaAlert/data/audio_noisy/high/874.wav
875,/content/drive/MyDrive/SeaAlert/data/audio_clean/wav/875.wav,/content/drive/MyDrive/SeaAlert/data/audio_noisy/low/875.wav,/content/drive/MyDrive/SeaAlert/data/audio_noisy/med/875.wav,/content/drive/MyDrive/SeaAlert/data/audio_noisy/high/875.wav
876,/content/drive/MyDrive/SeaAlert/data/audio_clean/wav/876.wav,/content/drive/MyDrive/SeaAlert/data/audio_noisy/low/876.wav,/content/drive/MyDrive/SeaAlert/data/audio_noisy/med/876.wav,/content/drive/MyDrive/SeaAlert/data/audio_noisy/high/876.wav
877,/content/drive/MyDrive/SeaAlert/data/audio_clean/wav/877.wav,/content/drive/MyDrive/SeaAlert/data/audio_noisy/low/877.wav,/content/drive/MyDrive/SeaAlert/data/audio_noisy/med/877.wav,/content/drive/MyDrive/SeaAlert/data/audio_noisy/high/877.wav
878,/content/drive/MyDrive/SeaAlert/data/audio_clean/wav/878.wav,/content/drive/MyDrive/SeaAlert/data/audio_noisy/low/878.wav,/content/drive/MyDrive/SeaAlert/data/audio_noisy/med/878.wav,/content/drive/MyDrive/SeaAlert/data/audio_noisy/high/878.wav
879,/content/drive/MyDrive/SeaAlert/data/audio_clean/wav/879.wav,/content/drive/MyDrive/SeaAlert/data/audio_noisy/low/879.wav,/content/drive/MyDrive/SeaAlert/data/audio_noisy/med/879.wav,/content/drive/MyDrive/SeaAlert/data/audio_noisy/high/879.wav
880,/content/drive/MyDrive/SeaAlert/data/audio_clean/wav/880.wav,/content/drive/MyDrive/SeaAlert/data/audio_noisy/low/880.wav,/content/drive/MyDrive/SeaAlert/data/audio_noisy/med/880.wav,/content/drive/MyDrive/SeaAlert/data/audio_noisy/high/880.wav
881,/content/drive/MyDrive/SeaAlert/data/audio_clean/wav/881.wav,/content/drive/MyDrive/SeaAlert/data/audio_noisy/low/881.wav,/content/drive/MyDrive/SeaAlert/data/audio_noisy/med/881.wav,/content/drive/MyDrive/SeaAlert/data/audio_noisy/high/881.wav
882,/content/drive/MyDrive/SeaAlert/data/audio_clean/wav/882.wav,/content/drive/MyDrive/SeaAlert/data/audio_noisy/low/882.wav,/content/drive/MyDrive/SeaAlert/data/audio_noisy/med/882.wav,/content/drive/MyDrive/SeaAlert/data/audio_noisy/high/882.wav
883,/content/drive/MyDrive/SeaAlert/data/audio_clean/wav/883.wav,/content/drive/MyDrive/SeaAlert/data/audio_noisy/low/883.wav,/content/drive/MyDrive/SeaAlert/data/audio_noisy/med/883.wav,/content/drive/MyDrive/SeaAlert/data/audio_noisy/high/883.wav
884,/content/drive/MyDrive/SeaAlert/data/audio_clean/wav/884.wav,/content/drive/MyDrive/SeaAlert/data/audio_noisy/low/884.wav,/content/drive/MyDrive/SeaAlert/data/audio_noisy/med/884.wav,/content/drive/MyDrive/SeaAlert/data/audio_noisy/high/884.wav
885,/content/drive/MyDrive/SeaAlert/data/audio_clean/wav/885.wav,/content/drive/MyDrive/SeaAlert/data/audio_noisy/low/885.wav,/content/drive/MyDrive/SeaAlert/data/audio_noisy/med/885.wav,/content/drive/MyDrive/SeaAlert/data/audio_noisy/high/885.wav
886,/content/drive/MyDrive/SeaAlert/data/audio_clean/wav/886.wav,/content/drive/MyDrive/SeaAlert/data/audio_noisy/low/886.wav,/content/drive/MyDrive/SeaAlert/data/audio_noisy/med/886.wav,/content/drive/MyDrive/SeaAlert/data/audio_noisy/high/886.wav
887,/content/drive/MyDrive/SeaAlert/data/audio_clean/wav/887.wav,/content/drive/MyDrive/SeaAlert/data/audio_noisy/low/887.wav,/content/drive/MyDrive/SeaAlert/data/audio_noisy/med/887.wav,/content/drive/MyDrive/SeaAlert/data/audio_noisy/high/887.wav
888,/content/drive/MyDrive/SeaAlert/data/audio_clean/wav/888.wav,/content/drive/MyDrive/SeaAlert/data/audio_noisy/low/888.wav,/content/drive/MyDrive/SeaAlert/data/audio_noisy/med/888.wav,/content/drive/MyDrive/SeaAlert/data/audio_noisy/high/888.wav
889,/content/drive/MyDrive/SeaAlert/data/audio_clean/wav/889.wav,/content/drive/MyDrive/SeaAlert/data/audio_noisy/low/889.wav,/content/drive/MyDrive/SeaAlert/data/audio_noisy/med/889.wav,/content/drive/MyDrive/SeaAlert/data/audio_noisy/high/889.wav
890,/content/drive/MyDrive/SeaAlert/data/audio_clean/wav/890.wav,/content/drive/MyDrive/SeaAlert/data/audio_noisy/low/890.wav,/content/drive/MyDrive/SeaAlert/data/audio_noisy/med/890.wav,/content/drive/MyDrive/SeaAlert/data/audio_noisy/high/890.wav
891,/content/drive/MyDrive/SeaAlert/data/audio_clean/wav/891.wav,/content/drive/MyDrive/SeaAlert/data/audio_noisy/low/891.wav,/content/drive/MyDrive/SeaAlert/data/audio_noisy/med/891.wav,/content/drive/MyDrive/SeaAlert/data/audio_noisy/high/891.wav
892,/content/drive/MyDrive/SeaAlert/data/audio_clean/wav/892.wav,/content/drive/MyDrive/SeaAlert/data/audio_noisy/low/892.wav,/content/drive/MyDrive/SeaAlert/data/audio_noisy/med/892.wav,/content/drive/MyDrive/SeaAlert/data/audio_noisy/high/892.wav
893,/content/drive/MyDrive/SeaAlert/data/audio_clean/wav/893.wav,/content/drive/MyDrive/SeaAlert/data/audio_noisy/low/893.wav,/content/drive/MyDrive/SeaAlert/data/audio_noisy/med/893.wav,/content/drive/MyDrive/SeaAlert/data/audio_noisy/high/893.wav
894,/content/drive/MyDrive/SeaAlert/data/audio_clean/wav/894.wav,/content/drive/MyDrive/SeaAlert/data/audio_noisy/low/894.wav,/content/drive/MyDrive/SeaAlert/data/audio_noisy/med/894.wav,/content/drive/MyDrive/SeaAlert/data/audio_noisy/high/894.wav
895,/content/drive/MyDrive/SeaAlert/data/audio_clean/wav/895.wav,/content/drive/MyDrive/SeaAlert/data/audio_noisy/low/895.wav,/content/drive/MyDrive/SeaAlert/data/audio_noisy/med/895.wav,/content/drive/MyDrive/SeaAlert/data/audio_noisy/high/895.wav
896,/content/drive/MyDrive/SeaAlert/data/audio_clean/wav/896.wav,/content/drive/MyDrive/SeaAlert/data/audio_noisy/low/896.wav,/content/drive/MyDrive/SeaAlert/data/audio_noisy/med/896.wav,/content/drive/MyDrive/SeaAlert/data/audio_noisy/high/896.wav
897,/content/drive/MyDrive/SeaAlert/data/audio_clean/wav/897.wav,/content/drive/MyDrive/SeaAlert/data/audio_noisy/low/897.wav,/content/drive/MyDrive/SeaAlert/data/audio_noisy/med/897.wav,/content/drive/MyDrive/SeaAlert/data/audio_noisy/high/897.wav
898,/content/drive/MyDrive/SeaAlert/data/audio_clean/wav/898.wav,/content/drive/MyDrive/SeaAlert/data/audio_noisy/low/898.wav,/content/drive/MyDrive/SeaAlert/data/audio_noisy/med/898.wav,/content/drive/MyDrive/SeaAlert/data/audio_noisy/high/898.wav
899,/content/drive/MyDrive/SeaAlert/data/audio_clean/wav/899.wav,/content/drive/MyDrive/SeaAlert/data/audio_noisy/low/899.wav,/content/drive/MyDrive/SeaAlert/data/audio_noisy/med/899.wav,/content/drive/MyDrive/SeaAlert/data/audio_noisy/high/899.wav
900,/content/drive/MyDrive/SeaAlert/data/audio_clean/wav/900.wav,/content/drive/MyDrive/SeaAlert/data/audio_noisy/low/900.wav,/content/drive/MyDrive/SeaAlert/data/audio_noisy/med/900.wav,/content/drive/MyDrive/SeaAlert/data/audio_noisy/high/900.wav
901,/content/drive/MyDrive/SeaAlert/data/audio_clean/wav/901.wav,/content/drive/MyDrive/SeaAlert/data/audio_noisy/low/901.wav,/content/drive/MyDrive/SeaAlert/data/audio_noisy/med/901.wav,/content/drive/MyDrive/SeaAlert/data/audio_noisy/high/901.wav
902,/content/drive/MyDrive/SeaAlert/data/audio_clean/wav/902.wav,/content/drive/MyDrive/SeaAlert/data/audio_noisy/low/902.wav,/content/drive/MyDrive/SeaAlert/data/audio_noisy/med/902.wav,/content/drive/MyDrive/SeaAlert/data/audio_noisy/high/902.wav
903,/content/drive/MyDrive/SeaAlert/data/audio_clean/wav/903.wav,/content/drive/MyDrive/SeaAlert/data/audio_noisy/low/903.wav,/content/drive/MyDrive/SeaAlert/data/audio_noisy/med/903.wav,/content/drive/MyDrive/SeaAlert/data/audio_noisy/high/903.wav
904,/content/drive/MyDrive/SeaAlert/data/audio_clean/wav/904.wav,/content/drive/MyDrive/SeaAlert/data/audio_noisy/low/904.wav,/content/drive/MyDrive/SeaAlert/data/audio_noisy/med/904.wav,/content/drive/MyDrive/SeaAlert/data/audio_noisy/high/904.wav
905,/content/drive/MyDrive/SeaAlert/data/audio_clean/wav/905.wav,/content/drive/MyDrive/SeaAlert/data/audio_noisy/low/905.wav,/content/drive/MyDrive/SeaAlert/data/audio_noisy/med/905.wav,/content/drive/MyDrive/SeaAlert/data/audio_noisy/high/905.wav
906,/content/drive/MyDrive/SeaAlert/data/audio_clean/wav/906.wav,/content/drive/MyDrive/SeaAlert/data/audio_noisy/low/906.wav,/content/drive/MyDrive/SeaAlert/data/audio_noisy/med/906.wav,/content/drive/MyDrive/SeaAlert/data/audio_noisy/high/906.wav
907,/content/drive/MyDrive/SeaAlert/data/audio_clean/wav/907.wav,/content/drive/MyDrive/SeaAlert/data/audio_noisy/low/907.wav,/content/drive/MyDrive/SeaAlert/data/audio_noisy/med/907.wav,/content/drive/MyDrive/SeaAlert/data/audio_noisy/high/907.wav
908,/content/drive/MyDrive/SeaAlert/data/audio_clean/wav/908.wav,/content/drive/MyDrive/SeaAlert/data/audio_noisy/low/908.wav,/content/drive/MyDrive/SeaAlert/data/audio_noisy/med/908.wav,/content/drive/MyDrive/SeaAlert/data/audio_noisy/high/908.wav
909,/content/drive/MyDrive/SeaAlert/data/audio_clean/wav/909.wav,/content/drive/MyDrive/SeaAlert/data/audio_noisy/low/909.wav,/content/drive/MyDrive/SeaAlert/data/audio_noisy/med/909.wav,/content/drive/MyDrive/SeaAlert/data/audio_noisy/high/909.wav
910,/content/drive/MyDrive/SeaAlert/data/audio_clean/wav/910.wav,/content/drive/MyDrive/SeaAlert/data/audio_noisy/low/910.wav,/content/drive/MyDrive/SeaAlert/data/audio_noisy/med/910.wav,/content/drive/MyDrive/SeaAlert/data/audio_noisy/high/910.wav
911,/content/drive/MyDrive/SeaAlert/data/audio_clean/wav/911.wav,/content/drive/MyDrive/SeaAlert/data/audio_noisy/low/911.wav,/content/drive/MyDrive/SeaAlert/data/audio_noisy/med/911.wav,/content/drive/MyDrive/SeaAlert/data/audio_noisy/high/911.wav
912,/content/drive/MyDrive/SeaAlert/data/audio_clean/wav/912.wav,/content/drive/MyDrive/SeaAlert/data/audio_noisy/low/912.wav,/content/drive/MyDrive/SeaAlert/data/audio_noisy/med/912.wav,/content/drive/MyDrive/SeaAlert/data/audio_noisy/high/912.wav
913,/content/drive/MyDrive/SeaAlert/data/audio_clean/wav/913.wav,/content/drive/MyDrive/SeaAlert/data/audio_noisy/low/913.wav,/content/drive/MyDrive/SeaAlert/data/audio_noisy/med/913.wav,/content/drive/MyDrive/SeaAlert/data/audio_noisy/high/913.wav
914,/content/drive/MyDrive/SeaAlert/data/audio_clean/wav/914.wav,/content/drive/MyDrive/SeaAlert/data/audio_noisy/low/914.wav,/content/drive/MyDrive/SeaAlert/data/audio_noisy/med/914.wav,/content/drive/MyDrive/SeaAlert/data/audio_noisy/high/914.wav
915,/content/drive/MyDrive/SeaAlert/data/audio_clean/wav/915.wav,/content/drive/MyDrive/SeaAlert/data/audio_noisy/low/915.wav,/content/drive/MyDrive/SeaAlert/data/audio_noisy/med/915.wav,/content/drive/MyDrive/SeaAlert/data/audio_noisy/high/915.wav
916,/content/drive/MyDrive/SeaAlert/data/audio_clean/wav/916.wav,/content/drive/MyDrive/SeaAlert/data/audio_noisy/low/916.wav,/content/drive/MyDrive/SeaAlert/data/audio_noisy/med/916.wav,/content/drive/MyDrive/SeaAlert/data/audio_noisy/high/916.wav
917,/content/drive/MyDrive/SeaAlert/data/audio_clean/wav/917.wav,/content/drive/MyDrive/SeaAlert/data/audio_noisy/low/917.wav,/content/drive/MyDrive/SeaAlert/data/audio_noisy/med/917.wav,/content/drive/MyDrive/SeaAlert/data/audio_noisy/high/917.wav
918,/content/drive/MyDrive/SeaAlert/data/audio_clean/wav/918.wav,/content/drive/MyDrive/SeaAlert/data/audio_noisy/low/918.wav,/content/drive/MyDrive/SeaAlert/data/audio_noisy/med/918.wav,/content/drive/MyDrive/SeaAlert/data/audio_noisy/high/918.wav
919,/content/drive/MyDrive/SeaAlert/data/audio_clean/wav/919.wav,/content/drive/MyDrive/SeaAlert/data/audio_noisy/low/919.wav,/content/drive/MyDrive/SeaAlert/data/audio_noisy/med/919.wav,/content/drive/MyDrive/SeaAlert/data/audio_noisy/high/919.wav
920,/content/drive/MyDrive/SeaAlert/data/audio_clean/wav/920.wav,/content/drive/MyDrive/SeaAlert/data/audio_noisy/low/920.wav,/content/drive/MyDrive/SeaAlert/data/audio_noisy/med/920.wav,/content/drive/MyDrive/SeaAlert/data/audio_noisy/high/920.wav
921,/content/drive/MyDrive/SeaAlert/data/audio_clean/wav/921.wav,/content/drive/MyDrive/SeaAlert/data/audio_noisy/low/921.wav,/content/drive/MyDrive/SeaAlert/data/audio_noisy/med/921.wav,/content/drive/MyDrive/SeaAlert/data/audio_noisy/high/921.wav
922,/content/drive/MyDrive/SeaAlert/data/audio_clean/wav/922.wav,/content/drive/MyDrive/SeaAlert/data/audio_noisy/low/922.wav,/content/drive/MyDrive/SeaAlert/data/audio_noisy/med/922.wav,/content/drive/MyDrive/SeaAlert/data/audio_noisy/high/922.wav
923,/content/drive/MyDrive/SeaAlert/data/audio_clean/wav/923.wav,/content/drive/MyDrive/SeaAlert/data/audio_noisy/low/923.wav,/content/drive/MyDrive/SeaAlert/data/audio_noisy/med/923.wav,/content/drive/MyDrive/SeaAlert/data/audio_noisy/high/923.wav
924,/content/drive/MyDrive/SeaAlert/data/audio_clean/wav/924.wav,/content/drive/MyDrive/SeaAlert/data/audio_noisy/low/924.wav,/content/drive/MyDrive/SeaAlert/data/audio_noisy/med/924.wav,/content/drive/MyDrive/SeaAlert/data/audio_noisy/high/924.wav
925,/content/drive/MyDrive/SeaAlert/data/audio_clean/wav/925.wav,/content/drive/MyDrive/SeaAlert/data/audio_noisy/low/925.wav,/content/drive/MyDrive/SeaAlert/data/audio_noisy/med/925.wav,/content/drive/MyDrive/SeaAlert/data/audio_noisy/high/925.wav
926,/content/drive/MyDrive/SeaAlert/data/audio_clean/wav/926.wav,/content/drive/MyDrive/SeaAlert/data/audio_noisy/low/926.wav,/content/drive/MyDrive/SeaAlert/data/audio_noisy/med/926.wav,/content/drive/MyDrive/SeaAlert/data/audio_noisy/high/926.wav
927,/content/drive/MyDrive/SeaAlert/data/audio_clean/wav/927.wav,/content/drive/MyDrive/SeaAlert/data/audio_noisy/low/927.wav,/content/drive/MyDrive/SeaAlert/data/audio_noisy/med/927.wav,/content/drive/MyDrive/SeaAlert/data/audio_noisy/high/927.wav
928,/content/drive/MyDrive/SeaAlert/data/audio_clean/wav/928.wav,/content/drive/MyDrive/SeaAlert/data/audio_noisy/low/928.wav,/content/drive/MyDrive/SeaAlert/data/audio_noisy/med/928.wav,/content/drive/MyDrive/SeaAlert/data/audio_noisy/high/928.wav
929,/content/drive/MyDrive/SeaAlert/data/audio_clean/wav/929.wav,/content/drive/MyDrive/SeaAlert/data/audio_noisy/low/929.wav,/content/drive/MyDrive/SeaAlert/data/audio_noisy/med/929.wav,/content/drive/MyDrive/SeaAlert/data/audio_noisy/high/929.wav
930,/content/drive/MyDrive/SeaAlert/data/audio_clean/wav/930.wav,/content/drive/MyDrive/SeaAlert/data/audio_noisy/low/930.wav,/content/drive/MyDrive/SeaAlert/data/audio_noisy/med/930.wav,/content/drive/MyDrive/SeaAlert/data/audio_noisy/high/930.wav
931,/content/drive/MyDrive/SeaAlert/data/audio_clean/wav/931.wav,/content/drive/MyDrive/SeaAlert/data/audio_noisy/low/931.wav,/content/drive/MyDrive/SeaAlert/data/audio_noisy/med/931.wav,/content/drive/MyDrive/SeaAlert/data/audio_noisy/high/931.wav
932,/content/drive/MyDrive/SeaAlert/data/audio_clean/wav/932.wav,/content/drive/MyDrive/SeaAlert/data/audio_noisy/low/932.wav,/content/drive/MyDrive/SeaAlert/data/audio_noisy/med/932.wav,/content/drive/MyDrive/SeaAlert/data/audio_noisy/high/932.wav
933,/content/drive/MyDrive/SeaAlert/data/audio_clean/wav/933.wav,/content/drive/MyDrive/SeaAlert/data/audio_noisy/low/933.wav,/content/drive/MyDrive/SeaAlert/data/audio_noisy/med/933.wav,/content/drive/MyDrive/SeaAlert/data/audio_noisy/high/933.wav
934,/content/drive/MyDrive/SeaAlert/data/audio_clean/wav/934.wav,/content/drive/MyDrive/SeaAlert/data/audio_noisy/low/934.wav,/content/drive/MyDrive/SeaAlert/data/audio_noisy/med/934.wav,/content/drive/MyDrive/SeaAlert/data/audio_noisy/high/934.wav
935,/content/drive/MyDrive/SeaAlert/data/audio_clean/wav/935.wav,/content/drive/MyDrive/SeaAlert/data/audio_noisy/low/935.wav,/content/drive/MyDrive/SeaAlert/data/audio_noisy/med/935.wav,/content/drive/MyDrive/SeaAlert/data/audio_noisy/high/935.wav
936,/content/drive/MyDrive/SeaAlert/data/audio_clean/wav/936.wav,/content/drive/MyDrive/SeaAlert/data/audio_noisy/low/936.wav,/content/drive/MyDrive/SeaAlert/data/audio_noisy/med/936.wav,/content/drive/MyDrive/SeaAlert/data/audio_noisy/high/936.wav
937,/content/drive/MyDrive/SeaAlert/data/audio_clean/wav/937.wav,/content/drive/MyDrive/SeaAlert/data/audio_noisy/low/937.wav,/content/drive/MyDrive/SeaAlert/data/audio_noisy/med/937.wav,/content/drive/MyDrive/SeaAlert/data/audio_noisy/high/937.wav
938,/content/drive/MyDrive/SeaAlert/data/audio_clean/wav/938.wav,/content/drive/MyDrive/SeaAlert/data/audio_noisy/low/938.wav,/content/drive/MyDrive/SeaAlert/data/audio_noisy/med/938.wav,/content/drive/MyDrive/SeaAlert/data/audio_noisy/high/938.wav
939,/content/drive/MyDrive/SeaAlert/data/audio_clean/wav/939.wav,/content/drive/MyDrive/SeaAlert/data/audio_noisy/low/939.wav,/content/drive/MyDrive/SeaAlert/data/audio_noisy/med/939.wav,/content/drive/MyDrive/SeaAlert/data/audio_noisy/high/939.wav
940,/content/drive/MyDrive/SeaAlert/data/audio_clean/wav/940.wav,/content/drive/MyDrive/SeaAlert/data/audio_noisy/low/940.wav,/content/drive/MyDrive/SeaAlert/data/audio_noisy/med/940.wav,/content/drive/MyDrive/SeaAlert/data/audio_noisy/high/940.wav
941,/content/drive/MyDrive/SeaAlert/data/audio_clean/wav/941.wav,/content/drive/MyDrive/SeaAlert/data/audio_noisy/low/941.wav,/content/drive/MyDrive/SeaAlert/data/audio_noisy/med/941.wav,/content/drive/MyDrive/SeaAlert/data/audio_noisy/high/941.wav
942,/content/drive/MyDrive/SeaAlert/data/audio_clean/wav/942.wav,/content/drive/MyDrive/SeaAlert/data/audio_noisy/low/942.wav,/content/drive/MyDrive/SeaAlert/data/audio_noisy/med/942.wav,/content/drive/MyDrive/SeaAlert/data/audio_noisy/high/942.wav
943,/content/drive/MyDrive/SeaAlert/data/audio_clean/wav/943.wav,/content/drive/MyDrive/SeaAlert/data/audio_noisy/low/943.wav,/content/drive/MyDrive/SeaAlert/data/audio_noisy/med/943.wav,/content/drive/MyDrive/SeaAlert/data/audio_noisy/high/943.wav
944,/content/drive/MyDrive/SeaAlert/data/audio_clean/wav/944.wav,/content/drive/MyDrive/SeaAlert/data/audio_noisy/low/944.wav,/content/drive/MyDrive/SeaAlert/data/audio_noisy/med/944.wav,/content/drive/MyDrive/SeaAlert/data/audio_noisy/high/944.wav
945,/content/drive/MyDrive/SeaAlert/data/audio_clean/wav/945.wav,/content/drive/MyDrive/SeaAlert/data/audio_noisy/low/945.wav,/content/drive/MyDrive/SeaAlert/data/audio_noisy/med/945.wav,/content/drive/MyDrive/SeaAlert/data/audio_noisy/high/945.wav
946,/content/drive/MyDrive/SeaAlert/data/audio_clean/wav/946.wav,/content/drive/MyDrive/SeaAlert/data/audio_noisy/low/946.wav,/content/drive/MyDrive/SeaAlert/data/audio_noisy/med/946.wav,/content/drive/MyDrive/SeaAlert/data/audio_noisy/high/946.wav
947,/content/drive/MyDrive/SeaAlert/data/audio_clean/wav/947.wav,/content/drive/MyDrive/SeaAlert/data/audio_noisy/low/947.wav,/content/drive/MyDrive/SeaAlert/data/audio_noisy/med/947.wav,/content/drive/MyDrive/SeaAlert/data/audio_noisy/high/947.wav
948,/content/drive/MyDrive/SeaAlert/data/audio_clean/wav/948.wav,/content/drive/MyDrive/SeaAlert/data/audio_noisy/low/948.wav,/content/drive/MyDrive/SeaAlert/data/audio_noisy/med/948.wav,/content/drive/MyDrive/SeaAlert/data/audio_noisy/high/948.wav
949,/content/drive/MyDrive/SeaAlert/data/audio_clean/wav/949.wav,/content/drive/MyDrive/SeaAlert/data/audio_noisy/low/949.wav,/content/drive/MyDrive/SeaAlert/data/audio_noisy/med/949.wav,/content/drive/MyDrive/SeaAlert/data/audio_noisy/high/949.wav
950,/content/drive/MyDrive/SeaAlert/data/audio_clean/wav/950.wav,/content/drive/MyDrive/SeaAlert/data/audio_noisy/low/950.wav,/content/drive/MyDrive/SeaAlert/data/audio_noisy/med/950.wav,/content/drive/MyDrive/SeaAlert/data/audio_noisy/high/950.wav
951,/content/drive/MyDrive/SeaAlert/data/audio_clean/wav/951.wav,/content/drive/MyDrive/SeaAlert/data/audio_noisy/low/951.wav,/content/drive/MyDrive/SeaAlert/data/audio_noisy/med/951.wav,/content/drive/MyDrive/SeaAlert/data/audio_noisy/high/951.wav
952,/content/drive/MyDrive/SeaAlert/data/audio_clean/wav/952.wav,/content/drive/MyDrive/SeaAlert/data/audio_noisy/low/952.wav,/content/drive/MyDrive/SeaAlert/data/audio_noisy/med/952.wav,/content/drive/MyDrive/SeaAlert/data/audio_noisy/high/952.wav
953,/content/drive/MyDrive/SeaAlert/data/audio_clean/wav/953.wav,/content/drive/MyDrive/SeaAlert/data/audio_noisy/low/953.wav,/content/drive/MyDrive/SeaAlert/data/audio_noisy/med/953.wav,/content/drive/MyDrive/SeaAlert/data/audio_noisy/high/953.wav
954,/content/drive/MyDrive/SeaAlert/data/audio_clean/wav/954.wav,/content/drive/MyDrive/SeaAlert/data/audio_noisy/low/954.wav,/content/drive/MyDrive/SeaAlert/data/audio_noisy/med/954.wav,/content/drive/MyDrive/SeaAlert/data/audio_noisy/high/954.wav
955,/content/drive/MyDrive/SeaAlert/data/audio_clean/wav/955.wav,/content/drive/MyDrive/SeaAlert/data/audio_noisy/low/955.wav,/content/drive/MyDrive/SeaAlert/data/audio_noisy/med/955.wav,/content/drive/MyDrive/SeaAlert/data/audio_noisy/high/955.wav
956,/content/drive/MyDrive/SeaAlert/data/audio_clean/wav/956.wav,/content/drive/MyDrive/SeaAlert/data/audio_noisy/low/956.wav,/content/drive/MyDrive/SeaAlert/data/audio_noisy/med/956.wav,/content/drive/MyDrive/SeaAlert/data/audio_noisy/high/956.wav
957,/content/drive/MyDrive/SeaAlert/data/audio_clean/wav/957.wav,/content/drive/MyDrive/SeaAlert/data/audio_noisy/low/957.wav,/content/drive/MyDrive/SeaAlert/data/audio_noisy/med/957.wav,/content/drive/MyDrive/SeaAlert/data/audio_noisy/high/957.wav
958,/content/drive/MyDrive/SeaAlert/data/audio_clean/wav/958.wav,/content/drive/MyDrive/SeaAlert/data/audio_noisy/low/958.wav,/content/drive/MyDrive/SeaAlert/data/audio_noisy/med/958.wav,/content/drive/MyDrive/SeaAlert/data/audio_noisy/high/958.wav
959,/content/drive/MyDrive/SeaAlert/data/audio_clean/wav/959.wav,/content/drive/MyDrive/SeaAlert/data/audio_noisy/low/959.wav,/content/drive/MyDrive/SeaAlert/data/audio_noisy/med/959.wav,/content/drive/MyDrive/SeaAlert/data/audio_noisy/high/959.wav
960,/content/drive/MyDrive/SeaAlert/data/audio_clean/wav/960.wav,/content/drive/MyDrive/SeaAlert/data/audio_noisy/low/960.wav,/content/drive/MyDrive/SeaAlert/data/audio_noisy/med/960.wav,/content/drive/MyDrive/SeaAlert/data/audio_noisy/high/960.wav
961,/content/drive/MyDrive/SeaAlert/data/audio_clean/wav/961.wav,/content/drive/MyDrive/SeaAlert/data/audio_noisy/low/961.wav,/content/drive/MyDrive/SeaAlert/data/audio_noisy/med/961.wav,/content/drive/MyDrive/SeaAlert/data/audio_noisy/high/961.wav
962,/content/drive/MyDrive/SeaAlert/data/audio_clean/wav/962.wav,/content/drive/MyDrive/SeaAlert/data/audio_noisy/low/962.wav,/content/drive/MyDrive/SeaAlert/data/audio_noisy/med/962.wav,/content/drive/MyDrive/SeaAlert/data/audio_noisy/high/962.wav
963,/content/drive/MyDrive/SeaAlert/data/audio_clean/wav/963.wav,/content/drive/MyDrive/SeaAlert/data/audio_noisy/low/963.wav,/content/drive/MyDrive/SeaAlert/data/audio_noisy/med/963.wav,/content/drive/MyDrive/SeaAlert/data/audio_noisy/high/963.wav
964,/content/drive/MyDrive/SeaAlert/data/audio_clean/wav/964.wav,/content/drive/MyDrive/SeaAlert/data/audio_noisy/low/964.wav,/content/drive/MyDrive/SeaAlert/data/audio_noisy/med/964.wav,/content/drive/MyDrive/SeaAlert/data/audio_noisy/high/964.wav
965,/content/drive/MyDrive/SeaAlert/data/audio_clean/wav/965.wav,/content/drive/MyDrive/SeaAlert/data/audio_noisy/low/965.wav,/content/drive/MyDrive/SeaAlert/data/audio_noisy/med/965.wav,/content/drive/MyDrive/SeaAlert/data/audio_noisy/high/965.wav
966,/content/drive/MyDrive/SeaAlert/data/audio_clean/wav/966.wav,/content/drive/MyDrive/SeaAlert/data/audio_noisy/low/966.wav,/content/drive/MyDrive/SeaAlert/data/audio_noisy/med/966.wav,/content/drive/MyDrive/SeaAlert/data/audio_noisy/high/966.wav
967,/content/drive/MyDrive/SeaAlert/data/audio_clean/wav/967.wav,/content/drive/MyDrive/SeaAlert/data/audio_noisy/low/967.wav,/content/drive/MyDrive/SeaAlert/data/audio_noisy/med/967.wav,/content/drive/MyDrive/SeaAlert/data/audio_noisy/high/967.wav
968,/content/drive/MyDrive/SeaAlert/data/audio_clean/wav/968.wav,/content/drive/MyDrive/SeaAlert/data/audio_noisy/low/968.wav,/content/drive/MyDrive/SeaAlert/data/audio_noisy/med/968.wav,/content/drive/MyDrive/SeaAlert/data/audio_noisy/high/968.wav
969,/content/drive/MyDrive/SeaAlert/data/audio_clean/wav/969.wav,/content/drive/MyDrive/SeaAlert/data/audio_noisy/low/969.wav,/content/drive/MyDrive/SeaAlert/data/audio_noisy/med/969.wav,/content/drive/MyDrive/SeaAlert/data/audio_noisy/high/969.wav
970,/content/drive/MyDrive/SeaAlert/data/audio_clean/wav/970.wav,/content/drive/MyDrive/SeaAlert/data/audio_noisy/low/970.wav,/content/drive/MyDrive/SeaAlert/data/audio_noisy/med/970.wav,/content/drive/MyDrive/SeaAlert/data/audio_noisy/high/970.wav
971,/content/drive/MyDrive/SeaAlert/data/audio_clean/wav/971.wav,/content/drive/MyDrive/SeaAlert/data/audio_noisy/low/971.wav,/content/drive/MyDrive/SeaAlert/data/audio_noisy/med/971.wav,/content/drive/MyDrive/SeaAlert/data/audio_noisy/high/971.wav
972,/content/drive/MyDrive/SeaAlert/data/audio_clean/wav/972.wav,/content/drive/MyDrive/SeaAlert/data/audio_noisy/low/972.wav,/content/drive/MyDrive/SeaAlert/data/audio_noisy/med/972.wav,/content/drive/MyDrive/SeaAlert/data/audio_noisy/high/972.wav
973,/content/drive/MyDrive/SeaAlert/data/audio_clean/wav/973.wav,/content/drive/MyDrive/SeaAlert/data/audio_noisy/low/973.wav,/content/drive/MyDrive/SeaAlert/data/audio_noisy/med/973.wav,/content/drive/MyDrive/SeaAlert/data/audio_noisy/high/973.wav
974,/content/drive/MyDrive/SeaAlert/data/audio_clean/wav/974.wav,/content/drive/MyDrive/SeaAlert/data/audio_noisy/low/974.wav,/content/drive/MyDrive/SeaAlert/data/audio_noisy/med/974.wav,/content/drive/MyDrive/SeaAlert/data/audio_noisy/high/974.wav
975,/content/drive/MyDrive/SeaAlert/data/audio_clean/wav/975.wav,/content/drive/MyDrive/SeaAlert/data/audio_noisy/low/975.wav,/content/drive/MyDrive/SeaAlert/data/audio_noisy/med/975.wav,/content/drive/MyDrive/SeaAlert/data/audio_noisy/high/975.wav
976,/content/drive/MyDrive/SeaAlert/data/audio_clean/wav/976.wav,/content/drive/MyDrive/SeaAlert/data/audio_noisy/low/976.wav,/content/drive/MyDrive/SeaAlert/data/audio_noisy/med/976.wav,/content/drive/MyDrive/SeaAlert/data/audio_noisy/high/976.wav
977,/content/drive/MyDrive/SeaAlert/data/audio_clean/wav/977.wav,/content/drive/MyDrive/SeaAlert/data/audio_noisy/low/977.wav,/content/drive/MyDrive/SeaAlert/data/audio_noisy/med/977.wav,/content/drive/MyDrive/SeaAlert/data/audio_noisy/high/977.wav
978,/content/drive/MyDrive/SeaAlert/data/audio_clean/wav/978.wav,/content/drive/MyDrive/SeaAlert/data/audio_noisy/low/978.wav,/content/drive/MyDrive/SeaAlert/data/audio_noisy/med/978.wav,/content/drive/MyDrive/SeaAlert/data/audio_noisy/high/978.wav
979,/content/drive/MyDrive/SeaAlert/data/audio_clean/wav/979.wav,/content/drive/MyDrive/SeaAlert/data/audio_noisy/low/979.wav,/content/drive/MyDrive/SeaAlert/data/audio_noisy/med/979.wav,/content/drive/MyDrive/SeaAlert/data/audio_noisy/high/979.wav
980,/content/drive/MyDrive/SeaAlert/data/audio_clean/wav/980.wav,/content/drive/MyDrive/SeaAlert/data/audio_noisy/low/980.wav,/content/drive/MyDrive/SeaAlert/data/audio_noisy/med/980.wav,/content/drive/MyDrive/SeaAlert/data/audio_noisy/high/980.wav
981,/content/drive/MyDrive/SeaAlert/data/audio_clean/wav/981.wav,/content/drive/MyDrive/SeaAlert/data/audio_noisy/low/981.wav,/content/drive/MyDrive/SeaAlert/data/audio_noisy/med/981.wav,/content/drive/MyDrive/SeaAlert/data/audio_noisy/high/981.wav
982,/content/drive/MyDrive/SeaAlert/data/audio_clean/wav/982.wav,/content/drive/MyDrive/SeaAlert/data/audio_noisy/low/982.wav,/content/drive/MyDrive/SeaAlert/data/audio_noisy/med/982.wav,/content/drive/MyDrive/SeaAlert/data/audio_noisy/high/982.wav
983,/content/drive/MyDrive/SeaAlert/data/audio_clean/wav/983.wav,/content/drive/MyDrive/SeaAlert/data/audio_noisy/low/983.wav,/content/drive/MyDrive/SeaAlert/data/audio_noisy/med/983.wav,/content/drive/MyDrive/SeaAlert/data/audio_noisy/high/983.wav
984,/content/drive/MyDrive/SeaAlert/data/audio_clean/wav/984.wav,/content/drive/MyDrive/SeaAlert/data/audio_noisy/low/984.wav,/content/drive/MyDrive/SeaAlert/data/audio_noisy/med/984.wav,/content/drive/MyDrive/SeaAlert/data/audio_noisy/high/984.wav
985,/content/drive/MyDrive/SeaAlert/data/audio_clean/wav/985.wav,/content/drive/MyDrive/SeaAlert/data/audio_noisy/low/985.wav,/content/drive/MyDrive/SeaAlert/data/audio_noisy/med/985.wav,/content/drive/MyDrive/SeaAlert/data/audio_noisy/high/985.wav
986,/content/drive/MyDrive/SeaAlert/data/audio_clean/wav/986.wav,/content/drive/MyDrive/SeaAlert/data/audio_noisy/low/986.wav,/content/drive/MyDrive/SeaAlert/data/audio_noisy/med/986.wav,/content/drive/MyDrive/SeaAlert/data/audio_noisy/high/986.wav
987,/content/drive/MyDrive/SeaAlert/data/audio_clean/wav/987.wav,/content/drive/MyDrive/SeaAlert/data/audio_noisy/low/987.wav,/content/drive/MyDrive/SeaAlert/data/audio_noisy/med/987.wav,/content/drive/MyDrive/SeaAlert/data/audio_noisy/high/987.wav
988,/content/drive/MyDrive/SeaAlert/data/audio_clean/wav/988.wav,/content/drive/MyDrive/SeaAlert/data/audio_noisy/low/988.wav,/content/drive/MyDrive/SeaAlert/data/audio_noisy/med/988.wav,/content/drive/MyDrive/SeaAlert/data/audio_noisy/high/988.wav
989,/content/drive/MyDrive/SeaAlert/data/audio_clean/wav/989.wav,/content/drive/MyDrive/SeaAlert/data/audio_noisy/low/989.wav,/content/drive/MyDrive/SeaAlert/data/audio_noisy/med/989.wav,/content/drive/MyDrive/SeaAlert/data/audio_noisy/high/989.wav
990,/content/drive/MyDrive/SeaAlert/data/audio_clean/wav/990.wav,/content/drive/MyDrive/SeaAlert/data/audio_noisy/low/990.wav,/content/drive/MyDrive/SeaAlert/data/audio_noisy/med/990.wav,/content/drive/MyDrive/SeaAlert/data/audio_noisy/high/990.wav
991,/content/drive/MyDrive/SeaAlert/data/audio_clean/wav/991.wav,/content/drive/MyDrive/SeaAlert/data/audio_noisy/low/991.wav,/content/drive/MyDrive/SeaAlert/data/audio_noisy/med/991.wav,/content/drive/MyDrive/SeaAlert/data/audio_noisy/high/991.wav
992,/content/drive/MyDrive/SeaAlert/data/audio_clean/wav/992.wav,/content/drive/MyDrive/SeaAlert/data/audio_noisy/low/992.wav,/content/drive/MyDrive/SeaAlert/data/audio_noisy/med/992.wav,/content/drive/MyDrive/SeaAlert/data/audio_noisy/high/992.wav
993,/content/drive/MyDrive/SeaAlert/data/audio_clean/wav/993.wav,/content/drive/MyDrive/SeaAlert/data/audio_noisy/low/993.wav,/content/drive/MyDrive/SeaAlert/data/audio_noisy/med/993.wav,/content/drive/MyDrive/SeaAlert/data/audio_noisy/high/993.wav
994,/content/drive/MyDrive/SeaAlert/data/audio_clean/wav/994.wav,/content/drive/MyDrive/SeaAlert/data/audio_noisy/low/994.wav,/content/drive/MyDrive/SeaAlert/data/audio_noisy/med/994.wav,/content/drive/MyDrive/SeaAlert/data/audio_noisy/high/994.wav
995,/content/drive/MyDrive/SeaAlert/data/audio_clean/wav/995.wav,/content/drive/MyDrive/SeaAlert/data/audio_noisy/low/995.wav,/content/drive/MyDrive/SeaAlert/data/audio_noisy/med/995.wav,/content/drive/MyDrive/SeaAlert/data/audio_noisy/high/995.wav
996,/content/drive/MyDrive/SeaAlert/data/audio_clean/wav/996.wav,/content/drive/MyDrive/SeaAlert/data/audio_noisy/low/996.wav,/content/drive/MyDrive/SeaAlert/data/audio_noisy/med/996.wav,/content/drive/MyDrive/SeaAlert/data/audio_noisy/high/996.wav
997,/content/drive/MyDrive/SeaAlert/data/audio_clean/wav/997.wav,/content/drive/MyDrive/SeaAlert/data/audio_noisy/low/997.wav,/content/drive/MyDrive/SeaAlert/data/audio_noisy/med/997.wav,/content/drive/MyDrive/SeaAlert/data/audio_noisy/high/997.wav
998,/content/drive/MyDrive/SeaAlert/data/audio_clean/wav/998.wav,/content/drive/MyDrive/SeaAlert/data/audio_noisy/low/998.wav,/content/drive/MyDrive/SeaAlert/data/audio_noisy/med/998.wav,/content/drive/MyDrive/SeaAlert/data/audio_noisy/high/998.wav
999,/content/drive/MyDrive/SeaAlert/data/audio_clean/wav/999.wav,/content/drive/MyDrive/SeaAlert/data/audio_noisy/low/999.wav,/content/drive/MyDrive/SeaAlert/data/audio_noisy/med/999.wav,/content/drive/MyDrive/SeaAlert/data/audio_noisy/high/999.wav
1000,/content/drive/MyDrive/SeaAlert/data/audio_clean/wav/1000.wav,/content/drive/MyDrive/SeaAlert/data/audio_noisy/low/1000.wav,/content/drive/MyDrive/SeaAlert/data/audio_noisy/med/1000.wav,/content/drive/MyDrive/SeaAlert/data/audio_noisy/high/1000.wav
1001,/content/drive/MyDrive/SeaAlert/data/audio_clean/wav/1001.wav,/content/drive/MyDrive/SeaAlert/data/audio_noisy/low/1001.wav,/content/drive/MyDrive/SeaAlert/data/audio_noisy/med/1001.wav,/content/drive/MyDrive/SeaAlert/data/audio_noisy/high/1001.wav
1002,/content/drive/MyDrive/SeaAlert/data/audio_clean/wav/1002.wav,/content/drive/MyDrive/SeaAlert/data/audio_noisy/low/1002.wav,/content/drive/MyDrive/SeaAlert/data/audio_noisy/med/1002.wav,/content/drive/MyDrive/SeaAlert/data/audio_noisy/high/1002.wav
1003,/content/drive/MyDrive/SeaAlert/data/audio_clean/wav/1003.wav,/content/drive/MyDrive/SeaAlert/data/audio_noisy/low/1003.wav,/content/drive/MyDrive/SeaAlert/data/audio_noisy/med/1003.wav,/content/drive/MyDrive/SeaAlert/data/audio_noisy/high/1003.wav
1004,/content/drive/MyDrive/SeaAlert/data/audio_clean/wav/1004.wav,/content/drive/MyDrive/SeaAlert/data/audio_noisy/low/1004.wav,/content/drive/MyDrive/SeaAlert/data/audio_noisy/med/1004.wav,/content/drive/MyDrive/SeaAlert/data/audio_noisy/high/1004.wav
1005,/content/drive/MyDrive/SeaAlert/data/audio_clean/wav/1005.wav,/content/drive/MyDrive/SeaAlert/data/audio_noisy/low/1005.wav,/content/drive/MyDrive/SeaAlert/data/audio_noisy/med/1005.wav,/content/drive/MyDrive/SeaAlert/data/audio_noisy/high/1005.wav
1006,/content/drive/MyDrive/SeaAlert/data/audio_clean/wav/1006.wav,/content/drive/MyDrive/SeaAlert/data/audio_noisy/low/1006.wav,/content/drive/MyDrive/SeaAlert/data/audio_noisy/med/1006.wav,/content/drive/MyDrive/SeaAlert/data/audio_noisy/high/1006.wav
1007,/content/drive/MyDrive/SeaAlert/data/audio_clean/wav/1007.wav,/content/drive/MyDrive/SeaAlert/data/audio_noisy/low/1007.wav,/content/drive/MyDrive/SeaAlert/data/audio_noisy/med/1007.wav,/content/drive/MyDrive/SeaAlert/data/audio_noisy/high/1007.wav
1008,/content/drive/MyDrive/SeaAlert/data/audio_clean/wav/1008.wav,/content/drive/MyDrive/SeaAlert/data/audio_noisy/low/1008.wav,/content/drive/MyDrive/SeaAlert/data/audio_noisy/med/1008.wav,/content/drive/MyDrive/SeaAlert/data/audio_noisy/high/1008.wav
1009,/content/drive/MyDrive/SeaAlert/data/audio_clean/wav/1009.wav,/content/drive/MyDrive/SeaAlert/data/audio_noisy/low/1009.wav,/content/drive/MyDrive/SeaAlert/data/audio_noisy/med/1009.wav,/content/drive/MyDrive/SeaAlert/data/audio_noisy/high/1009.wav
1010,/content/drive/MyDrive/SeaAlert/data/audio_clean/wav/1010.wav,/content/drive/MyDrive/SeaAlert/data/audio_noisy/low/1010.wav,/content/drive/MyDrive/SeaAlert/data/audio_noisy/med/1010.wav,/content/drive/MyDrive/SeaAlert/data/audio_noisy/high/1010.wav
1011,/content/drive/MyDrive/SeaAlert/data/audio_clean/wav/1011.wav,/content/drive/MyDrive/SeaAlert/data/audio_noisy/low/1011.wav,/content/drive/MyDrive/SeaAlert/data/audio_noisy/med/1011.wav,/content/drive/MyDrive/SeaAlert/data/audio_noisy/high/1011.wav
1012,/content/drive/MyDrive/SeaAlert/data/audio_clean/wav/1012.wav,/content/drive/MyDrive/SeaAlert/data/audio_noisy/low/1012.wav,/content/drive/MyDrive/SeaAlert/data/audio_noisy/med/1012.wav,/content/drive/MyDrive/SeaAlert/data/audio_noisy/high/1012.wav
1013,/content/drive/MyDrive/SeaAlert/data/audio_clean/wav/1013.wav,/content/drive/MyDrive/SeaAlert/data/audio_noisy/low/1013.wav,/content/drive/MyDrive/SeaAlert/data/audio_noisy/med/1013.wav,/content/drive/MyDrive/SeaAlert/data/audio_noisy/high/1013.wav
1014,/content/drive/MyDrive/SeaAlert/data/audio_clean/wav/1014.wav,/content/drive/MyDrive/SeaAlert/data/audio_noisy/low/1014.wav,/content/drive/MyDrive/SeaAlert/data/audio_noisy/med/1014.wav,/content/drive/MyDrive/SeaAlert/data/audio_noisy/high/1014.wav
1015,/content/drive/MyDrive/SeaAlert/data/audio_clean/wav/1015.wav,/content/drive/MyDrive/SeaAlert/data/audio_noisy/low/1015.wav,/content/drive/MyDrive/SeaAlert/data/audio_noisy/med/1015.wav,/content/drive/MyDrive/SeaAlert/data/audio_noisy/high/1015.wav
1016,/content/drive/MyDrive/SeaAlert/data/audio_clean/wav/1016.wav,/content/drive/MyDrive/SeaAlert/data/audio_noisy/low/1016.wav,/content/drive/MyDrive/SeaAlert/data/audio_noisy/med/1016.wav,/content/drive/MyDrive/SeaAlert/data/audio_noisy/high/1016.wav
1017,/content/drive/MyDrive/SeaAlert/data/audio_clean/wav/1017.wav,/content/drive/MyDrive/SeaAlert/data/audio_noisy/low/1017.wav,/content/drive/MyDrive/SeaAlert/data/audio_noisy/med/1017.wav,/content/drive/MyDrive/SeaAlert/data/audio_noisy/high/1017.wav
1018,/content/drive/MyDrive/SeaAlert/data/audio_clean/wav/1018.wav,/content/drive/MyDrive/SeaAlert/data/audio_noisy/low/1018.wav,/content/drive/MyDrive/SeaAlert/data/audio_noisy/med/1018.wav,/content/drive/MyDrive/SeaAlert/data/audio_noisy/high/1018.wav
1019,/content/drive/MyDrive/SeaAlert/data/audio_clean/wav/1019.wav,/content/drive/MyDrive/SeaAlert/data/audio_noisy/low/1019.wav,/content/drive/MyDrive/SeaAlert/data/audio_noisy/med/1019.wav,/content/drive/MyDrive/SeaAlert/data/audio_noisy/high/1019.wav
1020,/content/drive/MyDrive/SeaAlert/data/audio_clean/wav/1020.wav,/content/drive/MyDrive/SeaAlert/data/audio_noisy/low/1020.wav,/content/drive/MyDrive/SeaAlert/data/audio_noisy/med/1020.wav,/content/drive/MyDrive/SeaAlert/data/audio_noisy/high/1020.wav
1021,/content/drive/MyDrive/SeaAlert/data/audio_clean/wav/1021.wav,/content/drive/MyDrive/SeaAlert/data/audio_noisy/low/1021.wav,/content/drive/MyDrive/SeaAlert/data/audio_noisy/med/1021.wav,/content/drive/MyDrive/SeaAlert/data/audio_noisy/high/1021.wav
1022,/content/drive/MyDrive/SeaAlert/data/audio_clean/wav/1022.wav,/content/drive/MyDrive/SeaAlert/data/audio_noisy/low/1022.wav,/content/drive/MyDrive/SeaAlert/data/audio_noisy/med/1022.wav,/content/drive/MyDrive/SeaAlert/data/audio_noisy/high/1022.wav
1023,/content/drive/MyDrive/SeaAlert/data/audio_clean/wav/1023.wav,/content/drive/MyDrive/SeaAlert/data/audio_noisy/low/1023.wav,/content/drive/MyDrive/SeaAlert/data/audio_noisy/med/1023.wav,/content/drive/MyDrive/SeaAlert/data/audio_noisy/high/1023.wav
1024,/content/drive/MyDrive/SeaAlert/data/audio_clean/wav/1024.wav,/content/drive/MyDrive/SeaAlert/data/audio_noisy/low/1024.wav,/content/drive/MyDrive/SeaAlert/data/audio_noisy/med/1024.wav,/content/drive/MyDrive/SeaAlert/data/audio_noisy/high/1024.wav
1025,/content/drive/MyDrive/SeaAlert/data/audio_clean/wav/1025.wav,/content/drive/MyDrive/SeaAlert/data/audio_noisy/low/1025.wav,/content/drive/MyDrive/SeaAlert/data/audio_noisy/med/1025.wav,/content/drive/MyDrive/SeaAlert/data/audio_noisy/high/1025.wav
1026,/content/drive/MyDrive/SeaAlert/data/audio_clean/wav/1026.wav,/content/drive/MyDrive/SeaAlert/data/audio_noisy/low/1026.wav,/content/drive/MyDrive/SeaAlert/data/audio_noisy/med/1026.wav,/content/drive/MyDrive/SeaAlert/data/audio_noisy/high/1026.wav
1027,/content/drive/MyDrive/SeaAlert/data/audio_clean/wav/1027.wav,/content/drive/MyDrive/SeaAlert/data/audio_noisy/low/1027.wav,/content/drive/MyDrive/SeaAlert/data/audio_noisy/med/1027.wav,/content/drive/MyDrive/SeaAlert/data/audio_noisy/high/1027.wav
1028,/content/drive/MyDrive/SeaAlert/data/audio_clean/wav/1028.wav,/content/drive/MyDrive/SeaAlert/data/audio_noisy/low/1028.wav,/content/drive/MyDrive/SeaAlert/data/audio_noisy/med/1028.wav,/content/drive/MyDrive/SeaAlert/data/audio_noisy/high/1028.wav
1029,/content/drive/MyDrive/SeaAlert/data/audio_clean/wav/1029.wav,/content/drive/MyDrive/SeaAlert/data/audio_noisy/low/1029.wav,/content/drive/MyDrive/SeaAlert/data/audio_noisy/med/1029.wav,/content/drive/MyDrive/SeaAlert/data/audio_noisy/high/1029.wav
1030,/content/drive/MyDrive/SeaAlert/data/audio_clean/wav/1030.wav,/content/drive/MyDrive/SeaAlert/data/audio_noisy/low/1030.wav,/content/drive/MyDrive/SeaAlert/data/audio_noisy/med/1030.wav,/content/drive/MyDrive/SeaAlert/data/audio_noisy/high/1030.wav
1031,/content/drive/MyDrive/SeaAlert/data/audio_clean/wav/1031.wav,/content/drive/MyDrive/SeaAlert/data/audio_noisy/low/1031.wav,/content/drive/MyDrive/SeaAlert/data/audio_noisy/med/1031.wav,/content/drive/MyDrive/SeaAlert/data/audio_noisy/high/1031.wav
1032,/content/drive/MyDrive/SeaAlert/data/audio_clean/wav/1032.wav,/content/drive/MyDrive/SeaAlert/data/audio_noisy/low/1032.wav,/content/drive/MyDrive/SeaAlert/data/audio_noisy/med/1032.wav,/content/drive/MyDrive/SeaAlert/data/audio_noisy/high/1032.wav
1033,/content/drive/MyDrive/SeaAlert/data/audio_clean/wav/1033.wav,/content/drive/MyDrive/SeaAlert/data/audio_noisy/low/1033.wav,/content/drive/MyDrive/SeaAlert/data/audio_noisy/med/1033.wav,/content/drive/MyDrive/SeaAlert/data/audio_noisy/high/1033.wav
1034,/content/drive/MyDrive/SeaAlert/data/audio_clean/wav/1034.wav,/content/drive/MyDrive/SeaAlert/data/audio_noisy/low/1034.wav,/content/drive/MyDrive/SeaAlert/data/audio_noisy/med/1034.wav,/content/drive/MyDrive/SeaAlert/data/audio_noisy/high/1034.wav
1035,/content/drive/MyDrive/SeaAlert/data/audio_clean/wav/1035.wav,/content/drive/MyDrive/SeaAlert/data/audio_noisy/low/1035.wav,/content/drive/MyDrive/SeaAlert/data/audio_noisy/med/1035.wav,/content/drive/MyDrive/SeaAlert/data/audio_noisy/high/1035.wav
1036,/content/drive/MyDrive/SeaAlert/data/audio_clean/wav/1036.wav,/content/drive/MyDrive/SeaAlert/data/audio_noisy/low/1036.wav,/content/drive/MyDrive/SeaAlert/data/audio_noisy/med/1036.wav,/content/drive/MyDrive/SeaAlert/data/audio_noisy/high/1036.wav
1037,/content/drive/MyDrive/SeaAlert/data/audio_clean/wav/1037.wav,/content/drive/MyDrive/SeaAlert/data/audio_noisy/low/1037.wav,/content/drive/MyDrive/SeaAlert/data/audio_noisy/med/1037.wav,/content/drive/MyDrive/SeaAlert/data/audio_noisy/high/1037.wav
1038,/content/drive/MyDrive/SeaAlert/data/audio_clean/wav/1038.wav,/content/drive/MyDrive/SeaAlert/data/audio_noisy/low/1038.wav,/content/drive/MyDrive/SeaAlert/data/audio_noisy/med/1038.wav,/content/drive/MyDrive/SeaAlert/data/audio_noisy/high/1038.wav
1039,/content/drive/MyDrive/SeaAlert/data/audio_clean/wav/1039.wav,/content/drive/MyDrive/SeaAlert/data/audio_noisy/low/1039.wav,/content/drive/MyDrive/SeaAlert/data/audio_noisy/med/1039.wav,/content/drive/MyDrive/SeaAlert/data/audio_noisy/high/1039.wav
1040,/content/drive/MyDrive/SeaAlert/data/audio_clean/wav/1040.wav,/content/drive/MyDrive/SeaAlert/data/audio_noisy/low/1040.wav,/content/drive/MyDrive/SeaAlert/data/audio_noisy/med/1040.wav,/content/drive/MyDrive/SeaAlert/data/audio_noisy/high/1040.wav
1041,/content/drive/MyDrive/SeaAlert/data/audio_clean/wav/1041.wav,/content/drive/MyDrive/SeaAlert/data/audio_noisy/low/1041.wav,/content/drive/MyDrive/SeaAlert/data/audio_noisy/med/1041.wav,/content/drive/MyDrive/SeaAlert/data/audio_noisy/high/1041.wav
1042,/content/drive/MyDrive/SeaAlert/data/audio_clean/wav/1042.wav,/content/drive/MyDrive/SeaAlert/data/audio_noisy/low/1042.wav,/content/drive/MyDrive/SeaAlert/data/audio_noisy/med/1042.wav,/content/drive/MyDrive/SeaAlert/data/audio_noisy/high/1042.wav
1043,/content/drive/MyDrive/SeaAlert/data/audio_clean/wav/1043.wav,/content/drive/MyDrive/SeaAlert/data/audio_noisy/low/1043.wav,/content/drive/MyDrive/SeaAlert/data/audio_noisy/med/1043.wav,/content/drive/MyDrive/SeaAlert/data/audio_noisy/high/1043.wav
1044,/content/drive/MyDrive/SeaAlert/data/audio_clean/wav/1044.wav,/content/drive/MyDrive/SeaAlert/data/audio_noisy/low/1044.wav,/content/drive/MyDrive/SeaAlert/data/audio_noisy/med/1044.wav,/content/drive/MyDrive/SeaAlert/data/audio_noisy/high/1044.wav
1045,/content/drive/MyDrive/SeaAlert/data/audio_clean/wav/1045.wav,/content/drive/MyDrive/SeaAlert/data/audio_noisy/low/1045.wav,/content/drive/MyDrive/SeaAlert/data/audio_noisy/med/1045.wav,/content/drive/MyDrive/SeaAlert/data/audio_noisy/high/1045.wav
1046,/content/drive/MyDrive/SeaAlert/data/audio_clean/wav/1046.wav,/content/drive/MyDrive/SeaAlert/data/audio_noisy/low/1046.wav,/content/drive/MyDrive/SeaAlert/data/audio_noisy/med/1046.wav,/content/drive/MyDrive/SeaAlert/data/audio_noisy/high/1046.wav
1047,/content/drive/MyDrive/SeaAlert/data/audio_clean/wav/1047.wav,/content/drive/MyDrive/SeaAlert/data/audio_noisy/low/1047.wav,/content/drive/MyDrive/SeaAlert/data/audio_noisy/med/1047.wav,/content/drive/MyDrive/SeaAlert/data/audio_noisy/high/1047.wav
1048,/content/drive/MyDrive/SeaAlert/data/audio_clean/wav/1048.wav,/content/drive/MyDrive/SeaAlert/data/audio_noisy/low/1048.wav,/content/drive/MyDrive/SeaAlert/data/audio_noisy/med/1048.wav,/content/drive/MyDrive/SeaAlert/data/audio_noisy/high/1048.wav
1049,/content/drive/MyDrive/SeaAlert/data/audio_clean/wav/1049.wav,/content/drive/MyDrive/SeaAlert/data/audio_noisy/low/1049.wav,/content/drive/MyDrive/SeaAlert/data/audio_noisy/med/1049.wav,/content/drive/MyDrive/SeaAlert/data/audio_noisy/high/1049.wav
1050,/content/drive/MyDrive/SeaAlert/data/audio_clean/wav/1050.wav,/content/drive/MyDrive/SeaAlert/data/audio_noisy/low/1050.wav,/content/drive/MyDrive/SeaAlert/data/audio_noisy/med/1050.wav,/content/drive/MyDrive/SeaAlert/data/audio_noisy/high/1050.wav
1051,/content/drive/MyDrive/SeaAlert/data/audio_clean/wav/1051.wav,/content/drive/MyDrive/SeaAlert/data/audio_noisy/low/1051.wav,/content/drive/MyDrive/SeaAlert/data/audio_noisy/med/1051.wav,/content/drive/MyDrive/SeaAlert/data/audio_noisy/high/1051.wav
1052,/content/drive/MyDrive/SeaAlert/data/audio_clean/wav/1052.wav,/content/drive/MyDrive/SeaAlert/data/audio_noisy/low/1052.wav,/content/drive/MyDrive/SeaAlert/data/audio_noisy/med/1052.wav,/content/drive/MyDrive/SeaAlert/data/audio_noisy/high/1052.wav
1053,/content/drive/MyDrive/SeaAlert/data/audio_clean/wav/1053.wav,/content/drive/MyDrive/SeaAlert/data/audio_noisy/low/1053.wav,/content/drive/MyDrive/SeaAlert/data/audio_noisy/med/1053.wav,/content/drive/MyDrive/SeaAlert/data/audio_noisy/high/1053.wav
1054,/content/drive/MyDrive/SeaAlert/data/audio_clean/wav/1054.wav,/content/drive/MyDrive/SeaAlert/data/audio_noisy/low/1054.wav,/content/drive/MyDrive/SeaAlert/data/audio_noisy/med/1054.wav,/content/drive/MyDrive/SeaAlert/data/audio_noisy/high/1054.wav
1055,/content/drive/MyDrive/SeaAlert/data/audio_clean/wav/1055.wav,/content/drive/MyDrive/SeaAlert/data/audio_noisy/low/1055.wav,/content/drive/MyDrive/SeaAlert/data/audio_noisy/med/1055.wav,/content/drive/MyDrive/SeaAlert/data/audio_noisy/high/1055.wav
1056,/content/drive/MyDrive/SeaAlert/data/audio_clean/wav/1056.wav,/content/drive/MyDrive/SeaAlert/data/audio_noisy/low/1056.wav,/content/drive/MyDrive/SeaAlert/data/audio_noisy/med/1056.wav,/content/drive/MyDrive/SeaAlert/data/audio_noisy/high/1056.wav
1057,/content/drive/MyDrive/SeaAlert/data/audio_clean/wav/1057.wav,/content/drive/MyDrive/SeaAlert/data/audio_noisy/low/1057.wav,/content/drive/MyDrive/SeaAlert/data/audio_noisy/med/1057.wav,/content/drive/MyDrive/SeaAlert/data/audio_noisy/high/1057.wav
1058,/content/drive/MyDrive/SeaAlert/data/audio_clean/wav/1058.wav,/content/drive/MyDrive/SeaAlert/data/audio_noisy/low/1058.wav,/content/drive/MyDrive/SeaAlert/data/audio_noisy/med/1058.wav,/content/drive/MyDrive/SeaAlert/data/audio_noisy/high/1058.wav
1059,/content/drive/MyDrive/SeaAlert/data/audio_clean/wav/1059.wav,/content/drive/MyDrive/SeaAlert/data/audio_noisy/low/1059.wav,/content/drive/MyDrive/SeaAlert/data/audio_noisy/med/1059.wav,/content/drive/MyDrive/SeaAlert/data/audio_noisy/high/1059.wav
1060,/content/drive/MyDrive/SeaAlert/data/audio_clean/wav/1060.wav,/content/drive/MyDrive/SeaAlert/data/audio_noisy/low/1060.wav,/content/drive/MyDrive/SeaAlert/data/audio_noisy/med/1060.wav,/content/drive/MyDrive/SeaAlert/data/audio_noisy/high/1060.wav
1061,/content/drive/MyDrive/SeaAlert/data/audio_clean/wav/1061.wav,/content/drive/MyDrive/SeaAlert/data/audio_noisy/low/1061.wav,/content/drive/MyDrive/SeaAlert/data/audio_noisy/med/1061.wav,/content/drive/MyDrive/SeaAlert/data/audio_noisy/high/1061.wav
1062,/content/drive/MyDrive/SeaAlert/data/audio_clean/wav/1062.wav,/content/drive/MyDrive/SeaAlert/data/audio_noisy/low/1062.wav,/content/drive/MyDrive/SeaAlert/data/audio_noisy/med/1062.wav,/content/drive/MyDrive/SeaAlert/data/audio_noisy/high/1062.wav
1063,/content/drive/MyDrive/SeaAlert/data/audio_clean/wav/1063.wav,/content/drive/MyDrive/SeaAlert/data/audio_noisy/low/1063.wav,/content/drive/MyDrive/SeaAlert/data/audio_noisy/med/1063.wav,/content/drive/MyDrive/SeaAlert/data/audio_noisy/high/1063.wav
1064,/content/drive/MyDrive/SeaAlert/data/audio_clean/wav/1064.wav,/content/drive/MyDrive/SeaAlert/data/audio_noisy/low/1064.wav,/content/drive/MyDrive/SeaAlert/data/audio_noisy/med/1064.wav,/content/drive/MyDrive/SeaAlert/data/audio_noisy/high/1064.wav
1065,/content/drive/MyDrive/SeaAlert/data/audio_clean/wav/1065.wav,/content/drive/MyDrive/SeaAlert/data/audio_noisy/low/1065.wav,/content/drive/MyDrive/SeaAlert/data/audio_noisy/med/1065.wav,/content/drive/MyDrive/SeaAlert/data/audio_noisy/high/1065.wav
1066,/content/drive/MyDrive/SeaAlert/data/audio_clean/wav/1066.wav,/content/drive/MyDrive/SeaAlert/data/audio_noisy/low/1066.wav,/content/drive/MyDrive/SeaAlert/data/audio_noisy/med/1066.wav,/content/drive/MyDrive/SeaAlert/data/audio_noisy/high/1066.wav
1067,/content/drive/MyDrive/SeaAlert/data/audio_clean/wav/1067.wav,/content/drive/MyDrive/SeaAlert/data/audio_noisy/low/1067.wav,/content/drive/MyDrive/SeaAlert/data/audio_noisy/med/1067.wav,/content/drive/MyDrive/SeaAlert/data/audio_noisy/high/1067.wav
1068,/content/drive/MyDrive/SeaAlert/data/audio_clean/wav/1068.wav,/content/drive/MyDrive/SeaAlert/data/audio_noisy/low/1068.wav,/content/drive/MyDrive/SeaAlert/data/audio_noisy/med/1068.wav,/content/drive/MyDrive/SeaAlert/data/audio_noisy/high/1068.wav
1069,/content/drive/MyDrive/SeaAlert/data/audio_clean/wav/1069.wav,/content/drive/MyDrive/SeaAlert/data/audio_noisy/low/1069.wav,/content/drive/MyDrive/SeaAlert/data/audio_noisy/med/1069.wav,/content/drive/MyDrive/SeaAlert/data/audio_noisy/high/1069.wav
1070,/content/drive/MyDrive/SeaAlert/data/audio_clean/wav/1070.wav,/content/drive/MyDrive/SeaAlert/data/audio_noisy/low/1070.wav,/content/drive/MyDrive/SeaAlert/data/audio_noisy/med/1070.wav,/content/drive/MyDrive/SeaAlert/data/audio_noisy/high/1070.wav
1071,/content/drive/MyDrive/SeaAlert/data/audio_clean/wav/1071.wav,/content/drive/MyDrive/SeaAlert/data/audio_noisy/low/1071.wav,/content/drive/MyDrive/SeaAlert/data/audio_noisy/med/1071.wav,/content/drive/MyDrive/SeaAlert/data/audio_noisy/high/1071.wav
1072,/content/drive/MyDrive/SeaAlert/data/audio_clean/wav/1072.wav,/content/drive/MyDrive/SeaAlert/data/audio_noisy/low/1072.wav,/content/drive/MyDrive/SeaAlert/data/audio_noisy/med/1072.wav,/content/drive/MyDrive/SeaAlert/data/audio_noisy/high/1072.wav
1073,/content/drive/MyDrive/SeaAlert/data/audio_clean/wav/1073.wav,/content/drive/MyDrive/SeaAlert/data/audio_noisy/low/1073.wav,/content/drive/MyDrive/SeaAlert/data/audio_noisy/med/1073.wav,/content/drive/MyDrive/SeaAlert/data/audio_noisy/high/1073.wav
1074,/content/drive/MyDrive/SeaAlert/data/audio_clean/wav/1074.wav,/content/drive/MyDrive/SeaAlert/data/audio_noisy/low/1074.wav,/content/drive/MyDrive/SeaAlert/data/audio_noisy/med/1074.wav,/content/drive/MyDrive/SeaAlert/data/audio_noisy/high/1074.wav
1075,/content/drive/MyDrive/SeaAlert/data/audio_clean/wav/1075.wav,/content/drive/MyDrive/SeaAlert/data/audio_noisy/low/1075.wav,/content/drive/MyDrive/SeaAlert/data/audio_noisy/med/1075.wav,/content/drive/MyDrive/SeaAlert/data/audio_noisy/high/1075.wav
1076,/content/drive/MyDrive/SeaAlert/data/audio_clean/wav/1076.wav,/content/drive/MyDrive/SeaAlert/data/audio_noisy/low/1076.wav,/content/drive/MyDrive/SeaAlert/data/audio_noisy/med/1076.wav,/content/drive/MyDrive/SeaAlert/data/audio_noisy/high/1076.wav
1077,/content/drive/MyDrive/SeaAlert/data/audio_clean/wav/1077.wav,/content/drive/MyDrive/SeaAlert/data/audio_noisy/low/1077.wav,/content/drive/MyDrive/SeaAlert/data/audio_noisy/med/1077.wav,/content/drive/MyDrive/SeaAlert/data/audio_noisy/high/1077.wav
1078,/content/drive/MyDrive/SeaAlert/data/audio_clean/wav/1078.wav,/content/drive/MyDrive/SeaAlert/data/audio_noisy/low/1078.wav,/content/drive/MyDrive/SeaAlert/data/audio_noisy/med/1078.wav,/content/drive/MyDrive/SeaAlert/data/audio_noisy/high/1078.wav
1079,/content/drive/MyDrive/SeaAlert/data/audio_clean/wav/1079.wav,/content/drive/MyDrive/SeaAlert/data/audio_noisy/low/1079.wav,/content/drive/MyDrive/SeaAlert/data/audio_noisy/med/1079.wav,/content/drive/MyDrive/SeaAlert/data/audio_noisy/high/1079.wav
1080,/content/drive/MyDrive/SeaAlert/data/audio_clean/wav/1080.wav,/content/drive/MyDrive/SeaAlert/data/audio_noisy/low/1080.wav,/content/drive/MyDrive/SeaAlert/data/audio_noisy/med/1080.wav,/content/drive/MyDrive/SeaAlert/data/audio_noisy/high/1080.wav
1081,/content/drive/MyDrive/SeaAlert/data/audio_clean/wav/1081.wav,/content/drive/MyDrive/SeaAlert/data/audio_noisy/low/1081.wav,/content/drive/MyDrive/SeaAlert/data/audio_noisy/med/1081.wav,/content/drive/MyDrive/SeaAlert/data/audio_noisy/high/1081.wav
1082,/content/drive/MyDrive/SeaAlert/data/audio_clean/wav/1082.wav,/content/drive/MyDrive/SeaAlert/data/audio_noisy/low/1082.wav,/content/drive/MyDrive/SeaAlert/data/audio_noisy/med/1082.wav,/content/drive/MyDrive/SeaAlert/data/audio_noisy/high/1082.wav
1083,/content/drive/MyDrive/SeaAlert/data/audio_clean/wav/1083.wav,/content/drive/MyDrive/SeaAlert/data/audio_noisy/low/1083.wav,/content/drive/MyDrive/SeaAlert/data/audio_noisy/med/1083.wav,/content/drive/MyDrive/SeaAlert/data/audio_noisy/high/1083.wav
1084,/content/drive/MyDrive/SeaAlert/data/audio_clean/wav/1084.wav,/content/drive/MyDrive/SeaAlert/data/audio_noisy/low/1084.wav,/content/drive/MyDrive/SeaAlert/data/audio_noisy/med/1084.wav,/content/drive/MyDrive/SeaAlert/data/audio_noisy/high/1084.wav
1085,/content/drive/MyDrive/SeaAlert/data/audio_clean/wav/1085.wav,/content/drive/MyDrive/SeaAlert/data/audio_noisy/low/1085.wav,/content/drive/MyDrive/SeaAlert/data/audio_noisy/med/1085.wav,/content/drive/MyDrive/SeaAlert/data/audio_noisy/high/1085.wav
1086,/content/drive/MyDrive/SeaAlert/data/audio_clean/wav/1086.wav,/content/drive/MyDrive/SeaAlert/data/audio_noisy/low/1086.wav,/content/drive/MyDrive/SeaAlert/data/audio_noisy/med/1086.wav,/content/drive/MyDrive/SeaAlert/data/audio_noisy/high/1086.wav
1087,/content/drive/MyDrive/SeaAlert/data/audio_clean/wav/1087.wav,/content/drive/MyDrive/SeaAlert/data/audio_noisy/low/1087.wav,/content/drive/MyDrive/SeaAlert/data/audio_noisy/med/1087.wav,/content/drive/MyDrive/SeaAlert/data/audio_noisy/high/1087.wav
1088,/content/drive/MyDrive/SeaAlert/data/audio_clean/wav/1088.wav,/content/drive/MyDrive/SeaAlert/data/audio_noisy/low/1088.wav,/content/drive/MyDrive/SeaAlert/data/audio_noisy/med/1088.wav,/content/drive/MyDrive/SeaAlert/data/audio_noisy/high/1088.wav
1089,/content/drive/MyDrive/SeaAlert/data/audio_clean/wav/1089.wav,/content/drive/MyDrive/SeaAlert/data/audio_noisy/low/1089.wav,/content/drive/MyDrive/SeaAlert/data/audio_noisy/med/1089.wav,/content/drive/MyDrive/SeaAlert/data/audio_noisy/high/1089.wav
1090,/content/drive/MyDrive/SeaAlert/data/audio_clean/wav/1090.wav,/content/drive/MyDrive/SeaAlert/data/audio_noisy/low/1090.wav,/content/drive/MyDrive/SeaAlert/data/audio_noisy/med/1090.wav,/content/drive/MyDrive/SeaAlert/data/audio_noisy/high/1090.wav
1091,/content/drive/MyDrive/SeaAlert/data/audio_clean/wav/1091.wav,/content/drive/MyDrive/SeaAlert/data/audio_noisy/low/1091.wav,/content/drive/MyDrive/SeaAlert/data/audio_noisy/med/1091.wav,/content/drive/MyDrive/SeaAlert/data/audio_noisy/high/1091.wav
1092,/content/drive/MyDrive/SeaAlert/data/audio_clean/wav/1092.wav,/content/drive/MyDrive/SeaAlert/data/audio_noisy/low/1092.wav,/content/drive/MyDrive/SeaAlert/data/audio_noisy/med/1092.wav,/content/drive/MyDrive/SeaAlert/data/audio_noisy/high/1092.wav
1093,/content/drive/MyDrive/SeaAlert/data/audio_clean/wav/1093.wav,/content/drive/MyDrive/SeaAlert/data/audio_noisy/low/1093.wav,/content/drive/MyDrive/SeaAlert/data/audio_noisy/med/1093.wav,/content/drive/MyDrive/SeaAlert/data/audio_noisy/high/1093.wav
1094,/content/drive/MyDrive/SeaAlert/data/audio_clean/wav/1094.wav,/content/drive/MyDrive/SeaAlert/data/audio_noisy/low/1094.wav,/content/drive/MyDrive/SeaAlert/data/audio_noisy/med/1094.wav,/content/drive/MyDrive/SeaAlert/data/audio_noisy/high/1094.wav
1095,/content/drive/MyDrive/SeaAlert/data/audio_clean/wav/1095.wav,/content/drive/MyDrive/SeaAlert/data/audio_noisy/low/1095.wav,/content/drive/MyDrive/SeaAlert/data/audio_noisy/med/1095.wav,/content/drive/MyDrive/SeaAlert/data/audio_noisy/high/1095.wav
1096,/content/drive/MyDrive/SeaAlert/data/audio_clean/wav/1096.wav,/content/drive/MyDrive/SeaAlert/data/audio_noisy/low/1096.wav,/content/drive/MyDrive/SeaAlert/data/audio_noisy/med/1096.wav,/content/drive/MyDrive/SeaAlert/data/audio_noisy/high/1096.wav
1097,/content/drive/MyDrive/SeaAlert/data/audio_clean/wav/1097.wav,/content/drive/MyDrive/SeaAlert/data/audio_noisy/low/1097.wav,/content/drive/MyDrive/SeaAlert/data/audio_noisy/med/1097.wav,/content/drive/MyDrive/SeaAlert/data/audio_noisy/high/1097.wav
1098,/content/drive/MyDrive/SeaAlert/data/audio_clean/wav/1098.wav,/content/drive/MyDrive/SeaAlert/data/audio_noisy/low/1098.wav,/content/drive/MyDrive/SeaAlert/data/audio_noisy/med/1098.wav,/content/drive/MyDrive/SeaAlert/data/audio_noisy/high/1098.wav
1099,/content/drive/MyDrive/SeaAlert/data/audio_clean/wav/1099.wav,/content/drive/MyDrive/SeaAlert/data/audio_noisy/low/1099.wav,/content/drive/MyDrive/SeaAlert/data/audio_noisy/med/1099.wav,/content/drive/MyDrive/SeaAlert/data/audio_noisy/high/1099.wav
1100,/content/drive/MyDrive/SeaAlert/data/audio_clean/wav/1100.wav,/content/drive/MyDrive/SeaAlert/data/audio_noisy/low/1100.wav,/content/drive/MyDrive/SeaAlert/data/audio_noisy/med/1100.wav,/content/drive/MyDrive/SeaAlert/data/audio_noisy/high/1100.wav
1101,/content/drive/MyDrive/SeaAlert/data/audio_clean/wav/1101.wav,/content/drive/MyDrive/SeaAlert/data/audio_noisy/low/1101.wav,/content/drive/MyDrive/SeaAlert/data/audio_noisy/med/1101.wav,/content/drive/MyDrive/SeaAlert/data/audio_noisy/high/1101.wav
1102,/content/drive/MyDrive/SeaAlert/data/audio_clean/wav/1102.wav,/content/drive/MyDrive/SeaAlert/data/audio_noisy/low/1102.wav,/content/drive/MyDrive/SeaAlert/data/audio_noisy/med/1102.wav,/content/drive/MyDrive/SeaAlert/data/audio_noisy/high/1102.wav
1103,/content/drive/MyDrive/SeaAlert/data/audio_clean/wav/1103.wav,/content/drive/MyDrive/SeaAlert/data/audio_noisy/low/1103.wav,/content/drive/MyDrive/SeaAlert/data/audio_noisy/med/1103.wav,/content/drive/MyDrive/SeaAlert/data/audio_noisy/high/1103.wav
1104,/content/drive/MyDrive/SeaAlert/data/audio_clean/wav/1104.wav,/content/drive/MyDrive/SeaAlert/data/audio_noisy/low/1104.wav,/content/drive/MyDrive/SeaAlert/data/audio_noisy/med/1104.wav,/content/drive/MyDrive/SeaAlert/data/audio_noisy/high/1104.wav
1105,/content/drive/MyDrive/SeaAlert/data/audio_clean/wav/1105.wav,/content/drive/MyDrive/SeaAlert/data/audio_noisy/low/1105.wav,/content/drive/MyDrive/SeaAlert/data/audio_noisy/med/1105.wav,/content/drive/MyDrive/SeaAlert/data/audio_noisy/high/1105.wav
1106,/content/drive/MyDrive/SeaAlert/data/audio_clean/wav/1106.wav,/content/drive/MyDrive/SeaAlert/data/audio_noisy/low/1106.wav,/content/drive/MyDrive/SeaAlert/data/audio_noisy/med/1106.wav,/content/drive/MyDrive/SeaAlert/data/audio_noisy/high/1106.wav
1107,/content/drive/MyDrive/SeaAlert/data/audio_clean/wav/1107.wav,/content/drive/MyDrive/SeaAlert/data/audio_noisy/low/1107.wav,/content/drive/MyDrive/SeaAlert/data/audio_noisy/med/1107.wav,/content/drive/MyDrive/SeaAlert/data/audio_noisy/high/1107.wav
1108,/content/drive/MyDrive/SeaAlert/data/audio_clean/wav/1108.wav,/content/drive/MyDrive/SeaAlert/data/audio_noisy/low/1108.wav,/content/drive/MyDrive/SeaAlert/data/audio_noisy/med/1108.wav,/content/drive/MyDrive/SeaAlert/data/audio_noisy/high/1108.wav
1109,/content/drive/MyDrive/SeaAlert/data/audio_clean/wav/1109.wav,/content/drive/MyDrive/SeaAlert/data/audio_noisy/low/1109.wav,/content/drive/MyDrive/SeaAlert/data/audio_noisy/med/1109.wav,/content/drive/MyDrive/SeaAlert/data/audio_noisy/high/1109.wav
1110,/content/drive/MyDrive/SeaAlert/data/audio_clean/wav/1110.wav,/content/drive/MyDrive/SeaAlert/data/audio_noisy/low/1110.wav,/content/drive/MyDrive/SeaAlert/data/audio_noisy/med/1110.wav,/content/drive/MyDrive/SeaAlert/data/audio_noisy/high/1110.wav
1111,/content/drive/MyDrive/SeaAlert/data/audio_clean/wav/1111.wav,/content/drive/MyDrive/SeaAlert/data/audio_noisy/low/1111.wav,/content/drive/MyDrive/SeaAlert/data/audio_noisy/med/1111.wav,/content/drive/MyDrive/SeaAlert/data/audio_noisy/high/1111.wav
1112,/content/drive/MyDrive/SeaAlert/data/audio_clean/wav/1112.wav,/content/drive/MyDrive/SeaAlert/data/audio_noisy/low/1112.wav,/content/drive/MyDrive/SeaAlert/data/audio_noisy/med/1112.wav,/content/drive/MyDrive/SeaAlert/data/audio_noisy/high/1112.wav
1113,/content/drive/MyDrive/SeaAlert/data/audio_clean/wav/1113.wav,/content/drive/MyDrive/SeaAlert/data/audio_noisy/low/1113.wav,/content/drive/MyDrive/SeaAlert/data/audio_noisy/med/1113.wav,/content/drive/MyDrive/SeaAlert/data/audio_noisy/high/1113.wav
1114,/content/drive/MyDrive/SeaAlert/data/audio_clean/wav/1114.wav,/content/drive/MyDrive/SeaAlert/data/audio_noisy/low/1114.wav,/content/drive/MyDrive/SeaAlert/data/audio_noisy/med/1114.wav,/content/drive/MyDrive/SeaAlert/data/audio_noisy/high/1114.wav
1115,/content/drive/MyDrive/SeaAlert/data/audio_clean/wav/1115.wav,/content/drive/MyDrive/SeaAlert/data/audio_noisy/low/1115.wav,/content/drive/MyDrive/SeaAlert/data/audio_noisy/med/1115.wav,/content/drive/MyDrive/SeaAlert/data/audio_noisy/high/1115.wav
1116,/content/drive/MyDrive/SeaAlert/data/audio_clean/wav/1116.wav,/content/drive/MyDrive/SeaAlert/data/audio_noisy/low/1116.wav,/content/drive/MyDrive/SeaAlert/data/audio_noisy/med/1116.wav,/content/drive/MyDrive/SeaAlert/data/audio_noisy/high/1116.wav
1117,/content/drive/MyDrive/SeaAlert/data/audio_clean/wav/1117.wav,/content/drive/MyDrive/SeaAlert/data/audio_noisy/low/1117.wav,/content/drive/MyDrive/SeaAlert/data/audio_noisy/med/1117.wav,/content/drive/MyDrive/SeaAlert/data/audio_noisy/high/1117.wav
1118,/content/drive/MyDrive/SeaAlert/data/audio_clean/wav/1118.wav,/content/drive/MyDrive/SeaAlert/data/audio_noisy/low/1118.wav,/content/drive/MyDrive/SeaAlert/data/audio_noisy/med/1118.wav,/content/drive/MyDrive/SeaAlert/data/audio_noisy/high/1118.wav
1119,/content/drive/MyDrive/SeaAlert/data/audio_clean/wav/1119.wav,/content/drive/MyDrive/SeaAlert/data/audio_noisy/low/1119.wav,/content/drive/MyDrive/SeaAlert/data/audio_noisy/med/1119.wav,/content/drive/MyDrive/SeaAlert/data/audio_noisy/high/1119.wav
1120,/content/drive/MyDrive/SeaAlert/data/audio_clean/wav/1120.wav,/content/drive/MyDrive/SeaAlert/data/audio_noisy/low/1120.wav,/content/drive/MyDrive/SeaAlert/data/audio_noisy/med/1120.wav,/content/drive/MyDrive/SeaAlert/data/audio_noisy/high/1120.wav
1121,/content/drive/MyDrive/SeaAlert/data/audio_clean/wav/1121.wav,/content/drive/MyDrive/SeaAlert/data/audio_noisy/low/1121.wav,/content/drive/MyDrive/SeaAlert/data/audio_noisy/med/1121.wav,/content/drive/MyDrive/SeaAlert/data/audio_noisy/high/1121.wav
1122,/content/drive/MyDrive/SeaAlert/data/audio_clean/wav/1122.wav,/content/drive/MyDrive/SeaAlert/data/audio_noisy/low/1122.wav,/content/drive/MyDrive/SeaAlert/data/audio_noisy/med/1122.wav,/content/drive/MyDrive/SeaAlert/data/audio_noisy/high/1122.wav
1123,/content/drive/MyDrive/SeaAlert/data/audio_clean/wav/1123.wav,/content/drive/MyDrive/SeaAlert/data/audio_noisy/low/1123.wav,/content/drive/MyDrive/SeaAlert/data/audio_noisy/med/1123.wav,/content/drive/MyDrive/SeaAlert/data/audio_noisy/high/1123.wav
1124,/content/drive/MyDrive/SeaAlert/data/audio_clean/wav/1124.wav,/content/drive/MyDrive/SeaAlert/data/audio_noisy/low/1124.wav,/content/drive/MyDrive/SeaAlert/data/audio_noisy/med/1124.wav,/content/drive/MyDrive/SeaAlert/data/audio_noisy/high/1124.wav
1125,/content/drive/MyDrive/SeaAlert/data/audio_clean/wav/1125.wav,/content/drive/MyDrive/SeaAlert/data/audio_noisy/low/1125.wav,/content/drive/MyDrive/SeaAlert/data/audio_noisy/med/1125.wav,/content/drive/MyDrive/SeaAlert/data/audio_noisy/high/1125.wav
1126,/content/drive/MyDrive/SeaAlert/data/audio_clean/wav/1126.wav,/content/drive/MyDrive/SeaAlert/data/audio_noisy/low/1126.wav,/content/drive/MyDrive/SeaAlert/data/audio_noisy/med/1126.wav,/content/drive/MyDrive/SeaAlert/data/audio_noisy/high/1126.wav
1127,/content/drive/MyDrive/SeaAlert/data/audio_clean/wav/1127.wav,/content/drive/MyDrive/SeaAlert/data/audio_noisy/low/1127.wav,/content/drive/MyDrive/SeaAlert/data/audio_noisy/med/1127.wav,/content/drive/MyDrive/SeaAlert/data/audio_noisy/high/1127.wav
1128,/content/drive/MyDrive/SeaAlert/data/audio_clean/wav/1128.wav,/content/drive/MyDrive/SeaAlert/data/audio_noisy/low/1128.wav,/content/drive/MyDrive/SeaAlert/data/audio_noisy/med/1128.wav,/content/drive/MyDrive/SeaAlert/data/audio_noisy/high/1128.wav
1129,/content/drive/MyDrive/SeaAlert/data/audio_clean/wav/1129.wav,/content/drive/MyDrive/SeaAlert/data/audio_noisy/low/1129.wav,/content/drive/MyDrive/SeaAlert/data/audio_noisy/med/1129.wav,/content/drive/MyDrive/SeaAlert/data/audio_noisy/high/1129.wav
1130,/content/drive/MyDrive/SeaAlert/data/audio_clean/wav/1130.wav,/content/drive/MyDrive/SeaAlert/data/audio_noisy/low/1130.wav,/content/drive/MyDrive/SeaAlert/data/audio_noisy/med/1130.wav,/content/drive/MyDrive/SeaAlert/data/audio_noisy/high/1130.wav
1131,/content/drive/MyDrive/SeaAlert/data/audio_clean/wav/1131.wav,/content/drive/MyDrive/SeaAlert/data/audio_noisy/low/1131.wav,/content/drive/MyDrive/SeaAlert/data/audio_noisy/med/1131.wav,/content/drive/MyDrive/SeaAlert/data/audio_noisy/high/1131.wav
1132,/content/drive/MyDrive/SeaAlert/data/audio_clean/wav/1132.wav,/content/drive/MyDrive/SeaAlert/data/audio_noisy/low/1132.wav,/content/drive/MyDrive/SeaAlert/data/audio_noisy/med/1132.wav,/content/drive/MyDrive/SeaAlert/data/audio_noisy/high/1132.wav
1133,/content/drive/MyDrive/SeaAlert/data/audio_clean/wav/1133.wav,/content/drive/MyDrive/SeaAlert/data/audio_noisy/low/1133.wav,/content/drive/MyDrive/SeaAlert/data/audio_noisy/med/1133.wav,/content/drive/MyDrive/SeaAlert/data/audio_noisy/high/1133.wav
1134,/content/drive/MyDrive/SeaAlert/data/audio_clean/wav/1134.wav,/content/drive/MyDrive/SeaAlert/data/audio_noisy/low/1134.wav,/content/drive/MyDrive/SeaAlert/data/audio_noisy/med/1134.wav,/content/drive/MyDrive/SeaAlert/data/audio_noisy/high/1134.wav
1135,/content/drive/MyDrive/SeaAlert/data/audio_clean/wav/1135.wav,/content/drive/MyDrive/SeaAlert/data/audio_noisy/low/1135.wav,/content/drive/MyDrive/SeaAlert/data/audio_noisy/med/1135.wav,/content/drive/MyDrive/SeaAlert/data/audio_noisy/high/1135.wav
1136,/content/drive/MyDrive/SeaAlert/data/audio_clean/wav/1136.wav,/content/drive/MyDrive/SeaAlert/data/audio_noisy/low/1136.wav,/content/drive/MyDrive/SeaAlert/data/audio_noisy/med/1136.wav,/content/drive/MyDrive/SeaAlert/data/audio_noisy/high/1136.wav
1137,/content/drive/MyDrive/SeaAlert/data/audio_clean/wav/1137.wav,/content/drive/MyDrive/SeaAlert/data/audio_noisy/low/1137.wav,/content/drive/MyDrive/SeaAlert/data/audio_noisy/med/1137.wav,/content/drive/MyDrive/SeaAlert/data/audio_noisy/high/1137.wav
1138,/content/drive/MyDrive/SeaAlert/data/audio_clean/wav/1138.wav,/content/drive/MyDrive/SeaAlert/data/audio_noisy/low/1138.wav,/content/drive/MyDrive/SeaAlert/data/audio_noisy/med/1138.wav,/content/drive/MyDrive/SeaAlert/data/audio_noisy/high/1138.wav
1139,/content/drive/MyDrive/SeaAlert/data/audio_clean/wav/1139.wav,/content/drive/MyDrive/SeaAlert/data/audio_noisy/low/1139.wav,/content/drive/MyDrive/SeaAlert/data/audio_noisy/med/1139.wav,/content/drive/MyDrive/SeaAlert/data/audio_noisy/high/1139.wav
1140,/content/drive/MyDrive/SeaAlert/data/audio_clean/wav/1140.wav,/content/drive/MyDrive/SeaAlert/data/audio_noisy/low/1140.wav,/content/drive/MyDrive/SeaAlert/data/audio_noisy/med/1140.wav,/content/drive/MyDrive/SeaAlert/data/audio_noisy/high/1140.wav
1141,/content/drive/MyDrive/SeaAlert/data/audio_clean/wav/1141.wav,/content/drive/MyDrive/SeaAlert/data/audio_noisy/low/1141.wav,/content/drive/MyDrive/SeaAlert/data/audio_noisy/med/1141.wav,/content/drive/MyDrive/SeaAlert/data/audio_noisy/high/1141.wav
1142,/content/drive/MyDrive/SeaAlert/data/audio_clean/wav/1142.wav,/content/drive/MyDrive/SeaAlert/data/audio_noisy/low/1142.wav,/content/drive/MyDrive/SeaAlert/data/audio_noisy/med/1142.wav,/content/drive/MyDrive/SeaAlert/data/audio_noisy/high/1142.wav
1143,/content/drive/MyDrive/SeaAlert/data/audio_clean/wav/1143.wav,/content/drive/MyDrive/SeaAlert/data/audio_noisy/low/1143.wav,/content/drive/MyDrive/SeaAlert/data/audio_noisy/med/1143.wav,/content/drive/MyDrive/SeaAlert/data/audio_noisy/high/1143.wav
1144,/content/drive/MyDrive/SeaAlert/data/audio_clean/wav/1144.wav,/content/drive/MyDrive/SeaAlert/data/audio_noisy/low/1144.wav,/content/drive/MyDrive/SeaAlert/data/audio_noisy/med/1144.wav,/content/drive/MyDrive/SeaAlert/data/audio_noisy/high/1144.wav
1145,/content/drive/MyDrive/SeaAlert/data/audio_clean/wav/1145.wav,/content/drive/MyDrive/SeaAlert/data/audio_noisy/low/1145.wav,/content/drive/MyDrive/SeaAlert/data/audio_noisy/med/1145.wav,/content/drive/MyDrive/SeaAlert/data/audio_noisy/high/1145.wav
1146,/content/drive/MyDrive/SeaAlert/data/audio_clean/wav/1146.wav,/content/drive/MyDrive/SeaAlert/data/audio_noisy/low/1146.wav,/content/drive/MyDrive/SeaAlert/data/audio_noisy/med/1146.wav,/content/drive/MyDrive/SeaAlert/data/audio_noisy/high/1146.wav
1147,/content/drive/MyDrive/SeaAlert/data/audio_clean/wav/1147.wav,/content/drive/MyDrive/SeaAlert/data/audio_noisy/low/1147.wav,/content/drive/MyDrive/SeaAlert/data/audio_noisy/med/1147.wav,/content/drive/MyDrive/SeaAlert/data/audio_noisy/high/1147.wav
1148,/content/drive/MyDrive/SeaAlert/data/audio_clean/wav/1148.wav,/content/drive/MyDrive/SeaAlert/data/audio_noisy/low/1148.wav,/content/drive/MyDrive/SeaAlert/data/audio_noisy/med/1148.wav,/content/drive/MyDrive/SeaAlert/data/audio_noisy/high/1148.wav
1149,/content/drive/MyDrive/SeaAlert/data/audio_clean/wav/1149.wav,/content/drive/MyDrive/SeaAlert/data/audio_noisy/low/1149.wav,/content/drive/MyDrive/SeaAlert/data/audio_noisy/med/1149.wav,/content/drive/MyDrive/SeaAlert/data/audio_noisy/high/1149.wav
1150,/content/drive/MyDrive/SeaAlert/data/audio_clean/wav/1150.wav,/content/drive/MyDrive/SeaAlert/data/audio_noisy/low/1150.wav,/content/drive/MyDrive/SeaAlert/data/audio_noisy/med/1150.wav,/content/drive/MyDrive/SeaAlert/data/audio_noisy/high/1150.wav
1151,/content/drive/MyDrive/SeaAlert/data/audio_clean/wav/1151.wav,/content/drive/MyDrive/SeaAlert/data/audio_noisy/low/1151.wav,/content/drive/MyDrive/SeaAlert/data/audio_noisy/med/1151.wav,/content/drive/MyDrive/SeaAlert/data/audio_noisy/high/1151.wav
1152,/content/drive/MyDrive/SeaAlert/data/audio_clean/wav/1152.wav,/content/drive/MyDrive/SeaAlert/data/audio_noisy/low/1152.wav,/content/drive/MyDrive/SeaAlert/data/audio_noisy/med/1152.wav,/content/drive/MyDrive/SeaAlert/data/audio_noisy/high/1152.wav
1153,/content/drive/MyDrive/SeaAlert/data/audio_clean/wav/1153.wav,/content/drive/MyDrive/SeaAlert/data/audio_noisy/low/1153.wav,/content/drive/MyDrive/SeaAlert/data/audio_noisy/med/1153.wav,/content/drive/MyDrive/SeaAlert/data/audio_noisy/high/1153.wav
1154,/content/drive/MyDrive/SeaAlert/data/audio_clean/wav/1154.wav,/content/drive/MyDrive/SeaAlert/data/audio_noisy/low/1154.wav,/content/drive/MyDrive/SeaAlert/data/audio_noisy/med/1154.wav,/content/drive/MyDrive/SeaAlert/data/audio_noisy/high/1154.wav
1155,/content/drive/MyDrive/SeaAlert/data/audio_clean/wav/1155.wav,/content/drive/MyDrive/SeaAlert/data/audio_noisy/low/1155.wav,/content/drive/MyDrive/SeaAlert/data/audio_noisy/med/1155.wav,/content/drive/MyDrive/SeaAlert/data/audio_noisy/high/1155.wav
1156,/content/drive/MyDrive/SeaAlert/data/audio_clean/wav/1156.wav,/content/drive/MyDrive/SeaAlert/data/audio_noisy/low/1156.wav,/content/drive/MyDrive/SeaAlert/data/audio_noisy/med/1156.wav,/content/drive/MyDrive/SeaAlert/data/audio_noisy/high/1156.wav
1157,/content/drive/MyDrive/SeaAlert/data/audio_clean/wav/1157.wav,/content/drive/MyDrive/SeaAlert/data/audio_noisy/low/1157.wav,/content/drive/MyDrive/SeaAlert/data/audio_noisy/med/1157.wav,/content/drive/MyDrive/SeaAlert/data/audio_noisy/high/1157.wav
1158,/content/drive/MyDrive/SeaAlert/data/audio_clean/wav/1158.wav,/content/drive/MyDrive/SeaAlert/data/audio_noisy/low/1158.wav,/content/drive/MyDrive/SeaAlert/data/audio_noisy/med/1158.wav,/content/drive/MyDrive/SeaAlert/data/audio_noisy/high/1158.wav
1159,/content/drive/MyDrive/SeaAlert/data/audio_clean/wav/1159.wav,/content/drive/MyDrive/SeaAlert/data/audio_noisy/low/1159.wav,/content/drive/MyDrive/SeaAlert/data/audio_noisy/med/1159.wav,/content/drive/MyDrive/SeaAlert/data/audio_noisy/high/1159.wav
1160,/content/drive/MyDrive/SeaAlert/data/audio_clean/wav/1160.wav,/content/drive/MyDrive/SeaAlert/data/audio_noisy/low/1160.wav,/content/drive/MyDrive/SeaAlert/data/audio_noisy/med/1160.wav,/content/drive/MyDrive/SeaAlert/data/audio_noisy/high/1160.wav
1161,/content/drive/MyDrive/SeaAlert/data/audio_clean/wav/1161.wav,/content/drive/MyDrive/SeaAlert/data/audio_noisy/low/1161.wav,/content/drive/MyDrive/SeaAlert/data/audio_noisy/med/1161.wav,/content/drive/MyDrive/SeaAlert/data/audio_noisy/high/1161.wav
1162,/content/drive/MyDrive/SeaAlert/data/audio_clean/wav/1162.wav,/content/drive/MyDrive/SeaAlert/data/audio_noisy/low/1162.wav,/content/drive/MyDrive/SeaAlert/data/audio_noisy/med/1162.wav,/content/drive/MyDrive/SeaAlert/data/audio_noisy/high/1162.wav
1163,/content/drive/MyDrive/SeaAlert/data/audio_clean/wav/1163.wav,/content/drive/MyDrive/SeaAlert/data/audio_noisy/low/1163.wav,/content/drive/MyDrive/SeaAlert/data/audio_noisy/med/1163.wav,/content/drive/MyDrive/SeaAlert/data/audio_noisy/high/1163.wav
1164,/content/drive/MyDrive/SeaAlert/data/audio_clean/wav/1164.wav,/content/drive/MyDrive/SeaAlert/data/audio_noisy/low/1164.wav,/content/drive/MyDrive/SeaAlert/data/audio_noisy/med/1164.wav,/content/drive/MyDrive/SeaAlert/data/audio_noisy/high/1164.wav
1165,/content/drive/MyDrive/SeaAlert/data/audio_clean/wav/1165.wav,/content/drive/MyDrive/SeaAlert/data/audio_noisy/low/1165.wav,/content/drive/MyDrive/SeaAlert/data/audio_noisy/med/1165.wav,/content/drive/MyDrive/SeaAlert/data/audio_noisy/high/1165.wav
1166,/content/drive/MyDrive/SeaAlert/data/audio_clean/wav/1166.wav,/content/drive/MyDrive/SeaAlert/data/audio_noisy/low/1166.wav,/content/drive/MyDrive/SeaAlert/data/audio_noisy/med/1166.wav,/content/drive/MyDrive/SeaAlert/data/audio_noisy/high/1166.wav
1167,/content/drive/MyDrive/SeaAlert/data/audio_clean/wav/1167.wav,/content/drive/MyDrive/SeaAlert/data/audio_noisy/low/1167.wav,/content/drive/MyDrive/SeaAlert/data/audio_noisy/med/1167.wav,/content/drive/MyDrive/SeaAlert/data/audio_noisy/high/1167.wav
1168,/content/drive/MyDrive/SeaAlert/data/audio_clean/wav/1168.wav,/content/drive/MyDrive/SeaAlert/data/audio_noisy/low/1168.wav,/content/drive/MyDrive/SeaAlert/data/audio_noisy/med/1168.wav,/content/drive/MyDrive/SeaAlert/data/audio_noisy/high/1168.wav
1169,/content/drive/MyDrive/SeaAlert/data/audio_clean/wav/1169.wav,/content/drive/MyDrive/SeaAlert/data/audio_noisy/low/1169.wav,/content/drive/MyDrive/SeaAlert/data/audio_noisy/med/1169.wav,/content/drive/MyDrive/SeaAlert/data/audio_noisy/high/1169.wav
1170,/content/drive/MyDrive/SeaAlert/data/audio_clean/wav/1170.wav,/content/drive/MyDrive/SeaAlert/data/audio_noisy/low/1170.wav,/content/drive/MyDrive/SeaAlert/data/audio_noisy/med/1170.wav,/content/drive/MyDrive/SeaAlert/data/audio_noisy/high/1170.wav
1171,/content/drive/MyDrive/SeaAlert/data/audio_clean/wav/1171.wav,/content/drive/MyDrive/SeaAlert/data/audio_noisy/low/1171.wav,/content/drive/MyDrive/SeaAlert/data/audio_noisy/med/1171.wav,/content/drive/MyDrive/SeaAlert/data/audio_noisy/high/1171.wav
1172,/content/drive/MyDrive/SeaAlert/data/audio_clean/wav/1172.wav,/content/drive/MyDrive/SeaAlert/data/audio_noisy/low/1172.wav,/content/drive/MyDrive/SeaAlert/data/audio_noisy/med/1172.wav,/content/drive/MyDrive/SeaAlert/data/audio_noisy/high/1172.wav
1173,/content/drive/MyDrive/SeaAlert/data/audio_clean/wav/1173.wav,/content/drive/MyDrive/SeaAlert/data/audio_noisy/low/1173.wav,/content/drive/MyDrive/SeaAlert/data/audio_noisy/med/1173.wav,/content/drive/MyDrive/SeaAlert/data/audio_noisy/high/1173.wav
1174,/content/drive/MyDrive/SeaAlert/data/audio_clean/wav/1174.wav,/content/drive/MyDrive/SeaAlert/data/audio_noisy/low/1174.wav,/content/drive/MyDrive/SeaAlert/data/audio_noisy/med/1174.wav,/content/drive/MyDrive/SeaAlert/data/audio_noisy/high/1174.wav
1175,/content/drive/MyDrive/SeaAlert/data/audio_clean/wav/1175.wav,/content/drive/MyDrive/SeaAlert/data/audio_noisy/low/1175.wav,/content/drive/MyDrive/SeaAlert/data/audio_noisy/med/1175.wav,/content/drive/MyDrive/SeaAlert/data/audio_noisy/high/1175.wav
1176,/content/drive/MyDrive/SeaAlert/data/audio_clean/wav/1176.wav,/content/drive/MyDrive/SeaAlert/data/audio_noisy/low/1176.wav,/content/drive/MyDrive/SeaAlert/data/audio_noisy/med/1176.wav,/content/drive/MyDrive/SeaAlert/data/audio_noisy/high/1176.wav
1177,/content/drive/MyDrive/SeaAlert/data/audio_clean/wav/1177.wav,/content/drive/MyDrive/SeaAlert/data/audio_noisy/low/1177.wav,/content/drive/MyDrive/SeaAlert/data/audio_noisy/med/1177.wav,/content/drive/MyDrive/SeaAlert/data/audio_noisy/high/1177.wav
1178,/content/drive/MyDrive/SeaAlert/data/audio_clean/wav/1178.wav,/content/drive/MyDrive/SeaAlert/data/audio_noisy/low/1178.wav,/content/drive/MyDrive/SeaAlert/data/audio_noisy/med/1178.wav,/content/drive/MyDrive/SeaAlert/data/audio_noisy/high/1178.wav
1179,/content/drive/MyDrive/SeaAlert/data/audio_clean/wav/1179.wav,/content/drive/MyDrive/SeaAlert/data/audio_noisy/low/1179.wav,/content/drive/MyDrive/SeaAlert/data/audio_noisy/med/1179.wav,/content/drive/MyDrive/SeaAlert/data/audio_noisy/high/1179.wav
1180,/content/drive/MyDrive/SeaAlert/data/audio_clean/wav/1180.wav,/content/drive/MyDrive/SeaAlert/data/audio_noisy/low/1180.wav,/content/drive/MyDrive/SeaAlert/data/audio_noisy/med/1180.wav,/content/drive/MyDrive/SeaAlert/data/audio_noisy/high/1180.wav
1181,/content/drive/MyDrive/SeaAlert/data/audio_clean/wav/1181.wav,/content/drive/MyDrive/SeaAlert/data/audio_noisy/low/1181.wav,/content/drive/MyDrive/SeaAlert/data/audio_noisy/med/1181.wav,/content/drive/MyDrive/SeaAlert/data/audio_noisy/high/1181.wav
1182,/content/drive/MyDrive/SeaAlert/data/audio_clean/wav/1182.wav,/content/drive/MyDrive/SeaAlert/data/audio_noisy/low/1182.wav,/content/drive/MyDrive/SeaAlert/data/audio_noisy/med/1182.wav,/content/drive/MyDrive/SeaAlert/data/audio_noisy/high/1182.wav
1183,/content/drive/MyDrive/SeaAlert/data/audio_clean/wav/1183.wav,/content/drive/MyDrive/SeaAlert/data/audio_noisy/low/1183.wav,/content/drive/MyDrive/SeaAlert/data/audio_noisy/med/1183.wav,/content/drive/MyDrive/SeaAlert/data/audio_noisy/high/1183.wav
1184,/content/drive/MyDrive/SeaAlert/data/audio_clean/wav/1184.wav,/content/drive/MyDrive/SeaAlert/data/audio_noisy/low/1184.wav,/content/drive/MyDrive/SeaAlert/data/audio_noisy/med/1184.wav,/content/drive/MyDrive/SeaAlert/data/audio_noisy/high/1184.wav
1185,/content/drive/MyDrive/SeaAlert/data/audio_clean/wav/1185.wav,/content/drive/MyDrive/SeaAlert/data/audio_noisy/low/1185.wav,/content/drive/MyDrive/SeaAlert/data/audio_noisy/med/1185.wav,/content/drive/MyDrive/SeaAlert/data/audio_noisy/high/1185.wav
1186,/content/drive/MyDrive/SeaAlert/data/audio_clean/wav/1186.wav,/content/drive/MyDrive/SeaAlert/data/audio_noisy/low/1186.wav,/content/drive/MyDrive/SeaAlert/data/audio_noisy/med/1186.wav,/content/drive/MyDrive/SeaAlert/data/audio_noisy/high/1186.wav
1187,/content/drive/MyDrive/SeaAlert/data/audio_clean/wav/1187.wav,/content/drive/MyDrive/SeaAlert/data/audio_noisy/low/1187.wav,/content/drive/MyDrive/SeaAlert/data/audio_noisy/med/1187.wav,/content/drive/MyDrive/SeaAlert/data/audio_noisy/high/1187.wav
1188,/content/drive/MyDrive/SeaAlert/data/audio_clean/wav/1188.wav,/content/drive/MyDrive/SeaAlert/data/audio_noisy/low/1188.wav,/content/drive/MyDrive/SeaAlert/data/audio_noisy/med/1188.wav,/content/drive/MyDrive/SeaAlert/data/audio_noisy/high/1188.wav
1189,/content/drive/MyDrive/SeaAlert/data/audio_clean/wav/1189.wav,/content/drive/MyDrive/SeaAlert/data/audio_noisy/low/1189.wav,/content/drive/MyDrive/SeaAlert/data/audio_noisy/med/1189.wav,/content/drive/MyDrive/SeaAlert/data/audio_noisy/high/1189.wav
1190,/content/drive/MyDrive/SeaAlert/data/audio_clean/wav/1190.wav,/content/drive/MyDrive/SeaAlert/data/audio_noisy/low/1190.wav,/content/drive/MyDrive/SeaAlert/data/audio_noisy/med/1190.wav,/content/drive/MyDrive/SeaAlert/data/audio_noisy/high/1190.wav
1191,/content/drive/MyDrive/SeaAlert/data/audio_clean/wav/1191.wav,/content/drive/MyDrive/SeaAlert/data/audio_noisy/low/1191.wav,/content/drive/MyDrive/SeaAlert/data/audio_noisy/med/1191.wav,/content/drive/MyDrive/SeaAlert/data/audio_noisy/high/1191.wav
1192,/content/drive/MyDrive/SeaAlert/data/audio_clean/wav/1192.wav,/content/drive/MyDrive/SeaAlert/data/audio_noisy/low/1192.wav,/content/drive/MyDrive/SeaAlert/data/audio_noisy/med/1192.wav,/content/drive/MyDrive/SeaAlert/data/audio_noisy/high/1192.wav
1193,/content/drive/MyDrive/SeaAlert/data/audio_clean/wav/1193.wav,/content/drive/MyDrive/SeaAlert/data/audio_noisy/low/1193.wav,/content/drive/MyDrive/SeaAlert/data/audio_noisy/med/1193.wav,/content/drive/MyDrive/SeaAlert/data/audio_noisy/high/1193.wav
1194,/content/drive/MyDrive/SeaAlert/data/audio_clean/wav/1194.wav,/content/drive/MyDrive/SeaAlert/data/audio_noisy/low/1194.wav,/content/drive/MyDrive/SeaAlert/data/audio_noisy/med/1194.wav,/content/drive/MyDrive/SeaAlert/data/audio_noisy/high/1194.wav
1195,/content/drive/MyDrive/SeaAlert/data/audio_clean/wav/1195.wav,/content/drive/MyDrive/SeaAlert/data/audio_noisy/low/1195.wav,/content/drive/MyDrive/SeaAlert/data/audio_noisy/med/1195.wav,/content/drive/MyDrive/SeaAlert/data/audio_noisy/high/1195.wav
1196,/content/drive/MyDrive/SeaAlert/data/audio_clean/wav/1196.wav,/content/drive/MyDrive/SeaAlert/data/audio_noisy/low/1196.wav,/content/drive/MyDrive/SeaAlert/data/audio_noisy/med/1196.wav,/content/drive/MyDrive/SeaAlert/data/audio_noisy/high/1196.wav
1197,/content/drive/MyDrive/SeaAlert/data/audio_clean/wav/1197.wav,/content/drive/MyDrive/SeaAlert/data/audio_noisy/low/1197.wav,/content/drive/MyDrive/SeaAlert/data/audio_noisy/med/1197.wav,/content/drive/MyDrive/SeaAlert/data/audio_noisy/high/1197.wav
1198,/content/drive/MyDrive/SeaAlert/data/audio_clean/wav/1198.wav,/content/drive/MyDrive/SeaAlert/data/audio_noisy/low/1198.wav,/content/drive/MyDrive/SeaAlert/data/audio_noisy/med/1198.wav,/content/drive/MyDrive/SeaAlert/data/audio_noisy/high/1198.wav
1199,/content/drive/MyDrive/SeaAlert/data/audio_clean/wav/1199.wav,/content/drive/MyDrive/SeaAlert/data/audio_noisy/low/1199.wav,/content/drive/MyDrive/SeaAlert/data/audio_noisy/med/1199.wav,/content/drive/MyDrive/SeaAlert/data/audio_noisy/high/1199.wav
1200,/content/drive/MyDrive/SeaAlert/data/audio_clean/wav/1200.wav,/content/drive/MyDrive/SeaAlert/data/audio_noisy/low/1200.wav,/content/drive/MyDrive/SeaAlert/data/audio_noisy/med/1200.wav,/content/drive/MyDrive/SeaAlert/data/audio_noisy/high/1200.wav
1201,/content/drive/MyDrive/SeaAlert/data/audio_clean/wav/1201.wav,/content/drive/MyDrive/SeaAlert/data/audio_noisy/low/1201.wav,/content/drive/MyDrive/SeaAlert/data/audio_noisy/med/1201.wav,/content/drive/MyDrive/SeaAlert/data/audio_noisy/high/1201.wav
1202,/content/drive/MyDrive/SeaAlert/data/audio_clean/wav/1202.wav,/content/drive/MyDrive/SeaAlert/data/audio_noisy/low/1202.wav,/content/drive/MyDrive/SeaAlert/data/audio_noisy/med/1202.wav,/content/drive/MyDrive/SeaAlert/data/audio_noisy/high/1202.wav
1203,/content/drive/MyDrive/SeaAlert/data/audio_clean/wav/1203.wav,/content/drive/MyDrive/SeaAlert/data/audio_noisy/low/1203.wav,/content/drive/MyDrive/SeaAlert/data/audio_noisy/med/1203.wav,/content/drive/MyDrive/SeaAlert/data/audio_noisy/high/1203.wav
1204,/content/drive/MyDrive/SeaAlert/data/audio_clean/wav/1204.wav,/content/drive/MyDrive/SeaAlert/data/audio_noisy/low/1204.wav,/content/drive/MyDrive/SeaAlert/data/audio_noisy/med/1204.wav,/content/drive/MyDrive/SeaAlert/data/audio_noisy/high/1204.wav
1205,/content/drive/MyDrive/SeaAlert/data/audio_clean/wav/1205.wav,/content/drive/MyDrive/SeaAlert/data/audio_noisy/low/1205.wav,/content/drive/MyDrive/SeaAlert/data/audio_noisy/med/1205.wav,/content/drive/MyDrive/SeaAlert/data/audio_noisy/high/1205.wav
1206,/content/drive/MyDrive/SeaAlert/data/audio_clean/wav/1206.wav,/content/drive/MyDrive/SeaAlert/data/audio_noisy/low/1206.wav,/content/drive/MyDrive/SeaAlert/data/audio_noisy/med/1206.wav,/content/drive/MyDrive/SeaAlert/data/audio_noisy/high/1206.wav
1207,/content/drive/MyDrive/SeaAlert/data/audio_clean/wav/1207.wav,/content/drive/MyDrive/SeaAlert/data/audio_noisy/low/1207.wav,/content/drive/MyDrive/SeaAlert/data/audio_noisy/med/1207.wav,/content/drive/MyDrive/SeaAlert/data/audio_noisy/high/1207.wav
1208,/content/drive/MyDrive/SeaAlert/data/audio_clean/wav/1208.wav,/content/drive/MyDrive/SeaAlert/data/audio_noisy/low/1208.wav,/content/drive/MyDrive/SeaAlert/data/audio_noisy/med/1208.wav,/content/drive/MyDrive/SeaAlert/data/audio_noisy/high/1208.wav
1209,/content/drive/MyDrive/SeaAlert/data/audio_clean/wav/1209.wav,/content/drive/MyDrive/SeaAlert/data/audio_noisy/low/1209.wav,/content/drive/MyDrive/SeaAlert/data/audio_noisy/med/1209.wav,/content/drive/MyDrive/SeaAlert/data/audio_noisy/high/1209.wav
1210,/content/drive/MyDrive/SeaAlert/data/audio_clean/wav/1210.wav,/content/drive/MyDrive/SeaAlert/data/audio_noisy/low/1210.wav,/content/drive/MyDrive/SeaAlert/data/audio_noisy/med/1210.wav,/content/drive/MyDrive/SeaAlert/data/audio_noisy/high/1210.wav
1211,/content/drive/MyDrive/SeaAlert/data/audio_clean/wav/1211.wav,/content/drive/MyDrive/SeaAlert/data/audio_noisy/low/1211.wav,/content/drive/MyDrive/SeaAlert/data/audio_noisy/med/1211.wav,/content/drive/MyDrive/SeaAlert/data/audio_noisy/high/1211.wav
1212,/content/drive/MyDrive/SeaAlert/data/audio_clean/wav/1212.wav,/content/drive/MyDrive/SeaAlert/data/audio_noisy/low/1212.wav,/content/drive/MyDrive/SeaAlert/data/audio_noisy/med/1212.wav,/content/drive/MyDrive/SeaAlert/data/audio_noisy/high/1212.wav
1213,/content/drive/MyDrive/SeaAlert/data/audio_clean/wav/1213.wav,/content/drive/MyDrive/SeaAlert/data/audio_noisy/low/1213.wav,/content/drive/MyDrive/SeaAlert/data/audio_noisy/med/1213.wav,/content/drive/MyDrive/SeaAlert/data/audio_noisy/high/1213.wav
1214,/content/drive/MyDrive/SeaAlert/data/audio_clean/wav/1214.wav,/content/drive/MyDrive/SeaAlert/data/audio_noisy/low/1214.wav,/content/drive/MyDrive/SeaAlert/data/audio_noisy/med/1214.wav,/content/drive/MyDrive/SeaAlert/data/audio_noisy/high/1214.wav
1215,/content/drive/MyDrive/SeaAlert/data/audio_clean/wav/1215.wav,/content/drive/MyDrive/SeaAlert/data/audio_noisy/low/1215.wav,/content/drive/MyDrive/SeaAlert/data/audio_noisy/med/1215.wav,/content/drive/MyDrive/SeaAlert/data/audio_noisy/high/1215.wav
1216,/content/drive/MyDrive/SeaAlert/data/audio_clean/wav/1216.wav,/content/drive/MyDrive/SeaAlert/data/audio_noisy/low/1216.wav,/content/drive/MyDrive/SeaAlert/data/audio_noisy/med/1216.wav,/content/drive/MyDrive/SeaAlert/data/audio_noisy/high/1216.wav
1217,/content/drive/MyDrive/SeaAlert/data/audio_clean/wav/1217.wav,/content/drive/MyDrive/SeaAlert/data/audio_noisy/low/1217.wav,/content/drive/MyDrive/SeaAlert/data/audio_noisy/med/1217.wav,/content/drive/MyDrive/SeaAlert/data/audio_noisy/high/1217.wav
1218,/content/drive/MyDrive/SeaAlert/data/audio_clean/wav/1218.wav,/content/drive/MyDrive/SeaAlert/data/audio_noisy/low/1218.wav,/content/drive/MyDrive/SeaAlert/data/audio_noisy/med/1218.wav,/content/drive/MyDrive/SeaAlert/data/audio_noisy/high/1218.wav
1219,/content/drive/MyDrive/SeaAlert/data/audio_clean/wav/1219.wav,/content/drive/MyDrive/SeaAlert/data/audio_noisy/low/1219.wav,/content/drive/MyDrive/SeaAlert/data/audio_noisy/med/1219.wav,/content/drive/MyDrive/SeaAlert/data/audio_noisy/high/1219.wav
1220,/content/drive/MyDrive/SeaAlert/data/audio_clean/wav/1220.wav,/content/drive/MyDrive/SeaAlert/data/audio_noisy/low/1220.wav,/content/drive/MyDrive/SeaAlert/data/audio_noisy/med/1220.wav,/content/drive/MyDrive/SeaAlert/data/audio_noisy/high/1220.wav
1221,/content/drive/MyDrive/SeaAlert/data/audio_clean/wav/1221.wav,/content/drive/MyDrive/SeaAlert/data/audio_noisy/low/1221.wav,/content/drive/MyDrive/SeaAlert/data/audio_noisy/med/1221.wav,/content/drive/MyDrive/SeaAlert/data/audio_noisy/high/1221.wav
1222,/content/drive/MyDrive/SeaAlert/data/audio_clean/wav/1222.wav,/content/drive/MyDrive/SeaAlert/data/audio_noisy/low/1222.wav,/content/drive/MyDrive/SeaAlert/data/audio_noisy/med/1222.wav,/content/drive/MyDrive/SeaAlert/data/audio_noisy/high/1222.wav
1223,/content/drive/MyDrive/SeaAlert/data/audio_clean/wav/1223.wav,/content/drive/MyDrive/SeaAlert/data/audio_noisy/low/1223.wav,/content/drive/MyDrive/SeaAlert/data/audio_noisy/med/1223.wav,/content/drive/MyDrive/SeaAlert/data/audio_noisy/high/1223.wav
1224,/content/drive/MyDrive/SeaAlert/data/audio_clean/wav/1224.wav,/content/drive/MyDrive/SeaAlert/data/audio_noisy/low/1224.wav,/content/drive/MyDrive/SeaAlert/data/audio_noisy/med/1224.wav,/content/drive/MyDrive/SeaAlert/data/audio_noisy/high/1224.wav
1225,/content/drive/MyDrive/SeaAlert/data/audio_clean/wav/1225.wav,/content/drive/MyDrive/SeaAlert/data/audio_noisy/low/1225.wav,/content/drive/MyDrive/SeaAlert/data/audio_noisy/med/1225.wav,/content/drive/MyDrive/SeaAlert/data/audio_noisy/high/1225.wav
1226,/content/drive/MyDrive/SeaAlert/data/audio_clean/wav/1226.wav,/content/drive/MyDrive/SeaAlert/data/audio_noisy/low/1226.wav,/content/drive/MyDrive/SeaAlert/data/audio_noisy/med/1226.wav,/content/drive/MyDrive/SeaAlert/data/audio_noisy/high/1226.wav
1227,/content/drive/MyDrive/SeaAlert/data/audio_clean/wav/1227.wav,/content/drive/MyDrive/SeaAlert/data/audio_noisy/low/1227.wav,/content/drive/MyDrive/SeaAlert/data/audio_noisy/med/1227.wav,/content/drive/MyDrive/SeaAlert/data/audio_noisy/high/1227.wav
1228,/content/drive/MyDrive/SeaAlert/data/audio_clean/wav/1228.wav,/content/drive/MyDrive/SeaAlert/data/audio_noisy/low/1228.wav,/content/drive/MyDrive/SeaAlert/data/audio_noisy/med/1228.wav,/content/drive/MyDrive/SeaAlert/data/audio_noisy/high/1228.wav
1229,/content/drive/MyDrive/SeaAlert/data/audio_clean/wav/1229.wav,/content/drive/MyDrive/SeaAlert/data/audio_noisy/low/1229.wav,/content/drive/MyDrive/SeaAlert/data/audio_noisy/med/1229.wav,/content/drive/MyDrive/SeaAlert/data/audio_noisy/high/1229.wav
1230,/content/drive/MyDrive/SeaAlert/data/audio_clean/wav/1230.wav,/content/drive/MyDrive/SeaAlert/data/audio_noisy/low/1230.wav,/content/drive/MyDrive/SeaAlert/data/audio_noisy/med/1230.wav,/content/drive/MyDrive/SeaAlert/data/audio_noisy/high/1230.wav
1231,/content/drive/MyDrive/SeaAlert/data/audio_clean/wav/1231.wav,/content/drive/MyDrive/SeaAlert/data/audio_noisy/low/1231.wav,/content/drive/MyDrive/SeaAlert/data/audio_noisy/med/1231.wav,/content/drive/MyDrive/SeaAlert/data/audio_noisy/high/1231.wav
1232,/content/drive/MyDrive/SeaAlert/data/audio_clean/wav/1232.wav,/content/drive/MyDrive/SeaAlert/data/audio_noisy/low/1232.wav,/content/drive/MyDrive/SeaAlert/data/audio_noisy/med/1232.wav,/content/drive/MyDrive/SeaAlert/data/audio_noisy/high/1232.wav
1233,/content/drive/MyDrive/SeaAlert/data/audio_clean/wav/1233.wav,/content/drive/MyDrive/SeaAlert/data/audio_noisy/low/1233.wav,/content/drive/MyDrive/SeaAlert/data/audio_noisy/med/1233.wav,/content/drive/MyDrive/SeaAlert/data/audio_noisy/high/1233.wav
1234,/content/drive/MyDrive/SeaAlert/data/audio_clean/wav/1234.wav,/content/drive/MyDrive/SeaAlert/data/audio_noisy/low/1234.wav,/content/drive/MyDrive/SeaAlert/data/audio_noisy/med/1234.wav,/content/drive/MyDrive/SeaAlert/data/audio_noisy/high/1234.wav
1235,/content/drive/MyDrive/SeaAlert/data/audio_clean/wav/1235.wav,/content/drive/MyDrive/SeaAlert/data/audio_noisy/low/1235.wav,/content/drive/MyDrive/SeaAlert/data/audio_noisy/med/1235.wav,/content/drive/MyDrive/SeaAlert/data/audio_noisy/high/1235.wav
1236,/content/drive/MyDrive/SeaAlert/data/audio_clean/wav/1236.wav,/content/drive/MyDrive/SeaAlert/data/audio_noisy/low/1236.wav,/content/drive/MyDrive/SeaAlert/data/audio_noisy/med/1236.wav,/content/drive/MyDrive/SeaAlert/data/audio_noisy/high/1236.wav
1237,/content/drive/MyDrive/SeaAlert/data/audio_clean/wav/1237.wav,/content/drive/MyDrive/SeaAlert/data/audio_noisy/low/1237.wav,/content/drive/MyDrive/SeaAlert/data/audio_noisy/med/1237.wav,/content/drive/MyDrive/SeaAlert/data/audio_noisy/high/1237.wav
1238,/content/drive/MyDrive/SeaAlert/data/audio_clean/wav/1238.wav,/content/drive/MyDrive/SeaAlert/data/audio_noisy/low/1238.wav,/content/drive/MyDrive/SeaAlert/data/audio_noisy/med/1238.wav,/content/drive/MyDrive/SeaAlert/data/audio_noisy/high/1238.wav
1239,/content/drive/MyDrive/SeaAlert/data/audio_clean/wav/1239.wav,/content/drive/MyDrive/SeaAlert/data/audio_noisy/low/1239.wav,/content/drive/MyDrive/SeaAlert/data/audio_noisy/med/1239.wav,/content/drive/MyDrive/SeaAlert/data/audio_noisy/high/1239.wav
1240,/content/drive/MyDrive/SeaAlert/data/audio_clean/wav/1240.wav,/content/drive/MyDrive/SeaAlert/data/audio_noisy/low/1240.wav,/content/drive/MyDrive/SeaAlert/data/audio_noisy/med/1240.wav,/content/drive/MyDrive/SeaAlert/data/audio_noisy/high/1240.wav
1241,/content/drive/MyDrive/SeaAlert/data/audio_clean/wav/1241.wav,/content/drive/MyDrive/SeaAlert/data/audio_noisy/low/1241.wav,/content/drive/MyDrive/SeaAlert/data/audio_noisy/med/1241.wav,/content/drive/MyDrive/SeaAlert/data/audio_noisy/high/1241.wav
1242,/content/drive/MyDrive/SeaAlert/data/audio_clean/wav/1242.wav,/content/drive/MyDrive/SeaAlert/data/audio_noisy/low/1242.wav,/content/drive/MyDrive/SeaAlert/data/audio_noisy/med/1242.wav,/content/drive/MyDrive/SeaAlert/data/audio_noisy/high/1242.wav
1243,/content/drive/MyDrive/SeaAlert/data/audio_clean/wav/1243.wav,/content/drive/MyDrive/SeaAlert/data/audio_noisy/low/1243.wav,/content/drive/MyDrive/SeaAlert/data/audio_noisy/med/1243.wav,/content/drive/MyDrive/SeaAlert/data/audio_noisy/high/1243.wav
1244,/content/drive/MyDrive/SeaAlert/data/audio_clean/wav/1244.wav,/content/drive/MyDrive/SeaAlert/data/audio_noisy/low/1244.wav,/content/drive/MyDrive/SeaAlert/data/audio_noisy/med/1244.wav,/content/drive/MyDrive/SeaAlert/data/audio_noisy/high/1244.wav
1245,/content/drive/MyDrive/SeaAlert/data/audio_clean/wav/1245.wav,/content/drive/MyDrive/SeaAlert/data/audio_noisy/low/1245.wav,/content/drive/MyDrive/SeaAlert/data/audio_noisy/med/1245.wav,/content/drive/MyDrive/SeaAlert/data/audio_noisy/high/1245.wav
1246,/content/drive/MyDrive/SeaAlert/data/audio_clean/wav/1246.wav,/content/drive/MyDrive/SeaAlert/data/audio_noisy/low/1246.wav,/content/drive/MyDrive/SeaAlert/data/audio_noisy/med/1246.wav,/content/drive/MyDrive/SeaAlert/data/audio_noisy/high/1246.wav
1247,/content/drive/MyDrive/SeaAlert/data/audio_clean/wav/1247.wav,/content/drive/MyDrive/SeaAlert/data/audio_noisy/low/1247.wav,/content/drive/MyDrive/SeaAlert/data/audio_noisy/med/1247.wav,/content/drive/MyDrive/SeaAlert/data/audio_noisy/high/1247.wav
1248,/content/drive/MyDrive/SeaAlert/data/audio_clean/wav/1248.wav,/content/drive/MyDrive/SeaAlert/data/audio_noisy/low/1248.wav,/content/drive/MyDrive/SeaAlert/data/audio_noisy/med/1248.wav,/content/drive/MyDrive/SeaAlert/data/audio_noisy/high/1248.wav
1249,/content/drive/MyDrive/SeaAlert/data/audio_clean/wav/1249.wav,/content/drive/MyDrive/SeaAlert/data/audio_noisy/low/1249.wav,/content/drive/MyDrive/SeaAlert/data/audio_noisy/med/1249.wav,/content/drive/MyDrive/SeaAlert/data/audio_noisy/high/1249.wav
1250,/content/drive/MyDrive/SeaAlert/data/audio_clean/wav/1250.wav,/content/drive/MyDrive/SeaAlert/data/audio_noisy/low/1250.wav,/content/drive/MyDrive/SeaAlert/data/audio_noisy/med/1250.wav,/content/drive/MyDrive/SeaAlert/data/audio_noisy/high/1250.wav
1251,/content/drive/MyDrive/SeaAlert/data/audio_clean/wav/1251.wav,/content/drive/MyDrive/SeaAlert/data/audio_noisy/low/1251.wav,/content/drive/MyDrive/SeaAlert/data/audio_noisy/med/1251.wav,/content/drive/MyDrive/SeaAlert/data/audio_noisy/high/1251.wav
1252,/content/drive/MyDrive/SeaAlert/data/audio_clean/wav/1252.wav,/content/drive/MyDrive/SeaAlert/data/audio_noisy/low/1252.wav,/content/drive/MyDrive/SeaAlert/data/audio_noisy/med/1252.wav,/content/drive/MyDrive/SeaAlert/data/audio_noisy/high/1252.wav
1253,/content/drive/MyDrive/SeaAlert/data/audio_clean/wav/1253.wav,/content/drive/MyDrive/SeaAlert/data/audio_noisy/low/1253.wav,/content/drive/MyDrive/SeaAlert/data/audio_noisy/med/1253.wav,/content/drive/MyDrive/SeaAlert/data/audio_noisy/high/1253.wav
1254,/content/drive/MyDrive/SeaAlert/data/audio_clean/wav/1254.wav,/content/drive/MyDrive/SeaAlert/data/audio_noisy/low/1254.wav,/content/drive/MyDrive/SeaAlert/data/audio_noisy/med/1254.wav,/content/drive/MyDrive/SeaAlert/data/audio_noisy/high/1254.wav
1255,/content/drive/MyDrive/SeaAlert/data/audio_clean/wav/1255.wav,/content/drive/MyDrive/SeaAlert/data/audio_noisy/low/1255.wav,/content/drive/MyDrive/SeaAlert/data/audio_noisy/med/1255.wav,/content/drive/MyDrive/SeaAlert/data/audio_noisy/high/1255.wav
1256,/content/drive/MyDrive/SeaAlert/data/audio_clean/wav/1256.wav,/content/drive/MyDrive/SeaAlert/data/audio_noisy/low/1256.wav,/content/drive/MyDrive/SeaAlert/data/audio_noisy/med/1256.wav,/content/drive/MyDrive/SeaAlert/data/audio_noisy/high/1256.wav
1257,/content/drive/MyDrive/SeaAlert/data/audio_clean/wav/1257.wav,/content/drive/MyDrive/SeaAlert/data/audio_noisy/low/1257.wav,/content/drive/MyDrive/SeaAlert/data/audio_noisy/med/1257.wav,/content/drive/MyDrive/SeaAlert/data/audio_noisy/high/1257.wav
1258,/content/drive/MyDrive/SeaAlert/data/audio_clean/wav/1258.wav,/content/drive/MyDrive/SeaAlert/data/audio_noisy/low/1258.wav,/content/drive/MyDrive/SeaAlert/data/audio_noisy/med/1258.wav,/content/drive/MyDrive/SeaAlert/data/audio_noisy/high/1258.wav
1259,/content/drive/MyDrive/SeaAlert/data/audio_clean/wav/1259.wav,/content/drive/MyDrive/SeaAlert/data/audio_noisy/low/1259.wav,/content/drive/MyDrive/SeaAlert/data/audio_noisy/med/1259.wav,/content/drive/MyDrive/SeaAlert/data/audio_noisy/high/1259.wav
1260,/content/drive/MyDrive/SeaAlert/data/audio_clean/wav/1260.wav,/content/drive/MyDrive/SeaAlert/data/audio_noisy/low/1260.wav,/content/drive/MyDrive/SeaAlert/data/audio_noisy/med/1260.wav,/content/drive/MyDrive/SeaAlert/data/audio_noisy/high/1260.wav
1261,/content/drive/MyDrive/SeaAlert/data/audio_clean/wav/1261.wav,/content/drive/MyDrive/SeaAlert/data/audio_noisy/low/1261.wav,/content/drive/MyDrive/SeaAlert/data/audio_noisy/med/1261.wav,/content/drive/MyDrive/SeaAlert/data/audio_noisy/high/1261.wav
1262,/content/drive/MyDrive/SeaAlert/data/audio_clean/wav/1262.wav,/content/drive/MyDrive/SeaAlert/data/audio_noisy/low/1262.wav,/content/drive/MyDrive/SeaAlert/data/audio_noisy/med/1262.wav,/content/drive/MyDrive/SeaAlert/data/audio_noisy/high/1262.wav
1263,/content/drive/MyDrive/SeaAlert/data/audio_clean/wav/1263.wav,/content/drive/MyDrive/SeaAlert/data/audio_noisy/low/1263.wav,/content/drive/MyDrive/SeaAlert/data/audio_noisy/med/1263.wav,/content/drive/MyDrive/SeaAlert/data/audio_noisy/high/1263.wav
1264,/content/drive/MyDrive/SeaAlert/data/audio_clean/wav/1264.wav,/content/drive/MyDrive/SeaAlert/data/audio_noisy/low/1264.wav,/content/drive/MyDrive/SeaAlert/data/audio_noisy/med/1264.wav,/content/drive/MyDrive/SeaAlert/data/audio_noisy/high/1264.wav
1265,/content/drive/MyDrive/SeaAlert/data/audio_clean/wav/1265.wav,/content/drive/MyDrive/SeaAlert/data/audio_noisy/low/1265.wav,/content/drive/MyDrive/SeaAlert/data/audio_noisy/med/1265.wav,/content/drive/MyDrive/SeaAlert/data/audio_noisy/high/1265.wav
1266,/content/drive/MyDrive/SeaAlert/data/audio_clean/wav/1266.wav,/content/drive/MyDrive/SeaAlert/data/audio_noisy/low/1266.wav,/content/drive/MyDrive/SeaAlert/data/audio_noisy/med/1266.wav,/content/drive/MyDrive/SeaAlert/data/audio_noisy/high/1266.wav
1267,/content/drive/MyDrive/SeaAlert/data/audio_clean/wav/1267.wav,/content/drive/MyDrive/SeaAlert/data/audio_noisy/low/1267.wav,/content/drive/MyDrive/SeaAlert/data/audio_noisy/med/1267.wav,/content/drive/MyDrive/SeaAlert/data/audio_noisy/high/1267.wav
1268,/content/drive/MyDrive/SeaAlert/data/audio_clean/wav/1268.wav,/content/drive/MyDrive/SeaAlert/data/audio_noisy/low/1268.wav,/content/drive/MyDrive/SeaAlert/data/audio_noisy/med/1268.wav,/content/drive/MyDrive/SeaAlert/data/audio_noisy/high/1268.wav
1269,/content/drive/MyDrive/SeaAlert/data/audio_clean/wav/1269.wav,/content/drive/MyDrive/SeaAlert/data/audio_noisy/low/1269.wav,/content/drive/MyDrive/SeaAlert/data/audio_noisy/med/1269.wav,/content/drive/MyDrive/SeaAlert/data/audio_noisy/high/1269.wav
1270,/content/drive/MyDrive/SeaAlert/data/audio_clean/wav/1270.wav,/content/drive/MyDrive/SeaAlert/data/audio_noisy/low/1270.wav,/content/drive/MyDrive/SeaAlert/data/audio_noisy/med/1270.wav,/content/drive/MyDrive/SeaAlert/data/audio_noisy/high/1270.wav
1271,/content/drive/MyDrive/SeaAlert/data/audio_clean/wav/1271.wav,/content/drive/MyDrive/SeaAlert/data/audio_noisy/low/1271.wav,/content/drive/MyDrive/SeaAlert/data/audio_noisy/med/1271.wav,/content/drive/MyDrive/SeaAlert/data/audio_noisy/high/1271.wav
1272,/content/drive/MyDrive/SeaAlert/data/audio_clean/wav/1272.wav,/content/drive/MyDrive/SeaAlert/data/audio_noisy/low/1272.wav,/content/drive/MyDrive/SeaAlert/data/audio_noisy/med/1272.wav,/content/drive/MyDrive/SeaAlert/data/audio_noisy/high/1272.wav
1273,/content/drive/MyDrive/SeaAlert/data/audio_clean/wav/1273.wav,/content/drive/MyDrive/SeaAlert/data/audio_noisy/low/1273.wav,/content/drive/MyDrive/SeaAlert/data/audio_noisy/med/1273.wav,/content/drive/MyDrive/SeaAlert/data/audio_noisy/high/1273.wav
1274,/content/drive/MyDrive/SeaAlert/data/audio_clean/wav/1274.wav,/content/drive/MyDrive/SeaAlert/data/audio_noisy/low/1274.wav,/content/drive/MyDrive/SeaAlert/data/audio_noisy/med/1274.wav,/content/drive/MyDrive/SeaAlert/data/audio_noisy/high/1274.wav
1275,/content/drive/MyDrive/SeaAlert/data/audio_clean/wav/1275.wav,/content/drive/MyDrive/SeaAlert/data/audio_noisy/low/1275.wav,/content/drive/MyDrive/SeaAlert/data/audio_noisy/med/1275.wav,/content/drive/MyDrive/SeaAlert/data/audio_noisy/high/1275.wav
1276,/content/drive/MyDrive/SeaAlert/data/audio_clean/wav/1276.wav,/content/drive/MyDrive/SeaAlert/data/audio_noisy/low/1276.wav,/content/drive/MyDrive/SeaAlert/data/audio_noisy/med/1276.wav,/content/drive/MyDrive/SeaAlert/data/audio_noisy/high/1276.wav
1277,/content/drive/MyDrive/SeaAlert/data/audio_clean/wav/1277.wav,/content/drive/MyDrive/SeaAlert/data/audio_noisy/low/1277.wav,/content/drive/MyDrive/SeaAlert/data/audio_noisy/med/1277.wav,/content/drive/MyDrive/SeaAlert/data/audio_noisy/high/1277.wav
1278,/content/drive/MyDrive/SeaAlert/data/audio_clean/wav/1278.wav,/content/drive/MyDrive/SeaAlert/data/audio_noisy/low/1278.wav,/content/drive/MyDrive/SeaAlert/data/audio_noisy/med/1278.wav,/content/drive/MyDrive/SeaAlert/data/audio_noisy/high/1278.wav
1279,/content/drive/MyDrive/SeaAlert/data/audio_clean/wav/1279.wav,/content/drive/MyDrive/SeaAlert/data/audio_noisy/low/1279.wav,/content/drive/MyDrive/SeaAlert/data/audio_noisy/med/1279.wav,/content/drive/MyDrive/SeaAlert/data/audio_noisy/high/1279.wav
1280,/content/drive/MyDrive/SeaAlert/data/audio_clean/wav/1280.wav,/content/drive/MyDrive/SeaAlert/data/audio_noisy/low/1280.wav,/content/drive/MyDrive/SeaAlert/data/audio_noisy/med/1280.wav,/content/drive/MyDrive/SeaAlert/data/audio_noisy/high/1280.wav
1281,/content/drive/MyDrive/SeaAlert/data/audio_clean/wav/1281.wav,/content/drive/MyDrive/SeaAlert/data/audio_noisy/low/1281.wav,/content/drive/MyDrive/SeaAlert/data/audio_noisy/med/1281.wav,/content/drive/MyDrive/SeaAlert/data/audio_noisy/high/1281.wav
1282,/content/drive/MyDrive/SeaAlert/data/audio_clean/wav/1282.wav,/content/drive/MyDrive/SeaAlert/data/audio_noisy/low/1282.wav,/content/drive/MyDrive/SeaAlert/data/audio_noisy/med/1282.wav,/content/drive/MyDrive/SeaAlert/data/audio_noisy/high/1282.wav
1283,/content/drive/MyDrive/SeaAlert/data/audio_clean/wav/1283.wav,/content/drive/MyDrive/SeaAlert/data/audio_noisy/low/1283.wav,/content/drive/MyDrive/SeaAlert/data/audio_noisy/med/1283.wav,/content/drive/MyDrive/SeaAlert/data/audio_noisy/high/1283.wav
1284,/content/drive/MyDrive/SeaAlert/data/audio_clean/wav/1284.wav,/content/drive/MyDrive/SeaAlert/data/audio_noisy/low/1284.wav,/content/drive/MyDrive/SeaAlert/data/audio_noisy/med/1284.wav,/content/drive/MyDrive/SeaAlert/data/audio_noisy/high/1284.wav
1285,/content/drive/MyDrive/SeaAlert/data/audio_clean/wav/1285.wav,/content/drive/MyDrive/SeaAlert/data/audio_noisy/low/1285.wav,/content/drive/MyDrive/SeaAlert/data/audio_noisy/med/1285.wav,/content/drive/MyDrive/SeaAlert/data/audio_noisy/high/1285.wav
1286,/content/drive/MyDrive/SeaAlert/data/audio_clean/wav/1286.wav,/content/drive/MyDrive/SeaAlert/data/audio_noisy/low/1286.wav,/content/drive/MyDrive/SeaAlert/data/audio_noisy/med/1286.wav,/content/drive/MyDrive/SeaAlert/data/audio_noisy/high/1286.wav
1287,/content/drive/MyDrive/SeaAlert/data/audio_clean/wav/1287.wav,/content/drive/MyDrive/SeaAlert/data/audio_noisy/low/1287.wav,/content/drive/MyDrive/SeaAlert/data/audio_noisy/med/1287.wav,/content/drive/MyDrive/SeaAlert/data/audio_noisy/high/1287.wav
1288,/content/drive/MyDrive/SeaAlert/data/audio_clean/wav/1288.wav,/content/drive/MyDrive/SeaAlert/data/audio_noisy/low/1288.wav,/content/drive/MyDrive/SeaAlert/data/audio_noisy/med/1288.wav,/content/drive/MyDrive/SeaAlert/data/audio_noisy/high/1288.wav
1289,/content/drive/MyDrive/SeaAlert/data/audio_clean/wav/1289.wav,/content/drive/MyDrive/SeaAlert/data/audio_noisy/low/1289.wav,/content/drive/MyDrive/SeaAlert/data/audio_noisy/med/1289.wav,/content/drive/MyDrive/SeaAlert/data/audio_noisy/high/1289.wav
1290,/content/drive/MyDrive/SeaAlert/data/audio_clean/wav/1290.wav,/content/drive/MyDrive/SeaAlert/data/audio_noisy/low/1290.wav,/content/drive/MyDrive/SeaAlert/data/audio_noisy/med/1290.wav,/content/drive/MyDrive/SeaAlert/data/audio_noisy/high/1290.wav
1291,/content/drive/MyDrive/SeaAlert/data/audio_clean/wav/1291.wav,/content/drive/MyDrive/SeaAlert/data/audio_noisy/low/1291.wav,/content/drive/MyDrive/SeaAlert/data/audio_noisy/med/1291.wav,/content/drive/MyDrive/SeaAlert/data/audio_noisy/high/1291.wav
1292,/content/drive/MyDrive/SeaAlert/data/audio_clean/wav/1292.wav,/content/drive/MyDrive/SeaAlert/data/audio_noisy/low/1292.wav,/content/drive/MyDrive/SeaAlert/data/audio_noisy/med/1292.wav,/content/drive/MyDrive/SeaAlert/data/audio_noisy/high/1292.wav
1293,/content/drive/MyDrive/SeaAlert/data/audio_clean/wav/1293.wav,/content/drive/MyDrive/SeaAlert/data/audio_noisy/low/1293.wav,/content/drive/MyDrive/SeaAlert/data/audio_noisy/med/1293.wav,/content/drive/MyDrive/SeaAlert/data/audio_noisy/high/1293.wav
1294,/content/drive/MyDrive/SeaAlert/data/audio_clean/wav/1294.wav,/content/drive/MyDrive/SeaAlert/data/audio_noisy/low/1294.wav,/content/drive/MyDrive/SeaAlert/data/audio_noisy/med/1294.wav,/content/drive/MyDrive/SeaAlert/data/audio_noisy/high/1294.wav
1295,/content/drive/MyDrive/SeaAlert/data/audio_clean/wav/1295.wav,/content/drive/MyDrive/SeaAlert/data/audio_noisy/low/1295.wav,/content/drive/MyDrive/SeaAlert/data/audio_noisy/med/1295.wav,/content/drive/MyDrive/SeaAlert/data/audio_noisy/high/1295.wav
1296,/content/drive/MyDrive/SeaAlert/data/audio_clean/wav/1296.wav,/content/drive/MyDrive/SeaAlert/data/audio_noisy/low/1296.wav,/content/drive/MyDrive/SeaAlert/data/audio_noisy/med/1296.wav,/content/drive/MyDrive/SeaAlert/data/audio_noisy/high/1296.wav
1297,/content/drive/MyDrive/SeaAlert/data/audio_clean/wav/1297.wav,/content/drive/MyDrive/SeaAlert/data/audio_noisy/low/1297.wav,/content/drive/MyDrive/SeaAlert/data/audio_noisy/med/1297.wav,/content/drive/MyDrive/SeaAlert/data/audio_noisy/high/1297.wav
1298,/content/drive/MyDrive/SeaAlert/data/audio_clean/wav/1298.wav,/content/drive/MyDrive/SeaAlert/data/audio_noisy/low/1298.wav,/content/drive/MyDrive/SeaAlert/data/audio_noisy/med/1298.wav,/content/drive/MyDrive/SeaAlert/data/audio_noisy/high/1298.wav
1299,/content/drive/MyDrive/SeaAlert/data/audio_clean/wav/1299.wav,/content/drive/MyDrive/SeaAlert/data/audio_noisy/low/1299.wav,/content/drive/MyDrive/SeaAlert/data/audio_noisy/med/1299.wav,/content/drive/MyDrive/SeaAlert/data/audio_noisy/high/1299.wav
1300,/content/drive/MyDrive/SeaAlert/data/audio_clean/wav/1300.wav,/content/drive/MyDrive/SeaAlert/data/audio_noisy/low/1300.wav,/content/drive/MyDrive/SeaAlert/data/audio_noisy/med/1300.wav,/content/drive/MyDrive/SeaAlert/data/audio_noisy/high/1300.wav
1301,/content/drive/MyDrive/SeaAlert/data/audio_clean/wav/1301.wav,/content/drive/MyDrive/SeaAlert/data/audio_noisy/low/1301.wav,/content/drive/MyDrive/SeaAlert/data/audio_noisy/med/1301.wav,/content/drive/MyDrive/SeaAlert/data/audio_noisy/high/1301.wav
1302,/content/drive/MyDrive/SeaAlert/data/audio_clean/wav/1302.wav,/content/drive/MyDrive/SeaAlert/data/audio_noisy/low/1302.wav,/content/drive/MyDrive/SeaAlert/data/audio_noisy/med/1302.wav,/content/drive/MyDrive/SeaAlert/data/audio_noisy/high/1302.wav
1303,/content/drive/MyDrive/SeaAlert/data/audio_clean/wav/1303.wav,/content/drive/MyDrive/SeaAlert/data/audio_noisy/low/1303.wav,/content/drive/MyDrive/SeaAlert/data/audio_noisy/med/1303.wav,/content/drive/MyDrive/SeaAlert/data/audio_noisy/high/1303.wav
1304,/content/drive/MyDrive/SeaAlert/data/audio_clean/wav/1304.wav,/content/drive/MyDrive/SeaAlert/data/audio_noisy/low/1304.wav,/content/drive/MyDrive/SeaAlert/data/audio_noisy/med/1304.wav,/content/drive/MyDrive/SeaAlert/data/audio_noisy/high/1304.wav
1305,/content/drive/MyDrive/SeaAlert/data/audio_clean/wav/1305.wav,/content/drive/MyDrive/SeaAlert/data/audio_noisy/low/1305.wav,/content/drive/MyDrive/SeaAlert/data/audio_noisy/med/1305.wav,/content/drive/MyDrive/SeaAlert/data/audio_noisy/high/1305.wav
1306,/content/drive/MyDrive/SeaAlert/data/audio_clean/wav/1306.wav,/content/drive/MyDrive/SeaAlert/data/audio_noisy/low/1306.wav,/content/drive/MyDrive/SeaAlert/data/audio_noisy/med/1306.wav,/content/drive/MyDrive/SeaAlert/data/audio_noisy/high/1306.wav
1307,/content/drive/MyDrive/SeaAlert/data/audio_clean/wav/1307.wav,/content/drive/MyDrive/SeaAlert/data/audio_noisy/low/1307.wav,/content/drive/MyDrive/SeaAlert/data/audio_noisy/med/1307.wav,/content/drive/MyDrive/SeaAlert/data/audio_noisy/high/1307.wav
1308,/content/drive/MyDrive/SeaAlert/data/audio_clean/wav/1308.wav,/content/drive/MyDrive/SeaAlert/data/audio_noisy/low/1308.wav,/content/drive/MyDrive/SeaAlert/data/audio_noisy/med/1308.wav,/content/drive/MyDrive/SeaAlert/data/audio_noisy/high/1308.wav
1309,/content/drive/MyDrive/SeaAlert/data/audio_clean/wav/1309.wav,/content/drive/MyDrive/SeaAlert/data/audio_noisy/low/1309.wav,/content/drive/MyDrive/SeaAlert/data/audio_noisy/med/1309.wav,/content/drive/MyDrive/SeaAlert/data/audio_noisy/high/1309.wav
1310,/content/drive/MyDrive/SeaAlert/data/audio_clean/wav/1310.wav,/content/drive/MyDrive/SeaAlert/data/audio_noisy/low/1310.wav,/content/drive/MyDrive/SeaAlert/data/audio_noisy/med/1310.wav,/content/drive/MyDrive/SeaAlert/data/audio_noisy/high/1310.wav
1311,/content/drive/MyDrive/SeaAlert/data/audio_clean/wav/1311.wav,/content/drive/MyDrive/SeaAlert/data/audio_noisy/low/1311.wav,/content/drive/MyDrive/SeaAlert/data/audio_noisy/med/1311.wav,/content/drive/MyDrive/SeaAlert/data/audio_noisy/high/1311.wav
1312,/content/drive/MyDrive/SeaAlert/data/audio_clean/wav/1312.wav,/content/drive/MyDrive/SeaAlert/data/audio_noisy/low/1312.wav,/content/drive/MyDrive/SeaAlert/data/audio_noisy/med/1312.wav,/content/drive/MyDrive/SeaAlert/data/audio_noisy/high/1312.wav
1313,/content/drive/MyDrive/SeaAlert/data/audio_clean/wav/1313.wav,/content/drive/MyDrive/SeaAlert/data/audio_noisy/low/1313.wav,/content/drive/MyDrive/SeaAlert/data/audio_noisy/med/1313.wav,/content/drive/MyDrive/SeaAlert/data/audio_noisy/high/1313.wav
1314,/content/drive/MyDrive/SeaAlert/data/audio_clean/wav/1314.wav,/content/drive/MyDrive/SeaAlert/data/audio_noisy/low/1314.wav,/content/drive/MyDrive/SeaAlert/data/audio_noisy/med/1314.wav,/content/drive/MyDrive/SeaAlert/data/audio_noisy/high/1314.wav
1315,/content/drive/MyDrive/SeaAlert/data/audio_clean/wav/1315.wav,/content/drive/MyDrive/SeaAlert/data/audio_noisy/low/1315.wav,/content/drive/MyDrive/SeaAlert/data/audio_noisy/med/1315.wav,/content/drive/MyDrive/SeaAlert/data/audio_noisy/high/1315.wav
1316,/content/drive/MyDrive/SeaAlert/data/audio_clean/wav/1316.wav,/content/drive/MyDrive/SeaAlert/data/audio_noisy/low/1316.wav,/content/drive/MyDrive/SeaAlert/data/audio_noisy/med/1316.wav,/content/drive/MyDrive/SeaAlert/data/audio_noisy/high/1316.wav
1317,/content/drive/MyDrive/SeaAlert/data/audio_clean/wav/1317.wav,/content/drive/MyDrive/SeaAlert/data/audio_noisy/low/1317.wav,/content/drive/MyDrive/SeaAlert/data/audio_noisy/med/1317.wav,/content/drive/MyDrive/SeaAlert/data/audio_noisy/high/1317.wav
1318,/content/drive/MyDrive/SeaAlert/data/audio_clean/wav/1318.wav,/content/drive/MyDrive/SeaAlert/data/audio_noisy/low/1318.wav,/content/drive/MyDrive/SeaAlert/data/audio_noisy/med/1318.wav,/content/drive/MyDrive/SeaAlert/data/audio_noisy/high/1318.wav
1319,/content/drive/MyDrive/SeaAlert/data/audio_clean/wav/1319.wav,/content/drive/MyDrive/SeaAlert/data/audio_noisy/low/1319.wav,/content/drive/MyDrive/SeaAlert/data/audio_noisy/med/1319.wav,/content/drive/MyDrive/SeaAlert/data/audio_noisy/high/1319.wav
1320,/content/drive/MyDrive/SeaAlert/data/audio_clean/wav/1320.wav,/content/drive/MyDrive/SeaAlert/data/audio_noisy/low/1320.wav,/content/drive/MyDrive/SeaAlert/data/audio_noisy/med/1320.wav,/content/drive/MyDrive/SeaAlert/data/audio_noisy/high/1320.wav
1321,/content/drive/MyDrive/SeaAlert/data/audio_clean/wav/1321.wav,/content/drive/MyDrive/SeaAlert/data/audio_noisy/low/1321.wav,/content/drive/MyDrive/SeaAlert/data/audio_noisy/med/1321.wav,/content/drive/MyDrive/SeaAlert/data/audio_noisy/high/1321.wav
1322,/content/drive/MyDrive/SeaAlert/data/audio_clean/wav/1322.wav,/content/drive/MyDrive/SeaAlert/data/audio_noisy/low/1322.wav,/content/drive/MyDrive/SeaAlert/data/audio_noisy/med/1322.wav,/content/drive/MyDrive/SeaAlert/data/audio_noisy/high/1322.wav
1323,/content/drive/MyDrive/SeaAlert/data/audio_clean/wav/1323.wav,/content/drive/MyDrive/SeaAlert/data/audio_noisy/low/1323.wav,/content/drive/MyDrive/SeaAlert/data/audio_noisy/med/1323.wav,/content/drive/MyDrive/SeaAlert/data/audio_noisy/high/1323.wav
1324,/content/drive/MyDrive/SeaAlert/data/audio_clean/wav/1324.wav,/content/drive/MyDrive/SeaAlert/data/audio_noisy/low/1324.wav,/content/drive/MyDrive/SeaAlert/data/audio_noisy/med/1324.wav,/content/drive/MyDrive/SeaAlert/data/audio_noisy/high/1324.wav
1325,/content/drive/MyDrive/SeaAlert/data/audio_clean/wav/1325.wav,/content/drive/MyDrive/SeaAlert/data/audio_noisy/low/1325.wav,/content/drive/MyDrive/SeaAlert/data/audio_noisy/med/1325.wav,/content/drive/MyDrive/SeaAlert/data/audio_noisy/high/1325.wav
1326,/content/drive/MyDrive/SeaAlert/data/audio_clean/wav/1326.wav,/content/drive/MyDrive/SeaAlert/data/audio_noisy/low/1326.wav,/content/drive/MyDrive/SeaAlert/data/audio_noisy/med/1326.wav,/content/drive/MyDrive/SeaAlert/data/audio_noisy/high/1326.wav
1327,/content/drive/MyDrive/SeaAlert/data/audio_clean/wav/1327.wav,/content/drive/MyDrive/SeaAlert/data/audio_noisy/low/1327.wav,/content/drive/MyDrive/SeaAlert/data/audio_noisy/med/1327.wav,/content/drive/MyDrive/SeaAlert/data/audio_noisy/high/1327.wav
1328,/content/drive/MyDrive/SeaAlert/data/audio_clean/wav/1328.wav,/content/drive/MyDrive/SeaAlert/data/audio_noisy/low/1328.wav,/content/drive/MyDrive/SeaAlert/data/audio_noisy/med/1328.wav,/content/drive/MyDrive/SeaAlert/data/audio_noisy/high/1328.wav
1329,/content/drive/MyDrive/SeaAlert/data/audio_clean/wav/1329.wav,/content/drive/MyDrive/SeaAlert/data/audio_noisy/low/1329.wav,/content/drive/MyDrive/SeaAlert/data/audio_noisy/med/1329.wav,/content/drive/MyDrive/SeaAlert/data/audio_noisy/high/1329.wav
1330,/content/drive/MyDrive/SeaAlert/data/audio_clean/wav/1330.wav,/content/drive/MyDrive/SeaAlert/data/audio_noisy/low/1330.wav,/content/drive/MyDrive/SeaAlert/data/audio_noisy/med/1330.wav,/content/drive/MyDrive/SeaAlert/data/audio_noisy/high/1330.wav
1331,/content/drive/MyDrive/SeaAlert/data/audio_clean/wav/1331.wav,/content/drive/MyDrive/SeaAlert/data/audio_noisy/low/1331.wav,/content/drive/MyDrive/SeaAlert/data/audio_noisy/med/1331.wav,/content/drive/MyDrive/SeaAlert/data/audio_noisy/high/1331.wav
1332,/content/drive/MyDrive/SeaAlert/data/audio_clean/wav/1332.wav,/content/drive/MyDrive/SeaAlert/data/audio_noisy/low/1332.wav,/content/drive/MyDrive/SeaAlert/data/audio_noisy/med/1332.wav,/content/drive/MyDrive/SeaAlert/data/audio_noisy/high/1332.wav
1333,/content/drive/MyDrive/SeaAlert/data/audio_clean/wav/1333.wav,/content/drive/MyDrive/SeaAlert/data/audio_noisy/low/1333.wav,/content/drive/MyDrive/SeaAlert/data/audio_noisy/med/1333.wav,/content/drive/MyDrive/SeaAlert/data/audio_noisy/high/1333.wav
1334,/content/drive/MyDrive/SeaAlert/data/audio_clean/wav/1334.wav,/content/drive/MyDrive/SeaAlert/data/audio_noisy/low/1334.wav,/content/drive/MyDrive/SeaAlert/data/audio_noisy/med/1334.wav,/content/drive/MyDrive/SeaAlert/data/audio_noisy/high/1334.wav
1335,/content/drive/MyDrive/SeaAlert/data/audio_clean/wav/1335.wav,/content/drive/MyDrive/SeaAlert/data/audio_noisy/low/1335.wav,/content/drive/MyDrive/SeaAlert/data/audio_noisy/med/1335.wav,/content/drive/MyDrive/SeaAlert/data/audio_noisy/high/1335.wav
1336,/content/drive/MyDrive/SeaAlert/data/audio_clean/wav/1336.wav,/content/drive/MyDrive/SeaAlert/data/audio_noisy/low/1336.wav,/content/drive/MyDrive/SeaAlert/data/audio_noisy/med/1336.wav,/content/drive/MyDrive/SeaAlert/data/audio_noisy/high/1336.wav
1337,/content/drive/MyDrive/SeaAlert/data/audio_clean/wav/1337.wav,/content/drive/MyDrive/SeaAlert/data/audio_noisy/low/1337.wav,/content/drive/MyDrive/SeaAlert/data/audio_noisy/med/1337.wav,/content/drive/MyDrive/SeaAlert/data/audio_noisy/high/1337.wav
1338,/content/drive/MyDrive/SeaAlert/data/audio_clean/wav/1338.wav,/content/drive/MyDrive/SeaAlert/data/audio_noisy/low/1338.wav,/content/drive/MyDrive/SeaAlert/data/audio_noisy/med/1338.wav,/content/drive/MyDrive/SeaAlert/data/audio_noisy/high/1338.wav
1339,/content/drive/MyDrive/SeaAlert/data/audio_clean/wav/1339.wav,/content/drive/MyDrive/SeaAlert/data/audio_noisy/low/1339.wav,/content/drive/MyDrive/SeaAlert/data/audio_noisy/med/1339.wav,/content/drive/MyDrive/SeaAlert/data/audio_noisy/high/1339.wav
1340,/content/drive/MyDrive/SeaAlert/data/audio_clean/wav/1340.wav,/content/drive/MyDrive/SeaAlert/data/audio_noisy/low/1340.wav,/content/drive/MyDrive/SeaAlert/data/audio_noisy/med/1340.wav,/content/drive/MyDrive/SeaAlert/data/audio_noisy/high/1340.wav
1341,/content/drive/MyDrive/SeaAlert/data/audio_clean/wav/1341.wav,/content/drive/MyDrive/SeaAlert/data/audio_noisy/low/1341.wav,/content/drive/MyDrive/SeaAlert/data/audio_noisy/med/1341.wav,/content/drive/MyDrive/SeaAlert/data/audio_noisy/high/1341.wav
1342,/content/drive/MyDrive/SeaAlert/data/audio_clean/wav/1342.wav,/content/drive/MyDrive/SeaAlert/data/audio_noisy/low/1342.wav,/content/drive/MyDrive/SeaAlert/data/audio_noisy/med/1342.wav,/content/drive/MyDrive/SeaAlert/data/audio_noisy/high/1342.wav
1343,/content/drive/MyDrive/SeaAlert/data/audio_clean/wav/1343.wav,/content/drive/MyDrive/SeaAlert/data/audio_noisy/low/1343.wav,/content/drive/MyDrive/SeaAlert/data/audio_noisy/med/1343.wav,/content/drive/MyDrive/SeaAlert/data/audio_noisy/high/1343.wav
1344,/content/drive/MyDrive/SeaAlert/data/audio_clean/wav/1344.wav,/content/drive/MyDrive/SeaAlert/data/audio_noisy/low/1344.wav,/content/drive/MyDrive/SeaAlert/data/audio_noisy/med/1344.wav,/content/drive/MyDrive/SeaAlert/data/audio_noisy/high/1344.wav
1345,/content/drive/MyDrive/SeaAlert/data/audio_clean/wav/1345.wav,/content/drive/MyDrive/SeaAlert/data/audio_noisy/low/1345.wav,/content/drive/MyDrive/SeaAlert/data/audio_noisy/med/1345.wav,/content/drive/MyDrive/SeaAlert/data/audio_noisy/high/1345.wav
1346,/content/drive/MyDrive/SeaAlert/data/audio_clean/wav/1346.wav,/content/drive/MyDrive/SeaAlert/data/audio_noisy/low/1346.wav,/content/drive/MyDrive/SeaAlert/data/audio_noisy/med/1346.wav,/content/drive/MyDrive/SeaAlert/data/audio_noisy/high/1346.wav
1347,/content/drive/MyDrive/SeaAlert/data/audio_clean/wav/1347.wav,/content/drive/MyDrive/SeaAlert/data/audio_noisy/low/1347.wav,/content/drive/MyDrive/SeaAlert/data/audio_noisy/med/1347.wav,/content/drive/MyDrive/SeaAlert/data/audio_noisy/high/1347.wav
1348,/content/drive/MyDrive/SeaAlert/data/audio_clean/wav/1348.wav,/content/drive/MyDrive/SeaAlert/data/audio_noisy/low/1348.wav,/content/drive/MyDrive/SeaAlert/data/audio_noisy/med/1348.wav,/content/drive/MyDrive/SeaAlert/data/audio_noisy/high/1348.wav
1349,/content/drive/MyDrive/SeaAlert/data/audio_clean/wav/1349.wav,/content/drive/MyDrive/SeaAlert/data/audio_noisy/low/1349.wav,/content/drive/MyDrive/SeaAlert/data/audio_noisy/med/1349.wav,/content/drive/MyDrive/SeaAlert/data/audio_noisy/high/1349.wav
1350,/content/drive/MyDrive/SeaAlert/data/audio_clean/wav/1350.wav,/content/drive/MyDrive/SeaAlert/data/audio_noisy/low/1350.wav,/content/drive/MyDrive/SeaAlert/data/audio_noisy/med/1350.wav,/content/drive/MyDrive/SeaAlert/data/audio_noisy/high/1350.wav
1351,/content/drive/MyDrive/SeaAlert/data/audio_clean/wav/1351.wav,/content/drive/MyDrive/SeaAlert/data/audio_noisy/low/1351.wav,/content/drive/MyDrive/SeaAlert/data/audio_noisy/med/1351.wav,/content/drive/MyDrive/SeaAlert/data/audio_noisy/high/1351.wav
1352,/content/drive/MyDrive/SeaAlert/data/audio_clean/wav/1352.wav,/content/drive/MyDrive/SeaAlert/data/audio_noisy/low/1352.wav,/content/drive/MyDrive/SeaAlert/data/audio_noisy/med/1352.wav,/content/drive/MyDrive/SeaAlert/data/audio_noisy/high/1352.wav
1353,/content/drive/MyDrive/SeaAlert/data/audio_clean/wav/1353.wav,/content/drive/MyDrive/SeaAlert/data/audio_noisy/low/1353.wav,/content/drive/MyDrive/SeaAlert/data/audio_noisy/med/1353.wav,/content/drive/MyDrive/SeaAlert/data/audio_noisy/high/1353.wav
1354,/content/drive/MyDrive/SeaAlert/data/audio_clean/wav/1354.wav,/content/drive/MyDrive/SeaAlert/data/audio_noisy/low/1354.wav,/content/drive/MyDrive/SeaAlert/data/audio_noisy/med/1354.wav,/content/drive/MyDrive/SeaAlert/data/audio_noisy/high/1354.wav
1355,/content/drive/MyDrive/SeaAlert/data/audio_clean/wav/1355.wav,/content/drive/MyDrive/SeaAlert/data/audio_noisy/low/1355.wav,/content/drive/MyDrive/SeaAlert/data/audio_noisy/med/1355.wav,/content/drive/MyDrive/SeaAlert/data/audio_noisy/high/1355.wav
1356,/content/drive/MyDrive/SeaAlert/data/audio_clean/wav/1356.wav,/content/drive/MyDrive/SeaAlert/data/audio_noisy/low/1356.wav,/content/drive/MyDrive/SeaAlert/data/audio_noisy/med/1356.wav,/content/drive/MyDrive/SeaAlert/data/audio_noisy/high/1356.wav
1357,/content/drive/MyDrive/SeaAlert/data/audio_clean/wav/1357.wav,/content/drive/MyDrive/SeaAlert/data/audio_noisy/low/1357.wav,/content/drive/MyDrive/SeaAlert/data/audio_noisy/med/1357.wav,/content/drive/MyDrive/SeaAlert/data/audio_noisy/high/1357.wav
1358,/content/drive/MyDrive/SeaAlert/data/audio_clean/wav/1358.wav,/content/drive/MyDrive/SeaAlert/data/audio_noisy/low/1358.wav,/content/drive/MyDrive/SeaAlert/data/audio_noisy/med/1358.wav,/content/drive/MyDrive/SeaAlert/data/audio_noisy/high/1358.wav
1359,/content/drive/MyDrive/SeaAlert/data/audio_clean/wav/1359.wav,/content/drive/MyDrive/SeaAlert/data/audio_noisy/low/1359.wav,/content/drive/MyDrive/SeaAlert/data/audio_noisy/med/1359.wav,/content/drive/MyDrive/SeaAlert/data/audio_noisy/high/1359.wav
1360,/content/drive/MyDrive/SeaAlert/data/audio_clean/wav/1360.wav,/content/drive/MyDrive/SeaAlert/data/audio_noisy/low/1360.wav,/content/drive/MyDrive/SeaAlert/data/audio_noisy/med/1360.wav,/content/drive/MyDrive/SeaAlert/data/audio_noisy/high/1360.wav
1361,/content/drive/MyDrive/SeaAlert/data/audio_clean/wav/1361.wav,/content/drive/MyDrive/SeaAlert/data/audio_noisy/low/1361.wav,/content/drive/MyDrive/SeaAlert/data/audio_noisy/med/1361.wav,/content/drive/MyDrive/SeaAlert/data/audio_noisy/high/1361.wav
1362,/content/drive/MyDrive/SeaAlert/data/audio_clean/wav/1362.wav,/content/drive/MyDrive/SeaAlert/data/audio_noisy/low/1362.wav,/content/drive/MyDrive/SeaAlert/data/audio_noisy/med/1362.wav,/content/drive/MyDrive/SeaAlert/data/audio_noisy/high/1362.wav
1363,/content/drive/MyDrive/SeaAlert/data/audio_clean/wav/1363.wav,/content/drive/MyDrive/SeaAlert/data/audio_noisy/low/1363.wav,/content/drive/MyDrive/SeaAlert/data/audio_noisy/med/1363.wav,/content/drive/MyDrive/SeaAlert/data/audio_noisy/high/1363.wav
1364,/content/drive/MyDrive/SeaAlert/data/audio_clean/wav/1364.wav,/content/drive/MyDrive/SeaAlert/data/audio_noisy/low/1364.wav,/content/drive/MyDrive/SeaAlert/data/audio_noisy/med/1364.wav,/content/drive/MyDrive/SeaAlert/data/audio_noisy/high/1364.wav
1365,/content/drive/MyDrive/SeaAlert/data/audio_clean/wav/1365.wav,/content/drive/MyDrive/SeaAlert/data/audio_noisy/low/1365.wav,/content/drive/MyDrive/SeaAlert/data/audio_noisy/med/1365.wav,/content/drive/MyDrive/SeaAlert/data/audio_noisy/high/1365.wav
1366,/content/drive/MyDrive/SeaAlert/data/audio_clean/wav/1366.wav,/content/drive/MyDrive/SeaAlert/data/audio_noisy/low/1366.wav,/content/drive/MyDrive/SeaAlert/data/audio_noisy/med/1366.wav,/content/drive/MyDrive/SeaAlert/data/audio_noisy/high/1366.wav
1367,/content/drive/MyDrive/SeaAlert/data/audio_clean/wav/1367.wav,/content/drive/MyDrive/SeaAlert/data/audio_noisy/low/1367.wav,/content/drive/MyDrive/SeaAlert/data/audio_noisy/med/1367.wav,/content/drive/MyDrive/SeaAlert/data/audio_noisy/high/1367.wav
1368,/content/drive/MyDrive/SeaAlert/data/audio_clean/wav/1368.wav,/content/drive/MyDrive/SeaAlert/data/audio_noisy/low/1368.wav,/content/drive/MyDrive/SeaAlert/data/audio_noisy/med/1368.wav,/content/drive/MyDrive/SeaAlert/data/audio_noisy/high/1368.wav
1369,/content/drive/MyDrive/SeaAlert/data/audio_clean/wav/1369.wav,/content/drive/MyDrive/SeaAlert/data/audio_noisy/low/1369.wav,/content/drive/MyDrive/SeaAlert/data/audio_noisy/med/1369.wav,/content/drive/MyDrive/SeaAlert/data/audio_noisy/high/1369.wav
1370,/content/drive/MyDrive/SeaAlert/data/audio_clean/wav/1370.wav,/content/drive/MyDrive/SeaAlert/data/audio_noisy/low/1370.wav,/content/drive/MyDrive/SeaAlert/data/audio_noisy/med/1370.wav,/content/drive/MyDrive/SeaAlert/data/audio_noisy/high/1370.wav
1371,/content/drive/MyDrive/SeaAlert/data/audio_clean/wav/1371.wav,/content/drive/MyDrive/SeaAlert/data/audio_noisy/low/1371.wav,/content/drive/MyDrive/SeaAlert/data/audio_noisy/med/1371.wav,/content/drive/MyDrive/SeaAlert/data/audio_noisy/high/1371.wav
1372,/content/drive/MyDrive/SeaAlert/data/audio_clean/wav/1372.wav,/content/drive/MyDrive/SeaAlert/data/audio_noisy/low/1372.wav,/content/drive/MyDrive/SeaAlert/data/audio_noisy/med/1372.wav,/content/drive/MyDrive/SeaAlert/data/audio_noisy/high/1372.wav
1373,/content/drive/MyDrive/SeaAlert/data/audio_clean/wav/1373.wav,/content/drive/MyDrive/SeaAlert/data/audio_noisy/low/1373.wav,/content/drive/MyDrive/SeaAlert/data/audio_noisy/med/1373.wav,/content/drive/MyDrive/SeaAlert/data/audio_noisy/high/1373.wav
1374,/content/drive/MyDrive/SeaAlert/data/audio_clean/wav/1374.wav,/content/drive/MyDrive/SeaAlert/data/audio_noisy/low/1374.wav,/content/drive/MyDrive/SeaAlert/data/audio_noisy/med/1374.wav,/content/drive/MyDrive/SeaAlert/data/audio_noisy/high/1374.wav
1375,/content/drive/MyDrive/SeaAlert/data/audio_clean/wav/1375.wav,/content/drive/MyDrive/SeaAlert/data/audio_noisy/low/1375.wav,/content/drive/MyDrive/SeaAlert/data/audio_noisy/med/1375.wav,/content/drive/MyDrive/SeaAlert/data/audio_noisy/high/1375.wav
1376,/content/drive/MyDrive/SeaAlert/data/audio_clean/wav/1376.wav,/content/drive/MyDrive/SeaAlert/data/audio_noisy/low/1376.wav,/content/drive/MyDrive/SeaAlert/data/audio_noisy/med/1376.wav,/content/drive/MyDrive/SeaAlert/data/audio_noisy/high/1376.wav
1377,/content/drive/MyDrive/SeaAlert/data/audio_clean/wav/1377.wav,/content/drive/MyDrive/SeaAlert/data/audio_noisy/low/1377.wav,/content/drive/MyDrive/SeaAlert/data/audio_noisy/med/1377.wav,/content/drive/MyDrive/SeaAlert/data/audio_noisy/high/1377.wav
1378,/content/drive/MyDrive/SeaAlert/data/audio_clean/wav/1378.wav,/content/drive/MyDrive/SeaAlert/data/audio_noisy/low/1378.wav,/content/drive/MyDrive/SeaAlert/data/audio_noisy/med/1378.wav,/content/drive/MyDrive/SeaAlert/data/audio_noisy/high/1378.wav
1379,/content/drive/MyDrive/SeaAlert/data/audio_clean/wav/1379.wav,/content/drive/MyDrive/SeaAlert/data/audio_noisy/low/1379.wav,/content/drive/MyDrive/SeaAlert/data/audio_noisy/med/1379.wav,/content/drive/MyDrive/SeaAlert/data/audio_noisy/high/1379.wav
1380,/content/drive/MyDrive/SeaAlert/data/audio_clean/wav/1380.wav,/content/drive/MyDrive/SeaAlert/data/audio_noisy/low/1380.wav,/content/drive/MyDrive/SeaAlert/data/audio_noisy/med/1380.wav,/content/drive/MyDrive/SeaAlert/data/audio_noisy/high/1380.wav
1381,/content/drive/MyDrive/SeaAlert/data/audio_clean/wav/1381.wav,/content/drive/MyDrive/SeaAlert/data/audio_noisy/low/1381.wav,/content/drive/MyDrive/SeaAlert/data/audio_noisy/med/1381.wav,/content/drive/MyDrive/SeaAlert/data/audio_noisy/high/1381.wav
1382,/content/drive/MyDrive/SeaAlert/data/audio_clean/wav/1382.wav,/content/drive/MyDrive/SeaAlert/data/audio_noisy/low/1382.wav,/content/drive/MyDrive/SeaAlert/data/audio_noisy/med/1382.wav,/content/drive/MyDrive/SeaAlert/data/audio_noisy/high/1382.wav
1383,/content/drive/MyDrive/SeaAlert/data/audio_clean/wav/1383.wav,/content/drive/MyDrive/SeaAlert/data/audio_noisy/low/1383.wav,/content/drive/MyDrive/SeaAlert/data/audio_noisy/med/1383.wav,/content/drive/MyDrive/SeaAlert/data/audio_noisy/high/1383.wav
1384,/content/drive/MyDrive/SeaAlert/data/audio_clean/wav/1384.wav,/content/drive/MyDrive/SeaAlert/data/audio_noisy/low/1384.wav,/content/drive/MyDrive/SeaAlert/data/audio_noisy/med/1384.wav,/content/drive/MyDrive/SeaAlert/data/audio_noisy/high/1384.wav
1385,/content/drive/MyDrive/SeaAlert/data/audio_clean/wav/1385.wav,/content/drive/MyDrive/SeaAlert/data/audio_noisy/low/1385.wav,/content/drive/MyDrive/SeaAlert/data/audio_noisy/med/1385.wav,/content/drive/MyDrive/SeaAlert/data/audio_noisy/high/1385.wav
1386,/content/drive/MyDrive/SeaAlert/data/audio_clean/wav/1386.wav,/content/drive/MyDrive/SeaAlert/data/audio_noisy/low/1386.wav,/content/drive/MyDrive/SeaAlert/data/audio_noisy/med/1386.wav,/content/drive/MyDrive/SeaAlert/data/audio_noisy/high/1386.wav
1387,/content/drive/MyDrive/SeaAlert/data/audio_clean/wav/1387.wav,/content/drive/MyDrive/SeaAlert/data/audio_noisy/low/1387.wav,/content/drive/MyDrive/SeaAlert/data/audio_noisy/med/1387.wav,/content/drive/MyDrive/SeaAlert/data/audio_noisy/high/1387.wav
1388,/content/drive/MyDrive/SeaAlert/data/audio_clean/wav/1388.wav,/content/drive/MyDrive/SeaAlert/data/audio_noisy/low/1388.wav,/content/drive/MyDrive/SeaAlert/data/audio_noisy/med/1388.wav,/content/drive/MyDrive/SeaAlert/data/audio_noisy/high/1388.wav
1389,/content/drive/MyDrive/SeaAlert/data/audio_clean/wav/1389.wav,/content/drive/MyDrive/SeaAlert/data/audio_noisy/low/1389.wav,/content/drive/MyDrive/SeaAlert/data/audio_noisy/med/1389.wav,/content/drive/MyDrive/SeaAlert/data/audio_noisy/high/1389.wav
1390,/content/drive/MyDrive/SeaAlert/data/audio_clean/wav/1390.wav,/content/drive/MyDrive/SeaAlert/data/audio_noisy/low/1390.wav,/content/drive/MyDrive/SeaAlert/data/audio_noisy/med/1390.wav,/content/drive/MyDrive/SeaAlert/data/audio_noisy/high/1390.wav
1391,/content/drive/MyDrive/SeaAlert/data/audio_clean/wav/1391.wav,/content/drive/MyDrive/SeaAlert/data/audio_noisy/low/1391.wav,/content/drive/MyDrive/SeaAlert/data/audio_noisy/med/1391.wav,/content/drive/MyDrive/SeaAlert/data/audio_noisy/high/1391.wav
1392,/content/drive/MyDrive/SeaAlert/data/audio_clean/wav/1392.wav,/content/drive/MyDrive/SeaAlert/data/audio_noisy/low/1392.wav,/content/drive/MyDrive/SeaAlert/data/audio_noisy/med/1392.wav,/content/drive/MyDrive/SeaAlert/data/audio_noisy/high/1392.wav
1393,/content/drive/MyDrive/SeaAlert/data/audio_clean/wav/1393.wav,/content/drive/MyDrive/SeaAlert/data/audio_noisy/low/1393.wav,/content/drive/MyDrive/SeaAlert/data/audio_noisy/med/1393.wav,/content/drive/MyDrive/SeaAlert/data/audio_noisy/high/1393.wav
1394,/content/drive/MyDrive/SeaAlert/data/audio_clean/wav/1394.wav,/content/drive/MyDrive/SeaAlert/data/audio_noisy/low/1394.wav,/content/drive/MyDrive/SeaAlert/data/audio_noisy/med/1394.wav,/content/drive/MyDrive/SeaAlert/data/audio_noisy/high/1394.wav
1395,/content/drive/MyDrive/SeaAlert/data/audio_clean/wav/1395.wav,/content/drive/MyDrive/SeaAlert/data/audio_noisy/low/1395.wav,/content/drive/MyDrive/SeaAlert/data/audio_noisy/med/1395.wav,/content/drive/MyDrive/SeaAlert/data/audio_noisy/high/1395.wav
1396,/content/drive/MyDrive/SeaAlert/data/audio_clean/wav/1396.wav,/content/drive/MyDrive/SeaAlert/data/audio_noisy/low/1396.wav,/content/drive/MyDrive/SeaAlert/data/audio_noisy/med/1396.wav,/content/drive/MyDrive/SeaAlert/data/audio_noisy/high/1396.wav
1397,/content/drive/MyDrive/SeaAlert/data/audio_clean/wav/1397.wav,/content/drive/MyDrive/SeaAlert/data/audio_noisy/low/1397.wav,/content/drive/MyDrive/SeaAlert/data/audio_noisy/med/1397.wav,/content/drive/MyDrive/SeaAlert/data/audio_noisy/high/1397.wav
1398,/content/drive/MyDrive/SeaAlert/data/audio_clean/wav/1398.wav,/content/drive/MyDrive/SeaAlert/data/audio_noisy/low/1398.wav,/content/drive/MyDrive/SeaAlert/data/audio_noisy/med/1398.wav,/content/drive/MyDrive/SeaAlert/data/audio_noisy/high/1398.wav
1399,/content/drive/MyDrive/SeaAlert/data/audio_clean/wav/1399.wav,/content/drive/MyDrive/SeaAlert/data/audio_noisy/low/1399.wav,/content/drive/MyDrive/SeaAlert/data/audio_noisy/med/1399.wav,/content/drive/MyDrive/SeaAlert/data/audio_noisy/high/1399.wav
1400,/content/drive/MyDrive/SeaAlert/data/audio_clean/wav/1400.wav,/content/drive/MyDrive/SeaAlert/data/audio_noisy/low/1400.wav,/content/drive/MyDrive/SeaAlert/data/audio_noisy/med/1400.wav,/content/drive/MyDrive/SeaAlert/data/audio_noisy/high/1400.wav
1401,/content/drive/MyDrive/SeaAlert/data/audio_clean/wav/1401.wav,/content/drive/MyDrive/SeaAlert/data/audio_noisy/low/1401.wav,/content/drive/MyDrive/SeaAlert/data/audio_noisy/med/1401.wav,/content/drive/MyDrive/SeaAlert/data/audio_noisy/high/1401.wav
1402,/content/drive/MyDrive/SeaAlert/data/audio_clean/wav/1402.wav,/content/drive/MyDrive/SeaAlert/data/audio_noisy/low/1402.wav,/content/drive/MyDrive/SeaAlert/data/audio_noisy/med/1402.wav,/content/drive/MyDrive/SeaAlert/data/audio_noisy/high/1402.wav
1403,/content/drive/MyDrive/SeaAlert/data/audio_clean/wav/1403.wav,/content/drive/MyDrive/SeaAlert/data/audio_noisy/low/1403.wav,/content/drive/MyDrive/SeaAlert/data/audio_noisy/med/1403.wav,/content/drive/MyDrive/SeaAlert/data/audio_noisy/high/1403.wav
1404,/content/drive/MyDrive/SeaAlert/data/audio_clean/wav/1404.wav,/content/drive/MyDrive/SeaAlert/data/audio_noisy/low/1404.wav,/content/drive/MyDrive/SeaAlert/data/audio_noisy/med/1404.wav,/content/drive/MyDrive/SeaAlert/data/audio_noisy/high/1404.wav
1405,/content/drive/MyDrive/SeaAlert/data/audio_clean/wav/1405.wav,/content/drive/MyDrive/SeaAlert/data/audio_noisy/low/1405.wav,/content/drive/MyDrive/SeaAlert/data/audio_noisy/med/1405.wav,/content/drive/MyDrive/SeaAlert/data/audio_noisy/high/1405.wav
1406,/content/drive/MyDrive/SeaAlert/data/audio_clean/wav/1406.wav,/content/drive/MyDrive/SeaAlert/data/audio_noisy/low/1406.wav,/content/drive/MyDrive/SeaAlert/data/audio_noisy/med/1406.wav,/content/drive/MyDrive/SeaAlert/data/audio_noisy/high/1406.wav
1407,/content/drive/MyDrive/SeaAlert/data/audio_clean/wav/1407.wav,/content/drive/MyDrive/SeaAlert/data/audio_noisy/low/1407.wav,/content/drive/MyDrive/SeaAlert/data/audio_noisy/med/1407.wav,/content/drive/MyDrive/SeaAlert/data/audio_noisy/high/1407.wav
1408,/content/drive/MyDrive/SeaAlert/data/audio_clean/wav/1408.wav,/content/drive/MyDrive/SeaAlert/data/audio_noisy/low/1408.wav,/content/drive/MyDrive/SeaAlert/data/audio_noisy/med/1408.wav,/content/drive/MyDrive/SeaAlert/data/audio_noisy/high/1408.wav
1409,/content/drive/MyDrive/SeaAlert/data/audio_clean/wav/1409.wav,/content/drive/MyDrive/SeaAlert/data/audio_noisy/low/1409.wav,/content/drive/MyDrive/SeaAlert/data/audio_noisy/med/1409.wav,/content/drive/MyDrive/SeaAlert/data/audio_noisy/high/1409.wav
1410,/content/drive/MyDrive/SeaAlert/data/audio_clean/wav/1410.wav,/content/drive/MyDrive/SeaAlert/data/audio_noisy/low/1410.wav,/content/drive/MyDrive/SeaAlert/data/audio_noisy/med/1410.wav,/content/drive/MyDrive/SeaAlert/data/audio_noisy/high/1410.wav
1411,/content/drive/MyDrive/SeaAlert/data/audio_clean/wav/1411.wav,/content/drive/MyDrive/SeaAlert/data/audio_noisy/low/1411.wav,/content/drive/MyDrive/SeaAlert/data/audio_noisy/med/1411.wav,/content/drive/MyDrive/SeaAlert/data/audio_noisy/high/1411.wav
1412,/content/drive/MyDrive/SeaAlert/data/audio_clean/wav/1412.wav,/content/drive/MyDrive/SeaAlert/data/audio_noisy/low/1412.wav,/content/drive/MyDrive/SeaAlert/data/audio_noisy/med/1412.wav,/content/drive/MyDrive/SeaAlert/data/audio_noisy/high/1412.wav
1413,/content/drive/MyDrive/SeaAlert/data/audio_clean/wav/1413.wav,/content/drive/MyDrive/SeaAlert/data/audio_noisy/low/1413.wav,/content/drive/MyDrive/SeaAlert/data/audio_noisy/med/1413.wav,/content/drive/MyDrive/SeaAlert/data/audio_noisy/high/1413.wav
1414,/content/drive/MyDrive/SeaAlert/data/audio_clean/wav/1414.wav,/content/drive/MyDrive/SeaAlert/data/audio_noisy/low/1414.wav,/content/drive/MyDrive/SeaAlert/data/audio_noisy/med/1414.wav,/content/drive/MyDrive/SeaAlert/data/audio_noisy/high/1414.wav
1415,/content/drive/MyDrive/SeaAlert/data/audio_clean/wav/1415.wav,/content/drive/MyDrive/SeaAlert/data/audio_noisy/low/1415.wav,/content/drive/MyDrive/SeaAlert/data/audio_noisy/med/1415.wav,/content/drive/MyDrive/SeaAlert/data/audio_noisy/high/1415.wav
1416,/content/drive/MyDrive/SeaAlert/data/audio_clean/wav/1416.wav,/content/drive/MyDrive/SeaAlert/data/audio_noisy/low/1416.wav,/content/drive/MyDrive/SeaAlert/data/audio_noisy/med/1416.wav,/content/drive/MyDrive/SeaAlert/data/audio_noisy/high/1416.wav
1417,/content/drive/MyDrive/SeaAlert/data/audio_clean/wav/1417.wav,/content/drive/MyDrive/SeaAlert/data/audio_noisy/low/1417.wav,/content/drive/MyDrive/SeaAlert/data/audio_noisy/med/1417.wav,/content/drive/MyDrive/SeaAlert/data/audio_noisy/high/1417.wav
1418,/content/drive/MyDrive/SeaAlert/data/audio_clean/wav/1418.wav,/content/drive/MyDrive/SeaAlert/data/audio_noisy/low/1418.wav,/content/drive/MyDrive/SeaAlert/data/audio_noisy/med/1418.wav,/content/drive/MyDrive/SeaAlert/data/audio_noisy/high/1418.wav
1419,/content/drive/MyDrive/SeaAlert/data/audio_clean/wav/1419.wav,/content/drive/MyDrive/SeaAlert/data/audio_noisy/low/1419.wav,/content/drive/MyDrive/SeaAlert/data/audio_noisy/med/1419.wav,/content/drive/MyDrive/SeaAlert/data/audio_noisy/high/1419.wav
1420,/content/drive/MyDrive/SeaAlert/data/audio_clean/wav/1420.wav,/content/drive/MyDrive/SeaAlert/data/audio_noisy/low/1420.wav,/content/drive/MyDrive/SeaAlert/data/audio_noisy/med/1420.wav,/content/drive/MyDrive/SeaAlert/data/audio_noisy/high/1420.wav
1421,/content/drive/MyDrive/SeaAlert/data/audio_clean/wav/1421.wav,/content/drive/MyDrive/SeaAlert/data/audio_noisy/low/1421.wav,/content/drive/MyDrive/SeaAlert/data/audio_noisy/med/1421.wav,/content/drive/MyDrive/SeaAlert/data/audio_noisy/high/1421.wav
1422,/content/drive/MyDrive/SeaAlert/data/audio_clean/wav/1422.wav,/content/drive/MyDrive/SeaAlert/data/audio_noisy/low/1422.wav,/content/drive/MyDrive/SeaAlert/data/audio_noisy/med/1422.wav,/content/drive/MyDrive/SeaAlert/data/audio_noisy/high/1422.wav
1423,/content/drive/MyDrive/SeaAlert/data/audio_clean/wav/1423.wav,/content/drive/MyDrive/SeaAlert/data/audio_noisy/low/1423.wav,/content/drive/MyDrive/SeaAlert/data/audio_noisy/med/1423.wav,/content/drive/MyDrive/SeaAlert/data/audio_noisy/high/1423.wav
1424,/content/drive/MyDrive/SeaAlert/data/audio_clean/wav/1424.wav,/content/drive/MyDrive/SeaAlert/data/audio_noisy/low/1424.wav,/content/drive/MyDrive/SeaAlert/data/audio_noisy/med/1424.wav,/content/drive/MyDrive/SeaAlert/data/audio_noisy/high/1424.wav
1425,/content/drive/MyDrive/SeaAlert/data/audio_clean/wav/1425.wav,/content/drive/MyDrive/SeaAlert/data/audio_noisy/low/1425.wav,/content/drive/MyDrive/SeaAlert/data/audio_noisy/med/1425.wav,/content/drive/MyDrive/SeaAlert/data/audio_noisy/high/1425.wav
1426,/content/drive/MyDrive/SeaAlert/data/audio_clean/wav/1426.wav,/content/drive/MyDrive/SeaAlert/data/audio_noisy/low/1426.wav,/content/drive/MyDrive/SeaAlert/data/audio_noisy/med/1426.wav,/content/drive/MyDrive/SeaAlert/data/audio_noisy/high/1426.wav
1427,/content/drive/MyDrive/SeaAlert/data/audio_clean/wav/1427.wav,/content/drive/MyDrive/SeaAlert/data/audio_noisy/low/1427.wav,/content/drive/MyDrive/SeaAlert/data/audio_noisy/med/1427.wav,/content/drive/MyDrive/SeaAlert/data/audio_noisy/high/1427.wav
1428,/content/drive/MyDrive/SeaAlert/data/audio_clean/wav/1428.wav,/content/drive/MyDrive/SeaAlert/data/audio_noisy/low/1428.wav,/content/drive/MyDrive/SeaAlert/data/audio_noisy/med/1428.wav,/content/drive/MyDrive/SeaAlert/data/audio_noisy/high/1428.wav
1429,/content/drive/MyDrive/SeaAlert/data/audio_clean/wav/1429.wav,/content/drive/MyDrive/SeaAlert/data/audio_noisy/low/1429.wav,/content/drive/MyDrive/SeaAlert/data/audio_noisy/med/1429.wav,/content/drive/MyDrive/SeaAlert/data/audio_noisy/high/1429.wav
1430,/content/drive/MyDrive/SeaAlert/data/audio_clean/wav/1430.wav,/content/drive/MyDrive/SeaAlert/data/audio_noisy/low/1430.wav,/content/drive/MyDrive/SeaAlert/data/audio_noisy/med/1430.wav,/content/drive/MyDrive/SeaAlert/data/audio_noisy/high/1430.wav
1431,/content/drive/MyDrive/SeaAlert/data/audio_clean/wav/1431.wav,/content/drive/MyDrive/SeaAlert/data/audio_noisy/low/1431.wav,/content/drive/MyDrive/SeaAlert/data/audio_noisy/med/1431.wav,/content/drive/MyDrive/SeaAlert/data/audio_noisy/high/1431.wav
1432,/content/drive/MyDrive/SeaAlert/data/audio_clean/wav/1432.wav,/content/drive/MyDrive/SeaAlert/data/audio_noisy/low/1432.wav,/content/drive/MyDrive/SeaAlert/data/audio_noisy/med/1432.wav,/content/drive/MyDrive/SeaAlert/data/audio_noisy/high/1432.wav
1433,/content/drive/MyDrive/SeaAlert/data/audio_clean/wav/1433.wav,/content/drive/MyDrive/SeaAlert/data/audio_noisy/low/1433.wav,/content/drive/MyDrive/SeaAlert/data/audio_noisy/med/1433.wav,/content/drive/MyDrive/SeaAlert/data/audio_noisy/high/1433.wav
1434,/content/drive/MyDrive/SeaAlert/data/audio_clean/wav/1434.wav,/content/drive/MyDrive/SeaAlert/data/audio_noisy/low/1434.wav,/content/drive/MyDrive/SeaAlert/data/audio_noisy/med/1434.wav,/content/drive/MyDrive/SeaAlert/data/audio_noisy/high/1434.wav
1435,/content/drive/MyDrive/SeaAlert/data/audio_clean/wav/1435.wav,/content/drive/MyDrive/SeaAlert/data/audio_noisy/low/1435.wav,/content/drive/MyDrive/SeaAlert/data/audio_noisy/med/1435.wav,/content/drive/MyDrive/SeaAlert/data/audio_noisy/high/1435.wav
1436,/content/drive/MyDrive/SeaAlert/data/audio_clean/wav/1436.wav,/content/drive/MyDrive/SeaAlert/data/audio_noisy/low/1436.wav,/content/drive/MyDrive/SeaAlert/data/audio_noisy/med/1436.wav,/content/drive/MyDrive/SeaAlert/data/audio_noisy/high/1436.wav
1437,/content/drive/MyDrive/SeaAlert/data/audio_clean/wav/1437.wav,/content/drive/MyDrive/SeaAlert/data/audio_noisy/low/1437.wav,/content/drive/MyDrive/SeaAlert/data/audio_noisy/med/1437.wav,/content/drive/MyDrive/SeaAlert/data/audio_noisy/high/1437.wav
1438,/content/drive/MyDrive/SeaAlert/data/audio_clean/wav/1438.wav,/content/drive/MyDrive/SeaAlert/data/audio_noisy/low/1438.wav,/content/drive/MyDrive/SeaAlert/data/audio_noisy/med/1438.wav,/content/drive/MyDrive/SeaAlert/data/audio_noisy/high/1438.wav
1439,/content/drive/MyDrive/SeaAlert/data/audio_clean/wav/1439.wav,/content/drive/MyDrive/SeaAlert/data/audio_noisy/low/1439.wav,/content/drive/MyDrive/SeaAlert/data/audio_noisy/med/1439.wav,/content/drive/MyDrive/SeaAlert/data/audio_noisy/high/1439.wav
1440,/content/drive/MyDrive/SeaAlert/data/audio_clean/wav/1440.wav,/content/drive/MyDrive/SeaAlert/data/audio_noisy/low/1440.wav,/content/drive/MyDrive/SeaAlert/data/audio_noisy/med/1440.wav,/content/drive/MyDrive/SeaAlert/data/audio_noisy/high/1440.wav
1441,/content/drive/MyDrive/SeaAlert/data/audio_clean/wav/1441.wav,/content/drive/MyDrive/SeaAlert/data/audio_noisy/low/1441.wav,/content/drive/MyDrive/SeaAlert/data/audio_noisy/med/1441.wav,/content/drive/MyDrive/SeaAlert/data/audio_noisy/high/1441.wav
1442,/content/drive/MyDrive/SeaAlert/data/audio_clean/wav/1442.wav,/content/drive/MyDrive/SeaAlert/data/audio_noisy/low/1442.wav,/content/drive/MyDrive/SeaAlert/data/audio_noisy/med/1442.wav,/content/drive/MyDrive/SeaAlert/data/audio_noisy/high/1442.wav
1443,/content/drive/MyDrive/SeaAlert/data/audio_clean/wav/1443.wav,/content/drive/MyDrive/SeaAlert/data/audio_noisy/low/1443.wav,/content/drive/MyDrive/SeaAlert/data/audio_noisy/med/1443.wav,/content/drive/MyDrive/SeaAlert/data/audio_noisy/high/1443.wav
1444,/content/drive/MyDrive/SeaAlert/data/audio_clean/wav/1444.wav,/content/drive/MyDrive/SeaAlert/data/audio_noisy/low/1444.wav,/content/drive/MyDrive/SeaAlert/data/audio_noisy/med/1444.wav,/content/drive/MyDrive/SeaAlert/data/audio_noisy/high/1444.wav
1445,/content/drive/MyDrive/SeaAlert/data/audio_clean/wav/1445.wav,/content/drive/MyDrive/SeaAlert/data/audio_noisy/low/1445.wav,/content/drive/MyDrive/SeaAlert/data/audio_noisy/med/1445.wav,/content/drive/MyDrive/SeaAlert/data/audio_noisy/high/1445.wav
1446,/content/drive/MyDrive/SeaAlert/data/audio_clean/wav/1446.wav,/content/drive/MyDrive/SeaAlert/data/audio_noisy/low/1446.wav,/content/drive/MyDrive/SeaAlert/data/audio_noisy/med/1446.wav,/content/drive/MyDrive/SeaAlert/data/audio_noisy/high/1446.wav
1447,/content/drive/MyDrive/SeaAlert/data/audio_clean/wav/1447.wav,/content/drive/MyDrive/SeaAlert/data/audio_noisy/low/1447.wav,/content/drive/MyDrive/SeaAlert/data/audio_noisy/med/1447.wav,/content/drive/MyDrive/SeaAlert/data/audio_noisy/high/1447.wav
1448,/content/drive/MyDrive/SeaAlert/data/audio_clean/wav/1448.wav,/content/drive/MyDrive/SeaAlert/data/audio_noisy/low/1448.wav,/content/drive/MyDrive/SeaAlert/data/audio_noisy/med/1448.wav,/content/drive/MyDrive/SeaAlert/data/audio_noisy/high/1448.wav
1449,/content/drive/MyDrive/SeaAlert/data/audio_clean/wav/1449.wav,/content/drive/MyDrive/SeaAlert/data/audio_noisy/low/1449.wav,/content/drive/MyDrive/SeaAlert/data/audio_noisy/med/1449.wav,/content/drive/MyDrive/SeaAlert/data/audio_noisy/high/1449.wav
1450,/content/drive/MyDrive/SeaAlert/data/audio_clean/wav/1450.wav,/content/drive/MyDrive/SeaAlert/data/audio_noisy/low/1450.wav,/content/drive/MyDrive/SeaAlert/data/audio_noisy/med/1450.wav,/content/drive/MyDrive/SeaAlert/data/audio_noisy/high/1450.wav
1451,/content/drive/MyDrive/SeaAlert/data/audio_clean/wav/1451.wav,/content/drive/MyDrive/SeaAlert/data/audio_noisy/low/1451.wav,/content/drive/MyDrive/SeaAlert/data/audio_noisy/med/1451.wav,/content/drive/MyDrive/SeaAlert/data/audio_noisy/high/1451.wav
1452,/content/drive/MyDrive/SeaAlert/data/audio_clean/wav/1452.wav,/content/drive/MyDrive/SeaAlert/data/audio_noisy/low/1452.wav,/content/drive/MyDrive/SeaAlert/data/audio_noisy/med/1452.wav,/content/drive/MyDrive/SeaAlert/data/audio_noisy/high/1452.wav
1453,/content/drive/MyDrive/SeaAlert/data/audio_clean/wav/1453.wav,/content/drive/MyDrive/SeaAlert/data/audio_noisy/low/1453.wav,/content/drive/MyDrive/SeaAlert/data/audio_noisy/med/1453.wav,/content/drive/MyDrive/SeaAlert/data/audio_noisy/high/1453.wav
1454,/content/drive/MyDrive/SeaAlert/data/audio_clean/wav/1454.wav,/content/drive/MyDrive/SeaAlert/data/audio_noisy/low/1454.wav,/content/drive/MyDrive/SeaAlert/data/audio_noisy/med/1454.wav,/content/drive/MyDrive/SeaAlert/data/audio_noisy/high/1454.wav
1455,/content/drive/MyDrive/SeaAlert/data/audio_clean/wav/1455.wav,/content/drive/MyDrive/SeaAlert/data/audio_noisy/low/1455.wav,/content/drive/MyDrive/SeaAlert/data/audio_noisy/med/1455.wav,/content/drive/MyDrive/SeaAlert/data/audio_noisy/high/1455.wav
1456,/content/drive/MyDrive/SeaAlert/data/audio_clean/wav/1456.wav,/content/drive/MyDrive/SeaAlert/data/audio_noisy/low/1456.wav,/content/drive/MyDrive/SeaAlert/data/audio_noisy/med/1456.wav,/content/drive/MyDrive/SeaAlert/data/audio_noisy/high/1456.wav
1457,/content/drive/MyDrive/SeaAlert/data/audio_clean/wav/1457.wav,/content/drive/MyDrive/SeaAlert/data/audio_noisy/low/1457.wav,/content/drive/MyDrive/SeaAlert/data/audio_noisy/med/1457.wav,/content/drive/MyDrive/SeaAlert/data/audio_noisy/high/1457.wav
1458,/content/drive/MyDrive/SeaAlert/data/audio_clean/wav/1458.wav,/content/drive/MyDrive/SeaAlert/data/audio_noisy/low/1458.wav,/content/drive/MyDrive/SeaAlert/data/audio_noisy/med/1458.wav,/content/drive/MyDrive/SeaAlert/data/audio_noisy/high/1458.wav
1459,/content/drive/MyDrive/SeaAlert/data/audio_clean/wav/1459.wav,/content/drive/MyDrive/SeaAlert/data/audio_noisy/low/1459.wav,/content/drive/MyDrive/SeaAlert/data/audio_noisy/med/1459.wav,/content/drive/MyDrive/SeaAlert/data/audio_noisy/high/1459.wav
1460,/content/drive/MyDrive/SeaAlert/data/audio_clean/wav/1460.wav,/content/drive/MyDrive/SeaAlert/data/audio_noisy/low/1460.wav,/content/drive/MyDrive/SeaAlert/data/audio_noisy/med/1460.wav,/content/drive/MyDrive/SeaAlert/data/audio_noisy/high/1460.wav
1461,/content/drive/MyDrive/SeaAlert/data/audio_clean/wav/1461.wav,/content/drive/MyDrive/SeaAlert/data/audio_noisy/low/1461.wav,/content/drive/MyDrive/SeaAlert/data/audio_noisy/med/1461.wav,/content/drive/MyDrive/SeaAlert/data/audio_noisy/high/1461.wav
1462,/content/drive/MyDrive/SeaAlert/data/audio_clean/wav/1462.wav,/content/drive/MyDrive/SeaAlert/data/audio_noisy/low/1462.wav,/content/drive/MyDrive/SeaAlert/data/audio_noisy/med/1462.wav,/content/drive/MyDrive/SeaAlert/data/audio_noisy/high/1462.wav
1463,/content/drive/MyDrive/SeaAlert/data/audio_clean/wav/1463.wav,/content/drive/MyDrive/SeaAlert/data/audio_noisy/low/1463.wav,/content/drive/MyDrive/SeaAlert/data/audio_noisy/med/1463.wav,/content/drive/MyDrive/SeaAlert/data/audio_noisy/high/1463.wav
1464,/content/drive/MyDrive/SeaAlert/data/audio_clean/wav/1464.wav,/content/drive/MyDrive/SeaAlert/data/audio_noisy/low/1464.wav,/content/drive/MyDrive/SeaAlert/data/audio_noisy/med/1464.wav,/content/drive/MyDrive/SeaAlert/data/audio_noisy/high/1464.wav
1465,/content/drive/MyDrive/SeaAlert/data/audio_clean/wav/1465.wav,/content/drive/MyDrive/SeaAlert/data/audio_noisy/low/1465.wav,/content/drive/MyDrive/SeaAlert/data/audio_noisy/med/1465.wav,/content/drive/MyDrive/SeaAlert/data/audio_noisy/high/1465.wav
1466,/content/drive/MyDrive/SeaAlert/data/audio_clean/wav/1466.wav,/content/drive/MyDrive/SeaAlert/data/audio_noisy/low/1466.wav,/content/drive/MyDrive/SeaAlert/data/audio_noisy/med/1466.wav,/content/drive/MyDrive/SeaAlert/data/audio_noisy/high/1466.wav
1467,/content/drive/MyDrive/SeaAlert/data/audio_clean/wav/1467.wav,/content/drive/MyDrive/SeaAlert/data/audio_noisy/low/1467.wav,/content/drive/MyDrive/SeaAlert/data/audio_noisy/med/1467.wav,/content/drive/MyDrive/SeaAlert/data/audio_noisy/high/1467.wav
1468,/content/drive/MyDrive/SeaAlert/data/audio_clean/wav/1468.wav,/content/drive/MyDrive/SeaAlert/data/audio_noisy/low/1468.wav,/content/drive/MyDrive/SeaAlert/data/audio_noisy/med/1468.wav,/content/drive/MyDrive/SeaAlert/data/audio_noisy/high/1468.wav
1469,/content/drive/MyDrive/SeaAlert/data/audio_clean/wav/1469.wav,/content/drive/MyDrive/SeaAlert/data/audio_noisy/low/1469.wav,/content/drive/MyDrive/SeaAlert/data/audio_noisy/med/1469.wav,/content/drive/MyDrive/SeaAlert/data/audio_noisy/high/1469.wav
1470,/content/drive/MyDrive/SeaAlert/data/audio_clean/wav/1470.wav,/content/drive/MyDrive/SeaAlert/data/audio_noisy/low/1470.wav,/content/drive/MyDrive/SeaAlert/data/audio_noisy/med/1470.wav,/content/drive/MyDrive/SeaAlert/data/audio_noisy/high/1470.wav
1471,/content/drive/MyDrive/SeaAlert/data/audio_clean/wav/1471.wav,/content/drive/MyDrive/SeaAlert/data/audio_noisy/low/1471.wav,/content/drive/MyDrive/SeaAlert/data/audio_noisy/med/1471.wav,/content/drive/MyDrive/SeaAlert/data/audio_noisy/high/1471.wav
1472,/content/drive/MyDrive/SeaAlert/data/audio_clean/wav/1472.wav,/content/drive/MyDrive/SeaAlert/data/audio_noisy/low/1472.wav,/content/drive/MyDrive/SeaAlert/data/audio_noisy/med/1472.wav,/content/drive/MyDrive/SeaAlert/data/audio_noisy/high/1472.wav
1473,/content/drive/MyDrive/SeaAlert/data/audio_clean/wav/1473.wav,/content/drive/MyDrive/SeaAlert/data/audio_noisy/low/1473.wav,/content/drive/MyDrive/SeaAlert/data/audio_noisy/med/1473.wav,/content/drive/MyDrive/SeaAlert/data/audio_noisy/high/1473.wav
1474,/content/drive/MyDrive/SeaAlert/data/audio_clean/wav/1474.wav,/content/drive/MyDrive/SeaAlert/data/audio_noisy/low/1474.wav,/content/drive/MyDrive/SeaAlert/data/audio_noisy/med/1474.wav,/content/drive/MyDrive/SeaAlert/data/audio_noisy/high/1474.wav
1475,/content/drive/MyDrive/SeaAlert/data/audio_clean/wav/1475.wav,/content/drive/MyDrive/SeaAlert/data/audio_noisy/low/1475.wav,/content/drive/MyDrive/SeaAlert/data/audio_noisy/med/1475.wav,/content/drive/MyDrive/SeaAlert/data/audio_noisy/high/1475.wav
1476,/content/drive/MyDrive/SeaAlert/data/audio_clean/wav/1476.wav,/content/drive/MyDrive/SeaAlert/data/audio_noisy/low/1476.wav,/content/drive/MyDrive/SeaAlert/data/audio_noisy/med/1476.wav,/content/drive/MyDrive/SeaAlert/data/audio_noisy/high/1476.wav
1477,/content/drive/MyDrive/SeaAlert/data/audio_clean/wav/1477.wav,/content/drive/MyDrive/SeaAlert/data/audio_noisy/low/1477.wav,/content/drive/MyDrive/SeaAlert/data/audio_noisy/med/1477.wav,/content/drive/MyDrive/SeaAlert/data/audio_noisy/high/1477.wav
1478,/content/drive/MyDrive/SeaAlert/data/audio_clean/wav/1478.wav,/content/drive/MyDrive/SeaAlert/data/audio_noisy/low/1478.wav,/content/drive/MyDrive/SeaAlert/data/audio_noisy/med/1478.wav,/content/drive/MyDrive/SeaAlert/data/audio_noisy/high/1478.wav
1479,/content/drive/MyDrive/SeaAlert/data/audio_clean/wav/1479.wav,/content/drive/MyDrive/SeaAlert/data/audio_noisy/low/1479.wav,/content/drive/MyDrive/SeaAlert/data/audio_noisy/med/1479.wav,/content/drive/MyDrive/SeaAlert/data/audio_noisy/high/1479.wav
1480,/content/drive/MyDrive/SeaAlert/data/audio_clean/wav/1480.wav,/content/drive/MyDrive/SeaAlert/data/audio_noisy/low/1480.wav,/content/drive/MyDrive/SeaAlert/data/audio_noisy/med/1480.wav,/content/drive/MyDrive/SeaAlert/data/audio_noisy/high/1480.wav
1481,/content/drive/MyDrive/SeaAlert/data/audio_clean/wav/1481.wav,/content/drive/MyDrive/SeaAlert/data/audio_noisy/low/1481.wav,/content/drive/MyDrive/SeaAlert/data/audio_noisy/med/1481.wav,/content/drive/MyDrive/SeaAlert/data/audio_noisy/high/1481.wav
1482,/content/drive/MyDrive/SeaAlert/data/audio_clean/wav/1482.wav,/content/drive/MyDrive/SeaAlert/data/audio_noisy/low/1482.wav,/content/drive/MyDrive/SeaAlert/data/audio_noisy/med/1482.wav,/content/drive/MyDrive/SeaAlert/data/audio_noisy/high/1482.wav
1483,/content/drive/MyDrive/SeaAlert/data/audio_clean/wav/1483.wav,/content/drive/MyDrive/SeaAlert/data/audio_noisy/low/1483.wav,/content/drive/MyDrive/SeaAlert/data/audio_noisy/med/1483.wav,/content/drive/MyDrive/SeaAlert/data/audio_noisy/high/1483.wav
1484,/content/drive/MyDrive/SeaAlert/data/audio_clean/wav/1484.wav,/content/drive/MyDrive/SeaAlert/data/audio_noisy/low/1484.wav,/content/drive/MyDrive/SeaAlert/data/audio_noisy/med/1484.wav,/content/drive/MyDrive/SeaAlert/data/audio_noisy/high/1484.wav
1485,/content/drive/MyDrive/SeaAlert/data/audio_clean/wav/1485.wav,/content/drive/MyDrive/SeaAlert/data/audio_noisy/low/1485.wav,/content/drive/MyDrive/SeaAlert/data/audio_noisy/med/1485.wav,/content/drive/MyDrive/SeaAlert/data/audio_noisy/high/1485.wav
1486,/content/drive/MyDrive/SeaAlert/data/audio_clean/wav/1486.wav,/content/drive/MyDrive/SeaAlert/data/audio_noisy/low/1486.wav,/content/drive/MyDrive/SeaAlert/data/audio_noisy/med/1486.wav,/content/drive/MyDrive/SeaAlert/data/audio_noisy/high/1486.wav
1487,/content/drive/MyDrive/SeaAlert/data/audio_clean/wav/1487.wav,/content/drive/MyDrive/SeaAlert/data/audio_noisy/low/1487.wav,/content/drive/MyDrive/SeaAlert/data/audio_noisy/med/1487.wav,/content/drive/MyDrive/SeaAlert/data/audio_noisy/high/1487.wav
1488,/content/drive/MyDrive/SeaAlert/data/audio_clean/wav/1488.wav,/content/drive/MyDrive/SeaAlert/data/audio_noisy/low/1488.wav,/content/drive/MyDrive/SeaAlert/data/audio_noisy/med/1488.wav,/content/drive/MyDrive/SeaAlert/data/audio_noisy/high/1488.wav
1489,/content/drive/MyDrive/SeaAlert/data/audio_clean/wav/1489.wav,/content/drive/MyDrive/SeaAlert/data/audio_noisy/low/1489.wav,/content/drive/MyDrive/SeaAlert/data/audio_noisy/med/1489.wav,/content/drive/MyDrive/SeaAlert/data/audio_noisy/high/1489.wav
1490,/content/drive/MyDrive/SeaAlert/data/audio_clean/wav/1490.wav,/content/drive/MyDrive/SeaAlert/data/audio_noisy/low/1490.wav,/content/drive/MyDrive/SeaAlert/data/audio_noisy/med/1490.wav,/content/drive/MyDrive/SeaAlert/data/audio_noisy/high/1490.wav
1491,/content/drive/MyDrive/SeaAlert/data/audio_clean/wav/1491.wav,/content/drive/MyDrive/SeaAlert/data/audio_noisy/low/1491.wav,/content/drive/MyDrive/SeaAlert/data/audio_noisy/med/1491.wav,/content/drive/MyDrive/SeaAlert/data/audio_noisy/high/1491.wav
1492,/content/drive/MyDrive/SeaAlert/data/audio_clean/wav/1492.wav,/content/drive/MyDrive/SeaAlert/data/audio_noisy/low/1492.wav,/content/drive/MyDrive/SeaAlert/data/audio_noisy/med/1492.wav,/content/drive/MyDrive/SeaAlert/data/audio_noisy/high/1492.wav
1493,/content/drive/MyDrive/SeaAlert/data/audio_clean/wav/1493.wav,/content/drive/MyDrive/SeaAlert/data/audio_noisy/low/1493.wav,/content/drive/MyDrive/SeaAlert/data/audio_noisy/med/1493.wav,/content/drive/MyDrive/SeaAlert/data/audio_noisy/high/1493.wav
1494,/content/drive/MyDrive/SeaAlert/data/audio_clean/wav/1494.wav,/content/drive/MyDrive/SeaAlert/data/audio_noisy/low/1494.wav,/content/drive/MyDrive/SeaAlert/data/audio_noisy/med/1494.wav,/content/drive/MyDrive/SeaAlert/data/audio_noisy/high/1494.wav
1495,/content/drive/MyDrive/SeaAlert/data/audio_clean/wav/1495.wav,/content/drive/MyDrive/SeaAlert/data/audio_noisy/low/1495.wav,/content/drive/MyDrive/SeaAlert/data/audio_noisy/med/1495.wav,/content/drive/MyDrive/SeaAlert/data/audio_noisy/high/1495.wav
1496,/content/drive/MyDrive/SeaAlert/data/audio_clean/wav/1496.wav,/content/drive/MyDrive/SeaAlert/data/audio_noisy/low/1496.wav,/content/drive/MyDrive/SeaAlert/data/audio_noisy/med/1496.wav,/content/drive/MyDrive/SeaAlert/data/audio_noisy/high/1496.wav
1497,/content/drive/MyDrive/SeaAlert/data/audio_clean/wav/1497.wav,/content/drive/MyDrive/SeaAlert/data/audio_noisy/low/1497.wav,/content/drive/MyDrive/SeaAlert/data/audio_noisy/med/1497.wav,/content/drive/MyDrive/SeaAlert/data/audio_noisy/high/1497.wav
1498,/content/drive/MyDrive/SeaAlert/data/audio_clean/wav/1498.wav,/content/drive/MyDrive/SeaAlert/data/audio_noisy/low/1498.wav,/content/drive/MyDrive/SeaAlert/data/audio_noisy/med/1498.wav,/content/drive/MyDrive/SeaAlert/data/audio_noisy/high/1498.wav
1499,/content/drive/MyDrive/SeaAlert/data/audio_clean/wav/1499.wav,/content/drive/MyDrive/SeaAlert/data/audio_noisy/low/1499.wav,/content/drive/MyDrive/SeaAlert/data/audio_noisy/med/1499.wav,/content/drive/MyDrive/SeaAlert/data/audio_noisy/high/1499.wav
1500,/content/drive/MyDrive/SeaAlert/data/audio_clean/wav/1500.wav,/content/drive/MyDrive/SeaAlert/data/audio_noisy/low/1500.wav,/content/drive/MyDrive/SeaAlert/data/audio_noisy/med/1500.wav,/content/drive/MyDrive/SeaAlert/data/audio_noisy/high/1500.wav
1501,/content/drive/MyDrive/SeaAlert/data/audio_clean/wav/1501.wav,/content/drive/MyDrive/SeaAlert/data/audio_noisy/low/1501.wav,/content/drive/MyDrive/SeaAlert/data/audio_noisy/med/1501.wav,/content/drive/MyDrive/SeaAlert/data/audio_noisy/high/1501.wav
1502,/content/drive/MyDrive/SeaAlert/data/audio_clean/wav/1502.wav,/content/drive/MyDrive/SeaAlert/data/audio_noisy/low/1502.wav,/content/drive/MyDrive/SeaAlert/data/audio_noisy/med/1502.wav,/content/drive/MyDrive/SeaAlert/data/audio_noisy/high/1502.wav
1503,/content/drive/MyDrive/SeaAlert/data/audio_clean/wav/1503.wav,/content/drive/MyDrive/SeaAlert/data/audio_noisy/low/1503.wav,/content/drive/MyDrive/SeaAlert/data/audio_noisy/med/1503.wav,/content/drive/MyDrive/SeaAlert/data/audio_noisy/high/1503.wav
1504,/content/drive/MyDrive/SeaAlert/data/audio_clean/wav/1504.wav,/content/drive/MyDrive/SeaAlert/data/audio_noisy/low/1504.wav,/content/drive/MyDrive/SeaAlert/data/audio_noisy/med/1504.wav,/content/drive/MyDrive/SeaAlert/data/audio_noisy/high/1504.wav
1505,/content/drive/MyDrive/SeaAlert/data/audio_clean/wav/1505.wav,/content/drive/MyDrive/SeaAlert/data/audio_noisy/low/1505.wav,/content/drive/MyDrive/SeaAlert/data/audio_noisy/med/1505.wav,/content/drive/MyDrive/SeaAlert/data/audio_noisy/high/1505.wav
1506,/content/drive/MyDrive/SeaAlert/data/audio_clean/wav/1506.wav,/content/drive/MyDrive/SeaAlert/data/audio_noisy/low/1506.wav,/content/drive/MyDrive/SeaAlert/data/audio_noisy/med/1506.wav,/content/drive/MyDrive/SeaAlert/data/audio_noisy/high/1506.wav
1507,/content/drive/MyDrive/SeaAlert/data/audio_clean/wav/1507.wav,/content/drive/MyDrive/SeaAlert/data/audio_noisy/low/1507.wav,/content/drive/MyDrive/SeaAlert/data/audio_noisy/med/1507.wav,/content/drive/MyDrive/SeaAlert/data/audio_noisy/high/1507.wav
1508,/content/drive/MyDrive/SeaAlert/data/audio_clean/wav/1508.wav,/content/drive/MyDrive/SeaAlert/data/audio_noisy/low/1508.wav,/content/drive/MyDrive/SeaAlert/data/audio_noisy/med/1508.wav,/content/drive/MyDrive/SeaAlert/data/audio_noisy/high/1508.wav
1509,/content/drive/MyDrive/SeaAlert/data/audio_clean/wav/1509.wav,/content/drive/MyDrive/SeaAlert/data/audio_noisy/low/1509.wav,/content/drive/MyDrive/SeaAlert/data/audio_noisy/med/1509.wav,/content/drive/MyDrive/SeaAlert/data/audio_noisy/high/1509.wav
1510,/content/drive/MyDrive/SeaAlert/data/audio_clean/wav/1510.wav,/content/drive/MyDrive/SeaAlert/data/audio_noisy/low/1510.wav,/content/drive/MyDrive/SeaAlert/data/audio_noisy/med/1510.wav,/content/drive/MyDrive/SeaAlert/data/audio_noisy/high/1510.wav
1511,/content/drive/MyDrive/SeaAlert/data/audio_clean/wav/1511.wav,/content/drive/MyDrive/SeaAlert/data/audio_noisy/low/1511.wav,/content/drive/MyDrive/SeaAlert/data/audio_noisy/med/1511.wav,/content/drive/MyDrive/SeaAlert/data/audio_noisy/high/1511.wav
1512,/content/drive/MyDrive/SeaAlert/data/audio_clean/wav/1512.wav,/content/drive/MyDrive/SeaAlert/data/audio_noisy/low/1512.wav,/content/drive/MyDrive/SeaAlert/data/audio_noisy/med/1512.wav,/content/drive/MyDrive/SeaAlert/data/audio_noisy/high/1512.wav
1513,/content/drive/MyDrive/SeaAlert/data/audio_clean/wav/1513.wav,/content/drive/MyDrive/SeaAlert/data/audio_noisy/low/1513.wav,/content/drive/MyDrive/SeaAlert/data/audio_noisy/med/1513.wav,/content/drive/MyDrive/SeaAlert/data/audio_noisy/high/1513.wav
1514,/content/drive/MyDrive/SeaAlert/data/audio_clean/wav/1514.wav,/content/drive/MyDrive/SeaAlert/data/audio_noisy/low/1514.wav,/content/drive/MyDrive/SeaAlert/data/audio_noisy/med/1514.wav,/content/drive/MyDrive/SeaAlert/data/audio_noisy/high/1514.wav
1515,/content/drive/MyDrive/SeaAlert/data/audio_clean/wav/1515.wav,/content/drive/MyDrive/SeaAlert/data/audio_noisy/low/1515.wav,/content/drive/MyDrive/SeaAlert/data/audio_noisy/med/1515.wav,/content/drive/MyDrive/SeaAlert/data/audio_noisy/high/1515.wav
1516,/content/drive/MyDrive/SeaAlert/data/audio_clean/wav/1516.wav,/content/drive/MyDrive/SeaAlert/data/audio_noisy/low/1516.wav,/content/drive/MyDrive/SeaAlert/data/audio_noisy/med/1516.wav,/content/drive/MyDrive/SeaAlert/data/audio_noisy/high/1516.wav
1517,/content/drive/MyDrive/SeaAlert/data/audio_clean/wav/1517.wav,/content/drive/MyDrive/SeaAlert/data/audio_noisy/low/1517.wav,/content/drive/MyDrive/SeaAlert/data/audio_noisy/med/1517.wav,/content/drive/MyDrive/SeaAlert/data/audio_noisy/high/1517.wav
1518,/content/drive/MyDrive/SeaAlert/data/audio_clean/wav/1518.wav,/content/drive/MyDrive/SeaAlert/data/audio_noisy/low/1518.wav,/content/drive/MyDrive/SeaAlert/data/audio_noisy/med/1518.wav,/content/drive/MyDrive/SeaAlert/data/audio_noisy/high/1518.wav
1519,/content/drive/MyDrive/SeaAlert/data/audio_clean/wav/1519.wav,/content/drive/MyDrive/SeaAlert/data/audio_noisy/low/1519.wav,/content/drive/MyDrive/SeaAlert/data/audio_noisy/med/1519.wav,/content/drive/MyDrive/SeaAlert/data/audio_noisy/high/1519.wav
1520,/content/drive/MyDrive/SeaAlert/data/audio_clean/wav/1520.wav,/content/drive/MyDrive/SeaAlert/data/audio_noisy/low/1520.wav,/content/drive/MyDrive/SeaAlert/data/audio_noisy/med/1520.wav,/content/drive/MyDrive/SeaAlert/data/audio_noisy/high/1520.wav
1521,/content/drive/MyDrive/SeaAlert/data/audio_clean/wav/1521.wav,/content/drive/MyDrive/SeaAlert/data/audio_noisy/low/1521.wav,/content/drive/MyDrive/SeaAlert/data/audio_noisy/med/1521.wav,/content/drive/MyDrive/SeaAlert/data/audio_noisy/high/1521.wav
1522,/content/drive/MyDrive/SeaAlert/data/audio_clean/wav/1522.wav,/content/drive/MyDrive/SeaAlert/data/audio_noisy/low/1522.wav,/content/drive/MyDrive/SeaAlert/data/audio_noisy/med/1522.wav,/content/drive/MyDrive/SeaAlert/data/audio_noisy/high/1522.wav
1523,/content/drive/MyDrive/SeaAlert/data/audio_clean/wav/1523.wav,/content/drive/MyDrive/SeaAlert/data/audio_noisy/low/1523.wav,/content/drive/MyDrive/SeaAlert/data/audio_noisy/med/1523.wav,/content/drive/MyDrive/SeaAlert/data/audio_noisy/high/1523.wav
1524,/content/drive/MyDrive/SeaAlert/data/audio_clean/wav/1524.wav,/content/drive/MyDrive/SeaAlert/data/audio_noisy/low/1524.wav,/content/drive/MyDrive/SeaAlert/data/audio_noisy/med/1524.wav,/content/drive/MyDrive/SeaAlert/data/audio_noisy/high/1524.wav
1525,/content/drive/MyDrive/SeaAlert/data/audio_clean/wav/1525.wav,/content/drive/MyDrive/SeaAlert/data/audio_noisy/low/1525.wav,/content/drive/MyDrive/SeaAlert/data/audio_noisy/med/1525.wav,/content/drive/MyDrive/SeaAlert/data/audio_noisy/high/1525.wav
1526,/content/drive/MyDrive/SeaAlert/data/audio_clean/wav/1526.wav,/content/drive/MyDrive/SeaAlert/data/audio_noisy/low/1526.wav,/content/drive/MyDrive/SeaAlert/data/audio_noisy/med/1526.wav,/content/drive/MyDrive/SeaAlert/data/audio_noisy/high/1526.wav
1527,/content/drive/MyDrive/SeaAlert/data/audio_clean/wav/1527.wav,/content/drive/MyDrive/SeaAlert/data/audio_noisy/low/1527.wav,/content/drive/MyDrive/SeaAlert/data/audio_noisy/med/1527.wav,/content/drive/MyDrive/SeaAlert/data/audio_noisy/high/1527.wav
1528,/content/drive/MyDrive/SeaAlert/data/audio_clean/wav/1528.wav,/content/drive/MyDrive/SeaAlert/data/audio_noisy/low/1528.wav,/content/drive/MyDrive/SeaAlert/data/audio_noisy/med/1528.wav,/content/drive/MyDrive/SeaAlert/data/audio_noisy/high/1528.wav
1529,/content/drive/MyDrive/SeaAlert/data/audio_clean/wav/1529.wav,/content/drive/MyDrive/SeaAlert/data/audio_noisy/low/1529.wav,/content/drive/MyDrive/SeaAlert/data/audio_noisy/med/1529.wav,/content/drive/MyDrive/SeaAlert/data/audio_noisy/high/1529.wav
1530,/content/drive/MyDrive/SeaAlert/data/audio_clean/wav/1530.wav,/content/drive/MyDrive/SeaAlert/data/audio_noisy/low/1530.wav,/content/drive/MyDrive/SeaAlert/data/audio_noisy/med/1530.wav,/content/drive/MyDrive/SeaAlert/data/audio_noisy/high/1530.wav
1531,/content/drive/MyDrive/SeaAlert/data/audio_clean/wav/1531.wav,/content/drive/MyDrive/SeaAlert/data/audio_noisy/low/1531.wav,/content/drive/MyDrive/SeaAlert/data/audio_noisy/med/1531.wav,/content/drive/MyDrive/SeaAlert/data/audio_noisy/high/1531.wav
1532,/content/drive/MyDrive/SeaAlert/data/audio_clean/wav/1532.wav,/content/drive/MyDrive/SeaAlert/data/audio_noisy/low/1532.wav,/content/drive/MyDrive/SeaAlert/data/audio_noisy/med/1532.wav,/content/drive/MyDrive/SeaAlert/data/audio_noisy/high/1532.wav
1533,/content/drive/MyDrive/SeaAlert/data/audio_clean/wav/1533.wav,/content/drive/MyDrive/SeaAlert/data/audio_noisy/low/1533.wav,/content/drive/MyDrive/SeaAlert/data/audio_noisy/med/1533.wav,/content/drive/MyDrive/SeaAlert/data/audio_noisy/high/1533.wav
1534,/content/drive/MyDrive/SeaAlert/data/audio_clean/wav/1534.wav,/content/drive/MyDrive/SeaAlert/data/audio_noisy/low/1534.wav,/content/drive/MyDrive/SeaAlert/data/audio_noisy/med/1534.wav,/content/drive/MyDrive/SeaAlert/data/audio_noisy/high/1534.wav
1535,/content/drive/MyDrive/SeaAlert/data/audio_clean/wav/1535.wav,/content/drive/MyDrive/SeaAlert/data/audio_noisy/low/1535.wav,/content/drive/MyDrive/SeaAlert/data/audio_noisy/med/1535.wav,/content/drive/MyDrive/SeaAlert/data/audio_noisy/high/1535.wav
1536,/content/drive/MyDrive/SeaAlert/data/audio_clean/wav/1536.wav,/content/drive/MyDrive/SeaAlert/data/audio_noisy/low/1536.wav,/content/drive/MyDrive/SeaAlert/data/audio_noisy/med/1536.wav,/content/drive/MyDrive/SeaAlert/data/audio_noisy/high/1536.wav
1537,/content/drive/MyDrive/SeaAlert/data/audio_clean/wav/1537.wav,/content/drive/MyDrive/SeaAlert/data/audio_noisy/low/1537.wav,/content/drive/MyDrive/SeaAlert/data/audio_noisy/med/1537.wav,/content/drive/MyDrive/SeaAlert/data/audio_noisy/high/1537.wav
1538,/content/drive/MyDrive/SeaAlert/data/audio_clean/wav/1538.wav,/content/drive/MyDrive/SeaAlert/data/audio_noisy/low/1538.wav,/content/drive/MyDrive/SeaAlert/data/audio_noisy/med/1538.wav,/content/drive/MyDrive/SeaAlert/data/audio_noisy/high/1538.wav
1539,/content/drive/MyDrive/SeaAlert/data/audio_clean/wav/1539.wav,/content/drive/MyDrive/SeaAlert/data/audio_noisy/low/1539.wav,/content/drive/MyDrive/SeaAlert/data/audio_noisy/med/1539.wav,/content/drive/MyDrive/SeaAlert/data/audio_noisy/high/1539.wav
1540,/content/drive/MyDrive/SeaAlert/data/audio_clean/wav/1540.wav,/content/drive/MyDrive/SeaAlert/data/audio_noisy/low/1540.wav,/content/drive/MyDrive/SeaAlert/data/audio_noisy/med/1540.wav,/content/drive/MyDrive/SeaAlert/data/audio_noisy/high/1540.wav
1541,/content/drive/MyDrive/SeaAlert/data/audio_clean/wav/1541.wav,/content/drive/MyDrive/SeaAlert/data/audio_noisy/low/1541.wav,/content/drive/MyDrive/SeaAlert/data/audio_noisy/med/1541.wav,/content/drive/MyDrive/SeaAlert/data/audio_noisy/high/1541.wav
1542,/content/drive/MyDrive/SeaAlert/data/audio_clean/wav/1542.wav,/content/drive/MyDrive/SeaAlert/data/audio_noisy/low/1542.wav,/content/drive/MyDrive/SeaAlert/data/audio_noisy/med/1542.wav,/content/drive/MyDrive/SeaAlert/data/audio_noisy/high/1542.wav
1543,/content/drive/MyDrive/SeaAlert/data/audio_clean/wav/1543.wav,/content/drive/MyDrive/SeaAlert/data/audio_noisy/low/1543.wav,/content/drive/MyDrive/SeaAlert/data/audio_noisy/med/1543.wav,/content/drive/MyDrive/SeaAlert/data/audio_noisy/high/1543.wav
1544,/content/drive/MyDrive/SeaAlert/data/audio_clean/wav/1544.wav,/content/drive/MyDrive/SeaAlert/data/audio_noisy/low/1544.wav,/content/drive/MyDrive/SeaAlert/data/audio_noisy/med/1544.wav,/content/drive/MyDrive/SeaAlert/data/audio_noisy/high/1544.wav
1545,/content/drive/MyDrive/SeaAlert/data/audio_clean/wav/1545.wav,/content/drive/MyDrive/SeaAlert/data/audio_noisy/low/1545.wav,/content/drive/MyDrive/SeaAlert/data/audio_noisy/med/1545.wav,/content/drive/MyDrive/SeaAlert/data/audio_noisy/high/1545.wav
1546,/content/drive/MyDrive/SeaAlert/data/audio_clean/wav/1546.wav,/content/drive/MyDrive/SeaAlert/data/audio_noisy/low/1546.wav,/content/drive/MyDrive/SeaAlert/data/audio_noisy/med/1546.wav,/content/drive/MyDrive/SeaAlert/data/audio_noisy/high/1546.wav
1547,/content/drive/MyDrive/SeaAlert/data/audio_clean/wav/1547.wav,/content/drive/MyDrive/SeaAlert/data/audio_noisy/low/1547.wav,/content/drive/MyDrive/SeaAlert/data/audio_noisy/med/1547.wav,/content/drive/MyDrive/SeaAlert/data/audio_noisy/high/1547.wav
1548,/content/drive/MyDrive/SeaAlert/data/audio_clean/wav/1548.wav,/content/drive/MyDrive/SeaAlert/data/audio_noisy/low/1548.wav,/content/drive/MyDrive/SeaAlert/data/audio_noisy/med/1548.wav,/content/drive/MyDrive/SeaAlert/data/audio_noisy/high/1548.wav
1549,/content/drive/MyDrive/SeaAlert/data/audio_clean/wav/1549.wav,/content/drive/MyDrive/SeaAlert/data/audio_noisy/low/1549.wav,/content/drive/MyDrive/SeaAlert/data/audio_noisy/med/1549.wav,/content/drive/MyDrive/SeaAlert/data/audio_noisy/high/1549.wav
1550,/content/drive/MyDrive/SeaAlert/data/audio_clean/wav/1550.wav,/content/drive/MyDrive/SeaAlert/data/audio_noisy/low/1550.wav,/content/drive/MyDrive/SeaAlert/data/audio_noisy/med/1550.wav,/content/drive/MyDrive/SeaAlert/data/audio_noisy/high/1550.wav
1551,/content/drive/MyDrive/SeaAlert/data/audio_clean/wav/1551.wav,/content/drive/MyDrive/SeaAlert/data/audio_noisy/low/1551.wav,/content/drive/MyDrive/SeaAlert/data/audio_noisy/med/1551.wav,/content/drive/MyDrive/SeaAlert/data/audio_noisy/high/1551.wav
1552,/content/drive/MyDrive/SeaAlert/data/audio_clean/wav/1552.wav,/content/drive/MyDrive/SeaAlert/data/audio_noisy/low/1552.wav,/content/drive/MyDrive/SeaAlert/data/audio_noisy/med/1552.wav,/content/drive/MyDrive/SeaAlert/data/audio_noisy/high/1552.wav
1553,/content/drive/MyDrive/SeaAlert/data/audio_clean/wav/1553.wav,/content/drive/MyDrive/SeaAlert/data/audio_noisy/low/1553.wav,/content/drive/MyDrive/SeaAlert/data/audio_noisy/med/1553.wav,/content/drive/MyDrive/SeaAlert/data/audio_noisy/high/1553.wav
1554,/content/drive/MyDrive/SeaAlert/data/audio_clean/wav/1554.wav,/content/drive/MyDrive/SeaAlert/data/audio_noisy/low/1554.wav,/content/drive/MyDrive/SeaAlert/data/audio_noisy/med/1554.wav,/content/drive/MyDrive/SeaAlert/data/audio_noisy/high/1554.wav
1555,/content/drive/MyDrive/SeaAlert/data/audio_clean/wav/1555.wav,/content/drive/MyDrive/SeaAlert/data/audio_noisy/low/1555.wav,/content/drive/MyDrive/SeaAlert/data/audio_noisy/med/1555.wav,/content/drive/MyDrive/SeaAlert/data/audio_noisy/high/1555.wav
1556,/content/drive/MyDrive/SeaAlert/data/audio_clean/wav/1556.wav,/content/drive/MyDrive/SeaAlert/data/audio_noisy/low/1556.wav,/content/drive/MyDrive/SeaAlert/data/audio_noisy/med/1556.wav,/content/drive/MyDrive/SeaAlert/data/audio_noisy/high/1556.wav
1557,/content/drive/MyDrive/SeaAlert/data/audio_clean/wav/1557.wav,/content/drive/MyDrive/SeaAlert/data/audio_noisy/low/1557.wav,/content/drive/MyDrive/SeaAlert/data/audio_noisy/med/1557.wav,/content/drive/MyDrive/SeaAlert/data/audio_noisy/high/1557.wav
1558,/content/drive/MyDrive/SeaAlert/data/audio_clean/wav/1558.wav,/content/drive/MyDrive/SeaAlert/data/audio_noisy/low/1558.wav,/content/drive/MyDrive/SeaAlert/data/audio_noisy/med/1558.wav,/content/drive/MyDrive/SeaAlert/data/audio_noisy/high/1558.wav
1559,/content/drive/MyDrive/SeaAlert/data/audio_clean/wav/1559.wav,/content/drive/MyDrive/SeaAlert/data/audio_noisy/low/1559.wav,/content/drive/MyDrive/SeaAlert/data/audio_noisy/med/1559.wav,/content/drive/MyDrive/SeaAlert/data/audio_noisy/high/1559.wav
1560,/content/drive/MyDrive/SeaAlert/data/audio_clean/wav/1560.wav,/content/drive/MyDrive/SeaAlert/data/audio_noisy/low/1560.wav,/content/drive/MyDrive/SeaAlert/data/audio_noisy/med/1560.wav,/content/drive/MyDrive/SeaAlert/data/audio_noisy/high/1560.wav
1561,/content/drive/MyDrive/SeaAlert/data/audio_clean/wav/1561.wav,/content/drive/MyDrive/SeaAlert/data/audio_noisy/low/1561.wav,/content/drive/MyDrive/SeaAlert/data/audio_noisy/med/1561.wav,/content/drive/MyDrive/SeaAlert/data/audio_noisy/high/1561.wav
1562,/content/drive/MyDrive/SeaAlert/data/audio_clean/wav/1562.wav,/content/drive/MyDrive/SeaAlert/data/audio_noisy/low/1562.wav,/content/drive/MyDrive/SeaAlert/data/audio_noisy/med/1562.wav,/content/drive/MyDrive/SeaAlert/data/audio_noisy/high/1562.wav
1563,/content/drive/MyDrive/SeaAlert/data/audio_clean/wav/1563.wav,/content/drive/MyDrive/SeaAlert/data/audio_noisy/low/1563.wav,/content/drive/MyDrive/SeaAlert/data/audio_noisy/med/1563.wav,/content/drive/MyDrive/SeaAlert/data/audio_noisy/high/1563.wav
1564,/content/drive/MyDrive/SeaAlert/data/audio_clean/wav/1564.wav,/content/drive/MyDrive/SeaAlert/data/audio_noisy/low/1564.wav,/content/drive/MyDrive/SeaAlert/data/audio_noisy/med/1564.wav,/content/drive/MyDrive/SeaAlert/data/audio_noisy/high/1564.wav
1565,/content/drive/MyDrive/SeaAlert/data/audio_clean/wav/1565.wav,/content/drive/MyDrive/SeaAlert/data/audio_noisy/low/1565.wav,/content/drive/MyDrive/SeaAlert/data/audio_noisy/med/1565.wav,/content/drive/MyDrive/SeaAlert/data/audio_noisy/high/1565.wav
1566,/content/drive/MyDrive/SeaAlert/data/audio_clean/wav/1566.wav,/content/drive/MyDrive/SeaAlert/data/audio_noisy/low/1566.wav,/content/drive/MyDrive/SeaAlert/data/audio_noisy/med/1566.wav,/content/drive/MyDrive/SeaAlert/data/audio_noisy/high/1566.wav
1567,/content/drive/MyDrive/SeaAlert/data/audio_clean/wav/1567.wav,/content/drive/MyDrive/SeaAlert/data/audio_noisy/low/1567.wav,/content/drive/MyDrive/SeaAlert/data/audio_noisy/med/1567.wav,/content/drive/MyDrive/SeaAlert/data/audio_noisy/high/1567.wav
1568,/content/drive/MyDrive/SeaAlert/data/audio_clean/wav/1568.wav,/content/drive/MyDrive/SeaAlert/data/audio_noisy/low/1568.wav,/content/drive/MyDrive/SeaAlert/data/audio_noisy/med/1568.wav,/content/drive/MyDrive/SeaAlert/data/audio_noisy/high/1568.wav
1569,/content/drive/MyDrive/SeaAlert/data/audio_clean/wav/1569.wav,/content/drive/MyDrive/SeaAlert/data/audio_noisy/low/1569.wav,/content/drive/MyDrive/SeaAlert/data/audio_noisy/med/1569.wav,/content/drive/MyDrive/SeaAlert/data/audio_noisy/high/1569.wav
1570,/content/drive/MyDrive/SeaAlert/data/audio_clean/wav/1570.wav,/content/drive/MyDrive/SeaAlert/data/audio_noisy/low/1570.wav,/content/drive/MyDrive/SeaAlert/data/audio_noisy/med/1570.wav,/content/drive/MyDrive/SeaAlert/data/audio_noisy/high/1570.wav
1571,/content/drive/MyDrive/SeaAlert/data/audio_clean/wav/1571.wav,/content/drive/MyDrive/SeaAlert/data/audio_noisy/low/1571.wav,/content/drive/MyDrive/SeaAlert/data/audio_noisy/med/1571.wav,/content/drive/MyDrive/SeaAlert/data/audio_noisy/high/1571.wav
1572,/content/drive/MyDrive/SeaAlert/data/audio_clean/wav/1572.wav,/content/drive/MyDrive/SeaAlert/data/audio_noisy/low/1572.wav,/content/drive/MyDrive/SeaAlert/data/audio_noisy/med/1572.wav,/content/drive/MyDrive/SeaAlert/data/audio_noisy/high/1572.wav
1573,/content/drive/MyDrive/SeaAlert/data/audio_clean/wav/1573.wav,/content/drive/MyDrive/SeaAlert/data/audio_noisy/low/1573.wav,/content/drive/MyDrive/SeaAlert/data/audio_noisy/med/1573.wav,/content/drive/MyDrive/SeaAlert/data/audio_noisy/high/1573.wav
1574,/content/drive/MyDrive/SeaAlert/data/audio_clean/wav/1574.wav,/content/drive/MyDrive/SeaAlert/data/audio_noisy/low/1574.wav,/content/drive/MyDrive/SeaAlert/data/audio_noisy/med/1574.wav,/content/drive/MyDrive/SeaAlert/data/audio_noisy/high/1574.wav
1575,/content/drive/MyDrive/SeaAlert/data/audio_clean/wav/1575.wav,/content/drive/MyDrive/SeaAlert/data/audio_noisy/low/1575.wav,/content/drive/MyDrive/SeaAlert/data/audio_noisy/med/1575.wav,/content/drive/MyDrive/SeaAlert/data/audio_noisy/high/1575.wav
1576,/content/drive/MyDrive/SeaAlert/data/audio_clean/wav/1576.wav,/content/drive/MyDrive/SeaAlert/data/audio_noisy/low/1576.wav,/content/drive/MyDrive/SeaAlert/data/audio_noisy/med/1576.wav,/content/drive/MyDrive/SeaAlert/data/audio_noisy/high/1576.wav
1577,/content/drive/MyDrive/SeaAlert/data/audio_clean/wav/1577.wav,/content/drive/MyDrive/SeaAlert/data/audio_noisy/low/1577.wav,/content/drive/MyDrive/SeaAlert/data/audio_noisy/med/1577.wav,/content/drive/MyDrive/SeaAlert/data/audio_noisy/high/1577.wav
1578,/content/drive/MyDrive/SeaAlert/data/audio_clean/wav/1578.wav,/content/drive/MyDrive/SeaAlert/data/audio_noisy/low/1578.wav,/content/drive/MyDrive/SeaAlert/data/audio_noisy/med/1578.wav,/content/drive/MyDrive/SeaAlert/data/audio_noisy/high/1578.wav
1579,/content/drive/MyDrive/SeaAlert/data/audio_clean/wav/1579.wav,/content/drive/MyDrive/SeaAlert/data/audio_noisy/low/1579.wav,/content/drive/MyDrive/SeaAlert/data/audio_noisy/med/1579.wav,/content/drive/MyDrive/SeaAlert/data/audio_noisy/high/1579.wav
1580,/content/drive/MyDrive/SeaAlert/data/audio_clean/wav/1580.wav,/content/drive/MyDrive/SeaAlert/data/audio_noisy/low/1580.wav,/content/drive/MyDrive/SeaAlert/data/audio_noisy/med/1580.wav,/content/drive/MyDrive/SeaAlert/data/audio_noisy/high/1580.wav
1581,/content/drive/MyDrive/SeaAlert/data/audio_clean/wav/1581.wav,/content/drive/MyDrive/SeaAlert/data/audio_noisy/low/1581.wav,/content/drive/MyDrive/SeaAlert/data/audio_noisy/med/1581.wav,/content/drive/MyDrive/SeaAlert/data/audio_noisy/high/1581.wav
1582,/content/drive/MyDrive/SeaAlert/data/audio_clean/wav/1582.wav,/content/drive/MyDrive/SeaAlert/data/audio_noisy/low/1582.wav,/content/drive/MyDrive/SeaAlert/data/audio_noisy/med/1582.wav,/content/drive/MyDrive/SeaAlert/data/audio_noisy/high/1582.wav
1583,/content/drive/MyDrive/SeaAlert/data/audio_clean/wav/1583.wav,/content/drive/MyDrive/SeaAlert/data/audio_noisy/low/1583.wav,/content/drive/MyDrive/SeaAlert/data/audio_noisy/med/1583.wav,/content/drive/MyDrive/SeaAlert/data/audio_noisy/high/1583.wav
1584,/content/drive/MyDrive/SeaAlert/data/audio_clean/wav/1584.wav,/content/drive/MyDrive/SeaAlert/data/audio_noisy/low/1584.wav,/content/drive/MyDrive/SeaAlert/data/audio_noisy/med/1584.wav,/content/drive/MyDrive/SeaAlert/data/audio_noisy/high/1584.wav
1585,/content/drive/MyDrive/SeaAlert/data/audio_clean/wav/1585.wav,/content/drive/MyDrive/SeaAlert/data/audio_noisy/low/1585.wav,/content/drive/MyDrive/SeaAlert/data/audio_noisy/med/1585.wav,/content/drive/MyDrive/SeaAlert/data/audio_noisy/high/1585.wav
1586,/content/drive/MyDrive/SeaAlert/data/audio_clean/wav/1586.wav,/content/drive/MyDrive/SeaAlert/data/audio_noisy/low/1586.wav,/content/drive/MyDrive/SeaAlert/data/audio_noisy/med/1586.wav,/content/drive/MyDrive/SeaAlert/data/audio_noisy/high/1586.wav
1587,/content/drive/MyDrive/SeaAlert/data/audio_clean/wav/1587.wav,/content/drive/MyDrive/SeaAlert/data/audio_noisy/low/1587.wav,/content/drive/MyDrive/SeaAlert/data/audio_noisy/med/1587.wav,/content/drive/MyDrive/SeaAlert/data/audio_noisy/high/1587.wav
1588,/content/drive/MyDrive/SeaAlert/data/audio_clean/wav/1588.wav,/content/drive/MyDrive/SeaAlert/data/audio_noisy/low/1588.wav,/content/drive/MyDrive/SeaAlert/data/audio_noisy/med/1588.wav,/content/drive/MyDrive/SeaAlert/data/audio_noisy/high/1588.wav
1589,/content/drive/MyDrive/SeaAlert/data/audio_clean/wav/1589.wav,/content/drive/MyDrive/SeaAlert/data/audio_noisy/low/1589.wav,/content/drive/MyDrive/SeaAlert/data/audio_noisy/med/1589.wav,/content/drive/MyDrive/SeaAlert/data/audio_noisy/high/1589.wav
1590,/content/drive/MyDrive/SeaAlert/data/audio_clean/wav/1590.wav,/content/drive/MyDrive/SeaAlert/data/audio_noisy/low/1590.wav,/content/drive/MyDrive/SeaAlert/data/audio_noisy/med/1590.wav,/content/drive/MyDrive/SeaAlert/data/audio_noisy/high/1590.wav
1591,/content/drive/MyDrive/SeaAlert/data/audio_clean/wav/1591.wav,/content/drive/MyDrive/SeaAlert/data/audio_noisy/low/1591.wav,/content/drive/MyDrive/SeaAlert/data/audio_noisy/med/1591.wav,/content/drive/MyDrive/SeaAlert/data/audio_noisy/high/1591.wav
1592,/content/drive/MyDrive/SeaAlert/data/audio_clean/wav/1592.wav,/content/drive/MyDrive/SeaAlert/data/audio_noisy/low/1592.wav,/content/drive/MyDrive/SeaAlert/data/audio_noisy/med/1592.wav,/content/drive/MyDrive/SeaAlert/data/audio_noisy/high/1592.wav
1593,/content/drive/MyDrive/SeaAlert/data/audio_clean/wav/1593.wav,/content/drive/MyDrive/SeaAlert/data/audio_noisy/low/1593.wav,/content/drive/MyDrive/SeaAlert/data/audio_noisy/med/1593.wav,/content/drive/MyDrive/SeaAlert/data/audio_noisy/high/1593.wav
1594,/content/drive/MyDrive/SeaAlert/data/audio_clean/wav/1594.wav,/content/drive/MyDrive/SeaAlert/data/audio_noisy/low/1594.wav,/content/drive/MyDrive/SeaAlert/data/audio_noisy/med/1594.wav,/content/drive/MyDrive/SeaAlert/data/audio_noisy/high/1594.wav
1595,/content/drive/MyDrive/SeaAlert/data/audio_clean/wav/1595.wav,/content/drive/MyDrive/SeaAlert/data/audio_noisy/low/1595.wav,/content/drive/MyDrive/SeaAlert/data/audio_noisy/med/1595.wav,/content/drive/MyDrive/SeaAlert/data/audio_noisy/high/1595.wav
1596,/content/drive/MyDrive/SeaAlert/data/audio_clean/wav/1596.wav,/content/drive/MyDrive/SeaAlert/data/audio_noisy/low/1596.wav,/content/drive/MyDrive/SeaAlert/data/audio_noisy/med/1596.wav,/content/drive/MyDrive/SeaAlert/data/audio_noisy/high/1596.wav
1597,/content/drive/MyDrive/SeaAlert/data/audio_clean/wav/1597.wav,/content/drive/MyDrive/SeaAlert/data/audio_noisy/low/1597.wav,/content/drive/MyDrive/SeaAlert/data/audio_noisy/med/1597.wav,/content/drive/MyDrive/SeaAlert/data/audio_noisy/high/1597.wav
1598,/content/drive/MyDrive/SeaAlert/data/audio_clean/wav/1598.wav,/content/drive/MyDrive/SeaAlert/data/audio_noisy/low/1598.wav,/content/drive/MyDrive/SeaAlert/data/audio_noisy/med/1598.wav,/content/drive/MyDrive/SeaAlert/data/audio_noisy/high/1598.wav
1599,/content/drive/MyDrive/SeaAlert/data/audio_clean/wav/1599.wav,/content/drive/MyDrive/SeaAlert/data/audio_noisy/low/1599.wav,/content/drive/MyDrive/SeaAlert/data/audio_noisy/med/1599.wav,/content/drive/MyDrive/SeaAlert/data/audio_noisy/high/1599.wav
1600,/content/drive/MyDrive/SeaAlert/data/audio_clean/wav/1600.wav,/content/drive/MyDrive/SeaAlert/data/audio_noisy/low/1600.wav,/content/drive/MyDrive/SeaAlert/data/audio_noisy/med/1600.wav,/content/drive/MyDrive/SeaAlert/data/audio_noisy/high/1600.wav
1601,/content/drive/MyDrive/SeaAlert/data/audio_clean/wav/1601.wav,/content/drive/MyDrive/SeaAlert/data/audio_noisy/low/1601.wav,/content/drive/MyDrive/SeaAlert/data/audio_noisy/med/1601.wav,/content/drive/MyDrive/SeaAlert/data/audio_noisy/high/1601.wav
1602,/content/drive/MyDrive/SeaAlert/data/audio_clean/wav/1602.wav,/content/drive/MyDrive/SeaAlert/data/audio_noisy/low/1602.wav,/content/drive/MyDrive/SeaAlert/data/audio_noisy/med/1602.wav,/content/drive/MyDrive/SeaAlert/data/audio_noisy/high/1602.wav
1603,/content/drive/MyDrive/SeaAlert/data/audio_clean/wav/1603.wav,/content/drive/MyDrive/SeaAlert/data/audio_noisy/low/1603.wav,/content/drive/MyDrive/SeaAlert/data/audio_noisy/med/1603.wav,/content/drive/MyDrive/SeaAlert/data/audio_noisy/high/1603.wav
1604,/content/drive/MyDrive/SeaAlert/data/audio_clean/wav/1604.wav,/content/drive/MyDrive/SeaAlert/data/audio_noisy/low/1604.wav,/content/drive/MyDrive/SeaAlert/data/audio_noisy/med/1604.wav,/content/drive/MyDrive/SeaAlert/data/audio_noisy/high/1604.wav
1605,/content/drive/MyDrive/SeaAlert/data/audio_clean/wav/1605.wav,/content/drive/MyDrive/SeaAlert/data/audio_noisy/low/1605.wav,/content/drive/MyDrive/SeaAlert/data/audio_noisy/med/1605.wav,/content/drive/MyDrive/SeaAlert/data/audio_noisy/high/1605.wav
1606,/content/drive/MyDrive/SeaAlert/data/audio_clean/wav/1606.wav,/content/drive/MyDrive/SeaAlert/data/audio_noisy/low/1606.wav,/content/drive/MyDrive/SeaAlert/data/audio_noisy/med/1606.wav,/content/drive/MyDrive/SeaAlert/data/audio_noisy/high/1606.wav
1607,/content/drive/MyDrive/SeaAlert/data/audio_clean/wav/1607.wav,/content/drive/MyDrive/SeaAlert/data/audio_noisy/low/1607.wav,/content/drive/MyDrive/SeaAlert/data/audio_noisy/med/1607.wav,/content/drive/MyDrive/SeaAlert/data/audio_noisy/high/1607.wav
1608,/content/drive/MyDrive/SeaAlert/data/audio_clean/wav/1608.wav,/content/drive/MyDrive/SeaAlert/data/audio_noisy/low/1608.wav,/content/drive/MyDrive/SeaAlert/data/audio_noisy/med/1608.wav,/content/drive/MyDrive/SeaAlert/data/audio_noisy/high/1608.wav
1609,/content/drive/MyDrive/SeaAlert/data/audio_clean/wav/1609.wav,/content/drive/MyDrive/SeaAlert/data/audio_noisy/low/1609.wav,/content/drive/MyDrive/SeaAlert/data/audio_noisy/med/1609.wav,/content/drive/MyDrive/SeaAlert/data/audio_noisy/high/1609.wav
1610,/content/drive/MyDrive/SeaAlert/data/audio_clean/wav/1610.wav,/content/drive/MyDrive/SeaAlert/data/audio_noisy/low/1610.wav,/content/drive/MyDrive/SeaAlert/data/audio_noisy/med/1610.wav,/content/drive/MyDrive/SeaAlert/data/audio_noisy/high/1610.wav
1611,/content/drive/MyDrive/SeaAlert/data/audio_clean/wav/1611.wav,/content/drive/MyDrive/SeaAlert/data/audio_noisy/low/1611.wav,/content/drive/MyDrive/SeaAlert/data/audio_noisy/med/1611.wav,/content/drive/MyDrive/SeaAlert/data/audio_noisy/high/1611.wav
1612,/content/drive/MyDrive/SeaAlert/data/audio_clean/wav/1612.wav,/content/drive/MyDrive/SeaAlert/data/audio_noisy/low/1612.wav,/content/drive/MyDrive/SeaAlert/data/audio_noisy/med/1612.wav,/content/drive/MyDrive/SeaAlert/data/audio_noisy/high/1612.wav
1613,/content/drive/MyDrive/SeaAlert/data/audio_clean/wav/1613.wav,/content/drive/MyDrive/SeaAlert/data/audio_noisy/low/1613.wav,/content/drive/MyDrive/SeaAlert/data/audio_noisy/med/1613.wav,/content/drive/MyDrive/SeaAlert/data/audio_noisy/high/1613.wav
1614,/content/drive/MyDrive/SeaAlert/data/audio_clean/wav/1614.wav,/content/drive/MyDrive/SeaAlert/data/audio_noisy/low/1614.wav,/content/drive/MyDrive/SeaAlert/data/audio_noisy/med/1614.wav,/content/drive/MyDrive/SeaAlert/data/audio_noisy/high/1614.wav
1615,/content/drive/MyDrive/SeaAlert/data/audio_clean/wav/1615.wav,/content/drive/MyDrive/SeaAlert/data/audio_noisy/low/1615.wav,/content/drive/MyDrive/SeaAlert/data/audio_noisy/med/1615.wav,/content/drive/MyDrive/SeaAlert/data/audio_noisy/high/1615.wav
1616,/content/drive/MyDrive/SeaAlert/data/audio_clean/wav/1616.wav,/content/drive/MyDrive/SeaAlert/data/audio_noisy/low/1616.wav,/content/drive/MyDrive/SeaAlert/data/audio_noisy/med/1616.wav,/content/drive/MyDrive/SeaAlert/data/audio_noisy/high/1616.wav
1617,/content/drive/MyDrive/SeaAlert/data/audio_clean/wav/1617.wav,/content/drive/MyDrive/SeaAlert/data/audio_noisy/low/1617.wav,/content/drive/MyDrive/SeaAlert/data/audio_noisy/med/1617.wav,/content/drive/MyDrive/SeaAlert/data/audio_noisy/high/1617.wav
1618,/content/drive/MyDrive/SeaAlert/data/audio_clean/wav/1618.wav,/content/drive/MyDrive/SeaAlert/data/audio_noisy/low/1618.wav,/content/drive/MyDrive/SeaAlert/data/audio_noisy/med/1618.wav,/content/drive/MyDrive/SeaAlert/data/audio_noisy/high/1618.wav
1619,/content/drive/MyDrive/SeaAlert/data/audio_clean/wav/1619.wav,/content/drive/MyDrive/SeaAlert/data/audio_noisy/low/1619.wav,/content/drive/MyDrive/SeaAlert/data/audio_noisy/med/1619.wav,/content/drive/MyDrive/SeaAlert/data/audio_noisy/high/1619.wav
1620,/content/drive/MyDrive/SeaAlert/data/audio_clean/wav/1620.wav,/content/drive/MyDrive/SeaAlert/data/audio_noisy/low/1620.wav,/content/drive/MyDrive/SeaAlert/data/audio_noisy/med/1620.wav,/content/drive/MyDrive/SeaAlert/data/audio_noisy/high/1620.wav
1621,/content/drive/MyDrive/SeaAlert/data/audio_clean/wav/1621.wav,/content/drive/MyDrive/SeaAlert/data/audio_noisy/low/1621.wav,/content/drive/MyDrive/SeaAlert/data/audio_noisy/med/1621.wav,/content/drive/MyDrive/SeaAlert/data/audio_noisy/high/1621.wav
1622,/content/drive/MyDrive/SeaAlert/data/audio_clean/wav/1622.wav,/content/drive/MyDrive/SeaAlert/data/audio_noisy/low/1622.wav,/content/drive/MyDrive/SeaAlert/data/audio_noisy/med/1622.wav,/content/drive/MyDrive/SeaAlert/data/audio_noisy/high/1622.wav
1623,/content/drive/MyDrive/SeaAlert/data/audio_clean/wav/1623.wav,/content/drive/MyDrive/SeaAlert/data/audio_noisy/low/1623.wav,/content/drive/MyDrive/SeaAlert/data/audio_noisy/med/1623.wav,/content/drive/MyDrive/SeaAlert/data/audio_noisy/high/1623.wav
1624,/content/drive/MyDrive/SeaAlert/data/audio_clean/wav/1624.wav,/content/drive/MyDrive/SeaAlert/data/audio_noisy/low/1624.wav,/content/drive/MyDrive/SeaAlert/data/audio_noisy/med/1624.wav,/content/drive/MyDrive/SeaAlert/data/audio_noisy/high/1624.wav
1625,/content/drive/MyDrive/SeaAlert/data/audio_clean/wav/1625.wav,/content/drive/MyDrive/SeaAlert/data/audio_noisy/low/1625.wav,/content/drive/MyDrive/SeaAlert/data/audio_noisy/med/1625.wav,/content/drive/MyDrive/SeaAlert/data/audio_noisy/high/1625.wav
1626,/content/drive/MyDrive/SeaAlert/data/audio_clean/wav/1626.wav,/content/drive/MyDrive/SeaAlert/data/audio_noisy/low/1626.wav,/content/drive/MyDrive/SeaAlert/data/audio_noisy/med/1626.wav,/content/drive/MyDrive/SeaAlert/data/audio_noisy/high/1626.wav
1627,/content/drive/MyDrive/SeaAlert/data/audio_clean/wav/1627.wav,/content/drive/MyDrive/SeaAlert/data/audio_noisy/low/1627.wav,/content/drive/MyDrive/SeaAlert/data/audio_noisy/med/1627.wav,/content/drive/MyDrive/SeaAlert/data/audio_noisy/high/1627.wav
1628,/content/drive/MyDrive/SeaAlert/data/audio_clean/wav/1628.wav,/content/drive/MyDrive/SeaAlert/data/audio_noisy/low/1628.wav,/content/drive/MyDrive/SeaAlert/data/audio_noisy/med/1628.wav,/content/drive/MyDrive/SeaAlert/data/audio_noisy/high/1628.wav
1629,/content/drive/MyDrive/SeaAlert/data/audio_clean/wav/1629.wav,/content/drive/MyDrive/SeaAlert/data/audio_noisy/low/1629.wav,/content/drive/MyDrive/SeaAlert/data/audio_noisy/med/1629.wav,/content/drive/MyDrive/SeaAlert/data/audio_noisy/high/1629.wav
1630,/content/drive/MyDrive/SeaAlert/data/audio_clean/wav/1630.wav,/content/drive/MyDrive/SeaAlert/data/audio_noisy/low/1630.wav,/content/drive/MyDrive/SeaAlert/data/audio_noisy/med/1630.wav,/content/drive/MyDrive/SeaAlert/data/audio_noisy/high/1630.wav
1631,/content/drive/MyDrive/SeaAlert/data/audio_clean/wav/1631.wav,/content/drive/MyDrive/SeaAlert/data/audio_noisy/low/1631.wav,/content/drive/MyDrive/SeaAlert/data/audio_noisy/med/1631.wav,/content/drive/MyDrive/SeaAlert/data/audio_noisy/high/1631.wav
1632,/content/drive/MyDrive/SeaAlert/data/audio_clean/wav/1632.wav,/content/drive/MyDrive/SeaAlert/data/audio_noisy/low/1632.wav,/content/drive/MyDrive/SeaAlert/data/audio_noisy/med/1632.wav,/content/drive/MyDrive/SeaAlert/data/audio_noisy/high/1632.wav
1633,/content/drive/MyDrive/SeaAlert/data/audio_clean/wav/1633.wav,/content/drive/MyDrive/SeaAlert/data/audio_noisy/low/1633.wav,/content/drive/MyDrive/SeaAlert/data/audio_noisy/med/1633.wav,/content/drive/MyDrive/SeaAlert/data/audio_noisy/high/1633.wav
1634,/content/drive/MyDrive/SeaAlert/data/audio_clean/wav/1634.wav,/content/drive/MyDrive/SeaAlert/data/audio_noisy/low/1634.wav,/content/drive/MyDrive/SeaAlert/data/audio_noisy/med/1634.wav,/content/drive/MyDrive/SeaAlert/data/audio_noisy/high/1634.wav
1635,/content/drive/MyDrive/SeaAlert/data/audio_clean/wav/1635.wav,/content/drive/MyDrive/SeaAlert/data/audio_noisy/low/1635.wav,/content/drive/MyDrive/SeaAlert/data/audio_noisy/med/1635.wav,/content/drive/MyDrive/SeaAlert/data/audio_noisy/high/1635.wav
1636,/content/drive/MyDrive/SeaAlert/data/audio_clean/wav/1636.wav,/content/drive/MyDrive/SeaAlert/data/audio_noisy/low/1636.wav,/content/drive/MyDrive/SeaAlert/data/audio_noisy/med/1636.wav,/content/drive/MyDrive/SeaAlert/data/audio_noisy/high/1636.wav
1637,/content/drive/MyDrive/SeaAlert/data/audio_clean/wav/1637.wav,/content/drive/MyDrive/SeaAlert/data/audio_noisy/low/1637.wav,/content/drive/MyDrive/SeaAlert/data/audio_noisy/med/1637.wav,/content/drive/MyDrive/SeaAlert/data/audio_noisy/high/1637.wav
1638,/content/drive/MyDrive/SeaAlert/data/audio_clean/wav/1638.wav,/content/drive/MyDrive/SeaAlert/data/audio_noisy/low/1638.wav,/content/drive/MyDrive/SeaAlert/data/audio_noisy/med/1638.wav,/content/drive/MyDrive/SeaAlert/data/audio_noisy/high/1638.wav
1639,/content/drive/MyDrive/SeaAlert/data/audio_clean/wav/1639.wav,/content/drive/MyDrive/SeaAlert/data/audio_noisy/low/1639.wav,/content/drive/MyDrive/SeaAlert/data/audio_noisy/med/1639.wav,/content/drive/MyDrive/SeaAlert/data/audio_noisy/high/1639.wav
1640,/content/drive/MyDrive/SeaAlert/data/audio_clean/wav/1640.wav,/content/drive/MyDrive/SeaAlert/data/audio_noisy/low/1640.wav,/content/drive/MyDrive/SeaAlert/data/audio_noisy/med/1640.wav,/content/drive/MyDrive/SeaAlert/data/audio_noisy/high/1640.wav
1641,/content/drive/MyDrive/SeaAlert/data/audio_clean/wav/1641.wav,/content/drive/MyDrive/SeaAlert/data/audio_noisy/low/1641.wav,/content/drive/MyDrive/SeaAlert/data/audio_noisy/med/1641.wav,/content/drive/MyDrive/SeaAlert/data/audio_noisy/high/1641.wav
1642,/content/drive/MyDrive/SeaAlert/data/audio_clean/wav/1642.wav,/content/drive/MyDrive/SeaAlert/data/audio_noisy/low/1642.wav,/content/drive/MyDrive/SeaAlert/data/audio_noisy/med/1642.wav,/content/drive/MyDrive/SeaAlert/data/audio_noisy/high/1642.wav
1643,/content/drive/MyDrive/SeaAlert/data/audio_clean/wav/1643.wav,/content/drive/MyDrive/SeaAlert/data/audio_noisy/low/1643.wav,/content/drive/MyDrive/SeaAlert/data/audio_noisy/med/1643.wav,/content/drive/MyDrive/SeaAlert/data/audio_noisy/high/1643.wav
1644,/content/drive/MyDrive/SeaAlert/data/audio_clean/wav/1644.wav,/content/drive/MyDrive/SeaAlert/data/audio_noisy/low/1644.wav,/content/drive/MyDrive/SeaAlert/data/audio_noisy/med/1644.wav,/content/drive/MyDrive/SeaAlert/data/audio_noisy/high/1644.wav
1645,/content/drive/MyDrive/SeaAlert/data/audio_clean/wav/1645.wav,/content/drive/MyDrive/SeaAlert/data/audio_noisy/low/1645.wav,/content/drive/MyDrive/SeaAlert/data/audio_noisy/med/1645.wav,/content/drive/MyDrive/SeaAlert/data/audio_noisy/high/1645.wav
1646,/content/drive/MyDrive/SeaAlert/data/audio_clean/wav/1646.wav,/content/drive/MyDrive/SeaAlert/data/audio_noisy/low/1646.wav,/content/drive/MyDrive/SeaAlert/data/audio_noisy/med/1646.wav,/content/drive/MyDrive/SeaAlert/data/audio_noisy/high/1646.wav
1647,/content/drive/MyDrive/SeaAlert/data/audio_clean/wav/1647.wav,/content/drive/MyDrive/SeaAlert/data/audio_noisy/low/1647.wav,/content/drive/MyDrive/SeaAlert/data/audio_noisy/med/1647.wav,/content/drive/MyDrive/SeaAlert/data/audio_noisy/high/1647.wav
1648,/content/drive/MyDrive/SeaAlert/data/audio_clean/wav/1648.wav,/content/drive/MyDrive/SeaAlert/data/audio_noisy/low/1648.wav,/content/drive/MyDrive/SeaAlert/data/audio_noisy/med/1648.wav,/content/drive/MyDrive/SeaAlert/data/audio_noisy/high/1648.wav
1649,/content/drive/MyDrive/SeaAlert/data/audio_clean/wav/1649.wav,/content/drive/MyDrive/SeaAlert/data/audio_noisy/low/1649.wav,/content/drive/MyDrive/SeaAlert/data/audio_noisy/med/1649.wav,/content/drive/MyDrive/SeaAlert/data/audio_noisy/high/1649.wav
1650,/content/drive/MyDrive/SeaAlert/data/audio_clean/wav/1650.wav,/content/drive/MyDrive/SeaAlert/data/audio_noisy/low/1650.wav,/content/drive/MyDrive/SeaAlert/data/audio_noisy/med/1650.wav,/content/drive/MyDrive/SeaAlert/data/audio_noisy/high/1650.wav
1651,/content/drive/MyDrive/SeaAlert/data/audio_clean/wav/1651.wav,/content/drive/MyDrive/SeaAlert/data/audio_noisy/low/1651.wav,/content/drive/MyDrive/SeaAlert/data/audio_noisy/med/1651.wav,/content/drive/MyDrive/SeaAlert/data/audio_noisy/high/1651.wav
1652,/content/drive/MyDrive/SeaAlert/data/audio_clean/wav/1652.wav,/content/drive/MyDrive/SeaAlert/data/audio_noisy/low/1652.wav,/content/drive/MyDrive/SeaAlert/data/audio_noisy/med/1652.wav,/content/drive/MyDrive/SeaAlert/data/audio_noisy/high/1652.wav
1653,/content/drive/MyDrive/SeaAlert/data/audio_clean/wav/1653.wav,/content/drive/MyDrive/SeaAlert/data/audio_noisy/low/1653.wav,/content/drive/MyDrive/SeaAlert/data/audio_noisy/med/1653.wav,/content/drive/MyDrive/SeaAlert/data/audio_noisy/high/1653.wav
1654,/content/drive/MyDrive/SeaAlert/data/audio_clean/wav/1654.wav,/content/drive/MyDrive/SeaAlert/data/audio_noisy/low/1654.wav,/content/drive/MyDrive/SeaAlert/data/audio_noisy/med/1654.wav,/content/drive/MyDrive/SeaAlert/data/audio_noisy/high/1654.wav
1655,/content/drive/MyDrive/SeaAlert/data/audio_clean/wav/1655.wav,/content/drive/MyDrive/SeaAlert/data/audio_noisy/low/1655.wav,/content/drive/MyDrive/SeaAlert/data/audio_noisy/med/1655.wav,/content/drive/MyDrive/SeaAlert/data/audio_noisy/high/1655.wav
1656,/content/drive/MyDrive/SeaAlert/data/audio_clean/wav/1656.wav,/content/drive/MyDrive/SeaAlert/data/audio_noisy/low/1656.wav,/content/drive/MyDrive/SeaAlert/data/audio_noisy/med/1656.wav,/content/drive/MyDrive/SeaAlert/data/audio_noisy/high/1656.wav
1657,/content/drive/MyDrive/SeaAlert/data/audio_clean/wav/1657.wav,/content/drive/MyDrive/SeaAlert/data/audio_noisy/low/1657.wav,/content/drive/MyDrive/SeaAlert/data/audio_noisy/med/1657.wav,/content/drive/MyDrive/SeaAlert/data/audio_noisy/high/1657.wav
1658,/content/drive/MyDrive/SeaAlert/data/audio_clean/wav/1658.wav,/content/drive/MyDrive/SeaAlert/data/audio_noisy/low/1658.wav,/content/drive/MyDrive/SeaAlert/data/audio_noisy/med/1658.wav,/content/drive/MyDrive/SeaAlert/data/audio_noisy/high/1658.wav
1659,/content/drive/MyDrive/SeaAlert/data/audio_clean/wav/1659.wav,/content/drive/MyDrive/SeaAlert/data/audio_noisy/low/1659.wav,/content/drive/MyDrive/SeaAlert/data/audio_noisy/med/1659.wav,/content/drive/MyDrive/SeaAlert/data/audio_noisy/high/1659.wav
1660,/content/drive/MyDrive/SeaAlert/data/audio_clean/wav/1660.wav,/content/drive/MyDrive/SeaAlert/data/audio_noisy/low/1660.wav,/content/drive/MyDrive/SeaAlert/data/audio_noisy/med/1660.wav,/content/drive/MyDrive/SeaAlert/data/audio_noisy/high/1660.wav
1661,/content/drive/MyDrive/SeaAlert/data/audio_clean/wav/1661.wav,/content/drive/MyDrive/SeaAlert/data/audio_noisy/low/1661.wav,/content/drive/MyDrive/SeaAlert/data/audio_noisy/med/1661.wav,/content/drive/MyDrive/SeaAlert/data/audio_noisy/high/1661.wav
1662,/content/drive/MyDrive/SeaAlert/data/audio_clean/wav/1662.wav,/content/drive/MyDrive/SeaAlert/data/audio_noisy/low/1662.wav,/content/drive/MyDrive/SeaAlert/data/audio_noisy/med/1662.wav,/content/drive/MyDrive/SeaAlert/data/audio_noisy/high/1662.wav
1663,/content/drive/MyDrive/SeaAlert/data/audio_clean/wav/1663.wav,/content/drive/MyDrive/SeaAlert/data/audio_noisy/low/1663.wav,/content/drive/MyDrive/SeaAlert/data/audio_noisy/med/1663.wav,/content/drive/MyDrive/SeaAlert/data/audio_noisy/high/1663.wav
1664,/content/drive/MyDrive/SeaAlert/data/audio_clean/wav/1664.wav,/content/drive/MyDrive/SeaAlert/data/audio_noisy/low/1664.wav,/content/drive/MyDrive/SeaAlert/data/audio_noisy/med/1664.wav,/content/drive/MyDrive/SeaAlert/data/audio_noisy/high/1664.wav
1665,/content/drive/MyDrive/SeaAlert/data/audio_clean/wav/1665.wav,/content/drive/MyDrive/SeaAlert/data/audio_noisy/low/1665.wav,/content/drive/MyDrive/SeaAlert/data/audio_noisy/med/1665.wav,/content/drive/MyDrive/SeaAlert/data/audio_noisy/high/1665.wav
1666,/content/drive/MyDrive/SeaAlert/data/audio_clean/wav/1666.wav,/content/drive/MyDrive/SeaAlert/data/audio_noisy/low/1666.wav,/content/drive/MyDrive/SeaAlert/data/audio_noisy/med/1666.wav,/content/drive/MyDrive/SeaAlert/data/audio_noisy/high/1666.wav
1667,/content/drive/MyDrive/SeaAlert/data/audio_clean/wav/1667.wav,/content/drive/MyDrive/SeaAlert/data/audio_noisy/low/1667.wav,/content/drive/MyDrive/SeaAlert/data/audio_noisy/med/1667.wav,/content/drive/MyDrive/SeaAlert/data/audio_noisy/high/1667.wav
1668,/content/drive/MyDrive/SeaAlert/data/audio_clean/wav/1668.wav,/content/drive/MyDrive/SeaAlert/data/audio_noisy/low/1668.wav,/content/drive/MyDrive/SeaAlert/data/audio_noisy/med/1668.wav,/content/drive/MyDrive/SeaAlert/data/audio_noisy/high/1668.wav
1669,/content/drive/MyDrive/SeaAlert/data/audio_clean/wav/1669.wav,/content/drive/MyDrive/SeaAlert/data/audio_noisy/low/1669.wav,/content/drive/MyDrive/SeaAlert/data/audio_noisy/med/1669.wav,/content/drive/MyDrive/SeaAlert/data/audio_noisy/high/1669.wav
1670,/content/drive/MyDrive/SeaAlert/data/audio_clean/wav/1670.wav,/content/drive/MyDrive/SeaAlert/data/audio_noisy/low/1670.wav,/content/drive/MyDrive/SeaAlert/data/audio_noisy/med/1670.wav,/content/drive/MyDrive/SeaAlert/data/audio_noisy/high/1670.wav
1671,/content/drive/MyDrive/SeaAlert/data/audio_clean/wav/1671.wav,/content/drive/MyDrive/SeaAlert/data/audio_noisy/low/1671.wav,/content/drive/MyDrive/SeaAlert/data/audio_noisy/med/1671.wav,/content/drive/MyDrive/SeaAlert/data/audio_noisy/high/1671.wav
1672,/content/drive/MyDrive/SeaAlert/data/audio_clean/wav/1672.wav,/content/drive/MyDrive/SeaAlert/data/audio_noisy/low/1672.wav,/content/drive/MyDrive/SeaAlert/data/audio_noisy/med/1672.wav,/content/drive/MyDrive/SeaAlert/data/audio_noisy/high/1672.wav
1673,/content/drive/MyDrive/SeaAlert/data/audio_clean/wav/1673.wav,/content/drive/MyDrive/SeaAlert/data/audio_noisy/low/1673.wav,/content/drive/MyDrive/SeaAlert/data/audio_noisy/med/1673.wav,/content/drive/MyDrive/SeaAlert/data/audio_noisy/high/1673.wav
1674,/content/drive/MyDrive/SeaAlert/data/audio_clean/wav/1674.wav,/content/drive/MyDrive/SeaAlert/data/audio_noisy/low/1674.wav,/content/drive/MyDrive/SeaAlert/data/audio_noisy/med/1674.wav,/content/drive/MyDrive/SeaAlert/data/audio_noisy/high/1674.wav
1675,/content/drive/MyDrive/SeaAlert/data/audio_clean/wav/1675.wav,/content/drive/MyDrive/SeaAlert/data/audio_noisy/low/1675.wav,/content/drive/MyDrive/SeaAlert/data/audio_noisy/med/1675.wav,/content/drive/MyDrive/SeaAlert/data/audio_noisy/high/1675.wav
1676,/content/drive/MyDrive/SeaAlert/data/audio_clean/wav/1676.wav,/content/drive/MyDrive/SeaAlert/data/audio_noisy/low/1676.wav,/content/drive/MyDrive/SeaAlert/data/audio_noisy/med/1676.wav,/content/drive/MyDrive/SeaAlert/data/audio_noisy/high/1676.wav
1677,/content/drive/MyDrive/SeaAlert/data/audio_clean/wav/1677.wav,/content/drive/MyDrive/SeaAlert/data/audio_noisy/low/1677.wav,/content/drive/MyDrive/SeaAlert/data/audio_noisy/med/1677.wav,/content/drive/MyDrive/SeaAlert/data/audio_noisy/high/1677.wav
1678,/content/drive/MyDrive/SeaAlert/data/audio_clean/wav/1678.wav,/content/drive/MyDrive/SeaAlert/data/audio_noisy/low/1678.wav,/content/drive/MyDrive/SeaAlert/data/audio_noisy/med/1678.wav,/content/drive/MyDrive/SeaAlert/data/audio_noisy/high/1678.wav
1679,/content/drive/MyDrive/SeaAlert/data/audio_clean/wav/1679.wav,/content/drive/MyDrive/SeaAlert/data/audio_noisy/low/1679.wav,/content/drive/MyDrive/SeaAlert/data/audio_noisy/med/1679.wav,/content/drive/MyDrive/SeaAlert/data/audio_noisy/high/1679.wav
1680,/content/drive/MyDrive/SeaAlert/data/audio_clean/wav/1680.wav,/content/drive/MyDrive/SeaAlert/data/audio_noisy/low/1680.wav,/content/drive/MyDrive/SeaAlert/data/audio_noisy/med/1680.wav,/content/drive/MyDrive/SeaAlert/data/audio_noisy/high/1680.wav
1681,/content/drive/MyDrive/SeaAlert/data/audio_clean/wav/1681.wav,/content/drive/MyDrive/SeaAlert/data/audio_noisy/low/1681.wav,/content/drive/MyDrive/SeaAlert/data/audio_noisy/med/1681.wav,/content/drive/MyDrive/SeaAlert/data/audio_noisy/high/1681.wav
1682,/content/drive/MyDrive/SeaAlert/data/audio_clean/wav/1682.wav,/content/drive/MyDrive/SeaAlert/data/audio_noisy/low/1682.wav,/content/drive/MyDrive/SeaAlert/data/audio_noisy/med/1682.wav,/content/drive/MyDrive/SeaAlert/data/audio_noisy/high/1682.wav
1683,/content/drive/MyDrive/SeaAlert/data/audio_clean/wav/1683.wav,/content/drive/MyDrive/SeaAlert/data/audio_noisy/low/1683.wav,/content/drive/MyDrive/SeaAlert/data/audio_noisy/med/1683.wav,/content/drive/MyDrive/SeaAlert/data/audio_noisy/high/1683.wav
1684,/content/drive/MyDrive/SeaAlert/data/audio_clean/wav/1684.wav,/content/drive/MyDrive/SeaAlert/data/audio_noisy/low/1684.wav,/content/drive/MyDrive/SeaAlert/data/audio_noisy/med/1684.wav,/content/drive/MyDrive/SeaAlert/data/audio_noisy/high/1684.wav
1685,/content/drive/MyDrive/SeaAlert/data/audio_clean/wav/1685.wav,/content/drive/MyDrive/SeaAlert/data/audio_noisy/low/1685.wav,/content/drive/MyDrive/SeaAlert/data/audio_noisy/med/1685.wav,/content/drive/MyDrive/SeaAlert/data/audio_noisy/high/1685.wav
1686,/content/drive/MyDrive/SeaAlert/data/audio_clean/wav/1686.wav,/content/drive/MyDrive/SeaAlert/data/audio_noisy/low/1686.wav,/content/drive/MyDrive/SeaAlert/data/audio_noisy/med/1686.wav,/content/drive/MyDrive/SeaAlert/data/audio_noisy/high/1686.wav
1687,/content/drive/MyDrive/SeaAlert/data/audio_clean/wav/1687.wav,/content/drive/MyDrive/SeaAlert/data/audio_noisy/low/1687.wav,/content/drive/MyDrive/SeaAlert/data/audio_noisy/med/1687.wav,/content/drive/MyDrive/SeaAlert/data/audio_noisy/high/1687.wav
1688,/content/drive/MyDrive/SeaAlert/data/audio_clean/wav/1688.wav,/content/drive/MyDrive/SeaAlert/data/audio_noisy/low/1688.wav,/content/drive/MyDrive/SeaAlert/data/audio_noisy/med/1688.wav,/content/drive/MyDrive/SeaAlert/data/audio_noisy/high/1688.wav
1689,/content/drive/MyDrive/SeaAlert/data/audio_clean/wav/1689.wav,/content/drive/MyDrive/SeaAlert/data/audio_noisy/low/1689.wav,/content/drive/MyDrive/SeaAlert/data/audio_noisy/med/1689.wav,/content/drive/MyDrive/SeaAlert/data/audio_noisy/high/1689.wav
1690,/content/drive/MyDrive/SeaAlert/data/audio_clean/wav/1690.wav,/content/drive/MyDrive/SeaAlert/data/audio_noisy/low/1690.wav,/content/drive/MyDrive/SeaAlert/data/audio_noisy/med/1690.wav,/content/drive/MyDrive/SeaAlert/data/audio_noisy/high/1690.wav
1691,/content/drive/MyDrive/SeaAlert/data/audio_clean/wav/1691.wav,/content/drive/MyDrive/SeaAlert/data/audio_noisy/low/1691.wav,/content/drive/MyDrive/SeaAlert/data/audio_noisy/med/1691.wav,/content/drive/MyDrive/SeaAlert/data/audio_noisy/high/1691.wav
1692,/content/drive/MyDrive/SeaAlert/data/audio_clean/wav/1692.wav,/content/drive/MyDrive/SeaAlert/data/audio_noisy/low/1692.wav,/content/drive/MyDrive/SeaAlert/data/audio_noisy/med/1692.wav,/content/drive/MyDrive/SeaAlert/data/audio_noisy/high/1692.wav
1693,/content/drive/MyDrive/SeaAlert/data/audio_clean/wav/1693.wav,/content/drive/MyDrive/SeaAlert/data/audio_noisy/low/1693.wav,/content/drive/MyDrive/SeaAlert/data/audio_noisy/med/1693.wav,/content/drive/MyDrive/SeaAlert/data/audio_noisy/high/1693.wav
1694,/content/drive/MyDrive/SeaAlert/data/audio_clean/wav/1694.wav,/content/drive/MyDrive/SeaAlert/data/audio_noisy/low/1694.wav,/content/drive/MyDrive/SeaAlert/data/audio_noisy/med/1694.wav,/content/drive/MyDrive/SeaAlert/data/audio_noisy/high/1694.wav
1695,/content/drive/MyDrive/SeaAlert/data/audio_clean/wav/1695.wav,/content/drive/MyDrive/SeaAlert/data/audio_noisy/low/1695.wav,/content/drive/MyDrive/SeaAlert/data/audio_noisy/med/1695.wav,/content/drive/MyDrive/SeaAlert/data/audio_noisy/high/1695.wav
1696,/content/drive/MyDrive/SeaAlert/data/audio_clean/wav/1696.wav,/content/drive/MyDrive/SeaAlert/data/audio_noisy/low/1696.wav,/content/drive/MyDrive/SeaAlert/data/audio_noisy/med/1696.wav,/content/drive/MyDrive/SeaAlert/data/audio_noisy/high/1696.wav
1697,/content/drive/MyDrive/SeaAlert/data/audio_clean/wav/1697.wav,/content/drive/MyDrive/SeaAlert/data/audio_noisy/low/1697.wav,/content/drive/MyDrive/SeaAlert/data/audio_noisy/med/1697.wav,/content/drive/MyDrive/SeaAlert/data/audio_noisy/high/1697.wav
1698,/content/drive/MyDrive/SeaAlert/data/audio_clean/wav/1698.wav,/content/drive/MyDrive/SeaAlert/data/audio_noisy/low/1698.wav,/content/drive/MyDrive/SeaAlert/data/audio_noisy/med/1698.wav,/content/drive/MyDrive/SeaAlert/data/audio_noisy/high/1698.wav
1699,/content/drive/MyDrive/SeaAlert/data/audio_clean/wav/1699.wav,/content/drive/MyDrive/SeaAlert/data/audio_noisy/low/1699.wav,/content/drive/MyDrive/SeaAlert/data/audio_noisy/med/1699.wav,/content/drive/MyDrive/SeaAlert/data/audio_noisy/high/1699.wav
1700,/content/drive/MyDrive/SeaAlert/data/audio_clean/wav/1700.wav,/content/drive/MyDrive/SeaAlert/data/audio_noisy/low/1700.wav,/content/drive/MyDrive/SeaAlert/data/audio_noisy/med/1700.wav,/content/drive/MyDrive/SeaAlert/data/audio_noisy/high/1700.wav
1701,/content/drive/MyDrive/SeaAlert/data/audio_clean/wav/1701.wav,/content/drive/MyDrive/SeaAlert/data/audio_noisy/low/1701.wav,/content/drive/MyDrive/SeaAlert/data/audio_noisy/med/1701.wav,/content/drive/MyDrive/SeaAlert/data/audio_noisy/high/1701.wav
1702,/content/drive/MyDrive/SeaAlert/data/audio_clean/wav/1702.wav,/content/drive/MyDrive/SeaAlert/data/audio_noisy/low/1702.wav,/content/drive/MyDrive/SeaAlert/data/audio_noisy/med/1702.wav,/content/drive/MyDrive/SeaAlert/data/audio_noisy/high/1702.wav
1703,/content/drive/MyDrive/SeaAlert/data/audio_clean/wav/1703.wav,/content/drive/MyDrive/SeaAlert/data/audio_noisy/low/1703.wav,/content/drive/MyDrive/SeaAlert/data/audio_noisy/med/1703.wav,/content/drive/MyDrive/SeaAlert/data/audio_noisy/high/1703.wav
1704,/content/drive/MyDrive/SeaAlert/data/audio_clean/wav/1704.wav,/content/drive/MyDrive/SeaAlert/data/audio_noisy/low/1704.wav,/content/drive/MyDrive/SeaAlert/data/audio_noisy/med/1704.wav,/content/drive/MyDrive/SeaAlert/data/audio_noisy/high/1704.wav
1705,/content/drive/MyDrive/SeaAlert/data/audio_clean/wav/1705.wav,/content/drive/MyDrive/SeaAlert/data/audio_noisy/low/1705.wav,/content/drive/MyDrive/SeaAlert/data/audio_noisy/med/1705.wav,/content/drive/MyDrive/SeaAlert/data/audio_noisy/high/1705.wav
1706,/content/drive/MyDrive/SeaAlert/data/audio_clean/wav/1706.wav,/content/drive/MyDrive/SeaAlert/data/audio_noisy/low/1706.wav,/content/drive/MyDrive/SeaAlert/data/audio_noisy/med/1706.wav,/content/drive/MyDrive/SeaAlert/data/audio_noisy/high/1706.wav
1707,/content/drive/MyDrive/SeaAlert/data/audio_clean/wav/1707.wav,/content/drive/MyDrive/SeaAlert/data/audio_noisy/low/1707.wav,/content/drive/MyDrive/SeaAlert/data/audio_noisy/med/1707.wav,/content/drive/MyDrive/SeaAlert/data/audio_noisy/high/1707.wav
1708,/content/drive/MyDrive/SeaAlert/data/audio_clean/wav/1708.wav,/content/drive/MyDrive/SeaAlert/data/audio_noisy/low/1708.wav,/content/drive/MyDrive/SeaAlert/data/audio_noisy/med/1708.wav,/content/drive/MyDrive/SeaAlert/data/audio_noisy/high/1708.wav
1709,/content/drive/MyDrive/SeaAlert/data/audio_clean/wav/1709.wav,/content/drive/MyDrive/SeaAlert/data/audio_noisy/low/1709.wav,/content/drive/MyDrive/SeaAlert/data/audio_noisy/med/1709.wav,/content/drive/MyDrive/SeaAlert/data/audio_noisy/high/1709.wav
1710,/content/drive/MyDrive/SeaAlert/data/audio_clean/wav/1710.wav,/content/drive/MyDrive/SeaAlert/data/audio_noisy/low/1710.wav,/content/drive/MyDrive/SeaAlert/data/audio_noisy/med/1710.wav,/content/drive/MyDrive/SeaAlert/data/audio_noisy/high/1710.wav
1711,/content/drive/MyDrive/SeaAlert/data/audio_clean/wav/1711.wav,/content/drive/MyDrive/SeaAlert/data/audio_noisy/low/1711.wav,/content/drive/MyDrive/SeaAlert/data/audio_noisy/med/1711.wav,/content/drive/MyDrive/SeaAlert/data/audio_noisy/high/1711.wav
1712,/content/drive/MyDrive/SeaAlert/data/audio_clean/wav/1712.wav,/content/drive/MyDrive/SeaAlert/data/audio_noisy/low/1712.wav,/content/drive/MyDrive/SeaAlert/data/audio_noisy/med/1712.wav,/content/drive/MyDrive/SeaAlert/data/audio_noisy/high/1712.wav
1713,/content/drive/MyDrive/SeaAlert/data/audio_clean/wav/1713.wav,/content/drive/MyDrive/SeaAlert/data/audio_noisy/low/1713.wav,/content/drive/MyDrive/SeaAlert/data/audio_noisy/med/1713.wav,/content/drive/MyDrive/SeaAlert/data/audio_noisy/high/1713.wav
1714,/content/drive/MyDrive/SeaAlert/data/audio_clean/wav/1714.wav,/content/drive/MyDrive/SeaAlert/data/audio_noisy/low/1714.wav,/content/drive/MyDrive/SeaAlert/data/audio_noisy/med/1714.wav,/content/drive/MyDrive/SeaAlert/data/audio_noisy/high/1714.wav
1715,/content/drive/MyDrive/SeaAlert/data/audio_clean/wav/1715.wav,/content/drive/MyDrive/SeaAlert/data/audio_noisy/low/1715.wav,/content/drive/MyDrive/SeaAlert/data/audio_noisy/med/1715.wav,/content/drive/MyDrive/SeaAlert/data/audio_noisy/high/1715.wav
1716,/content/drive/MyDrive/SeaAlert/data/audio_clean/wav/1716.wav,/content/drive/MyDrive/SeaAlert/data/audio_noisy/low/1716.wav,/content/drive/MyDrive/SeaAlert/data/audio_noisy/med/1716.wav,/content/drive/MyDrive/SeaAlert/data/audio_noisy/high/1716.wav
1717,/content/drive/MyDrive/SeaAlert/data/audio_clean/wav/1717.wav,/content/drive/MyDrive/SeaAlert/data/audio_noisy/low/1717.wav,/content/drive/MyDrive/SeaAlert/data/audio_noisy/med/1717.wav,/content/drive/MyDrive/SeaAlert/data/audio_noisy/high/1717.wav
1718,/content/drive/MyDrive/SeaAlert/data/audio_clean/wav/1718.wav,/content/drive/MyDrive/SeaAlert/data/audio_noisy/low/1718.wav,/content/drive/MyDrive/SeaAlert/data/audio_noisy/med/1718.wav,/content/drive/MyDrive/SeaAlert/data/audio_noisy/high/1718.wav
1719,/content/drive/MyDrive/SeaAlert/data/audio_clean/wav/1719.wav,/content/drive/MyDrive/SeaAlert/data/audio_noisy/low/1719.wav,/content/drive/MyDrive/SeaAlert/data/audio_noisy/med/1719.wav,/content/drive/MyDrive/SeaAlert/data/audio_noisy/high/1719.wav
1720,/content/drive/MyDrive/SeaAlert/data/audio_clean/wav/1720.wav,/content/drive/MyDrive/SeaAlert/data/audio_noisy/low/1720.wav,/content/drive/MyDrive/SeaAlert/data/audio_noisy/med/1720.wav,/content/drive/MyDrive/SeaAlert/data/audio_noisy/high/1720.wav
1721,/content/drive/MyDrive/SeaAlert/data/audio_clean/wav/1721.wav,/content/drive/MyDrive/SeaAlert/data/audio_noisy/low/1721.wav,/content/drive/MyDrive/SeaAlert/data/audio_noisy/med/1721.wav,/content/drive/MyDrive/SeaAlert/data/audio_noisy/high/1721.wav
1722,/content/drive/MyDrive/SeaAlert/data/audio_clean/wav/1722.wav,/content/drive/MyDrive/SeaAlert/data/audio_noisy/low/1722.wav,/content/drive/MyDrive/SeaAlert/data/audio_noisy/med/1722.wav,/content/drive/MyDrive/SeaAlert/data/audio_noisy/high/1722.wav
1723,/content/drive/MyDrive/SeaAlert/data/audio_clean/wav/1723.wav,/content/drive/MyDrive/SeaAlert/data/audio_noisy/low/1723.wav,/content/drive/MyDrive/SeaAlert/data/audio_noisy/med/1723.wav,/content/drive/MyDrive/SeaAlert/data/audio_noisy/high/1723.wav
1724,/content/drive/MyDrive/SeaAlert/data/audio_clean/wav/1724.wav,/content/drive/MyDrive/SeaAlert/data/audio_noisy/low/1724.wav,/content/drive/MyDrive/SeaAlert/data/audio_noisy/med/1724.wav,/content/drive/MyDrive/SeaAlert/data/audio_noisy/high/1724.wav
1725,/content/drive/MyDrive/SeaAlert/data/audio_clean/wav/1725.wav,/content/drive/MyDrive/SeaAlert/data/audio_noisy/low/1725.wav,/content/drive/MyDrive/SeaAlert/data/audio_noisy/med/1725.wav,/content/drive/MyDrive/SeaAlert/data/audio_noisy/high/1725.wav
1726,/content/drive/MyDrive/SeaAlert/data/audio_clean/wav/1726.wav,/content/drive/MyDrive/SeaAlert/data/audio_noisy/low/1726.wav,/content/drive/MyDrive/SeaAlert/data/audio_noisy/med/1726.wav,/content/drive/MyDrive/SeaAlert/data/audio_noisy/high/1726.wav
1727,/content/drive/MyDrive/SeaAlert/data/audio_clean/wav/1727.wav,/content/drive/MyDrive/SeaAlert/data/audio_noisy/low/1727.wav,/content/drive/MyDrive/SeaAlert/data/audio_noisy/med/1727.wav,/content/drive/MyDrive/SeaAlert/data/audio_noisy/high/1727.wav
1728,/content/drive/MyDrive/SeaAlert/data/audio_clean/wav/1728.wav,/content/drive/MyDrive/SeaAlert/data/audio_noisy/low/1728.wav,/content/drive/MyDrive/SeaAlert/data/audio_noisy/med/1728.wav,/content/drive/MyDrive/SeaAlert/data/audio_noisy/high/1728.wav
1729,/content/drive/MyDrive/SeaAlert/data/audio_clean/wav/1729.wav,/content/drive/MyDrive/SeaAlert/data/audio_noisy/low/1729.wav,/content/drive/MyDrive/SeaAlert/data/audio_noisy/med/1729.wav,/content/drive/MyDrive/SeaAlert/data/audio_noisy/high/1729.wav
1730,/content/drive/MyDrive/SeaAlert/data/audio_clean/wav/1730.wav,/content/drive/MyDrive/SeaAlert/data/audio_noisy/low/1730.wav,/content/drive/MyDrive/SeaAlert/data/audio_noisy/med/1730.wav,/content/drive/MyDrive/SeaAlert/data/audio_noisy/high/1730.wav
1731,/content/drive/MyDrive/SeaAlert/data/audio_clean/wav/1731.wav,/content/drive/MyDrive/SeaAlert/data/audio_noisy/low/1731.wav,/content/drive/MyDrive/SeaAlert/data/audio_noisy/med/1731.wav,/content/drive/MyDrive/SeaAlert/data/audio_noisy/high/1731.wav
1732,/content/drive/MyDrive/SeaAlert/data/audio_clean/wav/1732.wav,/content/drive/MyDrive/SeaAlert/data/audio_noisy/low/1732.wav,/content/drive/MyDrive/SeaAlert/data/audio_noisy/med/1732.wav,/content/drive/MyDrive/SeaAlert/data/audio_noisy/high/1732.wav
1733,/content/drive/MyDrive/SeaAlert/data/audio_clean/wav/1733.wav,/content/drive/MyDrive/SeaAlert/data/audio_noisy/low/1733.wav,/content/drive/MyDrive/SeaAlert/data/audio_noisy/med/1733.wav,/content/drive/MyDrive/SeaAlert/data/audio_noisy/high/1733.wav
1734,/content/drive/MyDrive/SeaAlert/data/audio_clean/wav/1734.wav,/content/drive/MyDrive/SeaAlert/data/audio_noisy/low/1734.wav,/content/drive/MyDrive/SeaAlert/data/audio_noisy/med/1734.wav,/content/drive/MyDrive/SeaAlert/data/audio_noisy/high/1734.wav
1735,/content/drive/MyDrive/SeaAlert/data/audio_clean/wav/1735.wav,/content/drive/MyDrive/SeaAlert/data/audio_noisy/low/1735.wav,/content/drive/MyDrive/SeaAlert/data/audio_noisy/med/1735.wav,/content/drive/MyDrive/SeaAlert/data/audio_noisy/high/1735.wav
1736,/content/drive/MyDrive/SeaAlert/data/audio_clean/wav/1736.wav,/content/drive/MyDrive/SeaAlert/data/audio_noisy/low/1736.wav,/content/drive/MyDrive/SeaAlert/data/audio_noisy/med/1736.wav,/content/drive/MyDrive/SeaAlert/data/audio_noisy/high/1736.wav
1737,/content/drive/MyDrive/SeaAlert/data/audio_clean/wav/1737.wav,/content/drive/MyDrive/SeaAlert/data/audio_noisy/low/1737.wav,/content/drive/MyDrive/SeaAlert/data/audio_noisy/med/1737.wav,/content/drive/MyDrive/SeaAlert/data/audio_noisy/high/1737.wav
1738,/content/drive/MyDrive/SeaAlert/data/audio_clean/wav/1738.wav,/content/drive/MyDrive/SeaAlert/data/audio_noisy/low/1738.wav,/content/drive/MyDrive/SeaAlert/data/audio_noisy/med/1738.wav,/content/drive/MyDrive/SeaAlert/data/audio_noisy/high/1738.wav
1739,/content/drive/MyDrive/SeaAlert/data/audio_clean/wav/1739.wav,/content/drive/MyDrive/SeaAlert/data/audio_noisy/low/1739.wav,/content/drive/MyDrive/SeaAlert/data/audio_noisy/med/1739.wav,/content/drive/MyDrive/SeaAlert/data/audio_noisy/high/1739.wav
1740,/content/drive/MyDrive/SeaAlert/data/audio_clean/wav/1740.wav,/content/drive/MyDrive/SeaAlert/data/audio_noisy/low/1740.wav,/content/drive/MyDrive/SeaAlert/data/audio_noisy/med/1740.wav,/content/drive/MyDrive/SeaAlert/data/audio_noisy/high/1740.wav
1741,/content/drive/MyDrive/SeaAlert/data/audio_clean/wav/1741.wav,/content/drive/MyDrive/SeaAlert/data/audio_noisy/low/1741.wav,/content/drive/MyDrive/SeaAlert/data/audio_noisy/med/1741.wav,/content/drive/MyDrive/SeaAlert/data/audio_noisy/high/1741.wav
1742,/content/drive/MyDrive/SeaAlert/data/audio_clean/wav/1742.wav,/content/drive/MyDrive/SeaAlert/data/audio_noisy/low/1742.wav,/content/drive/MyDrive/SeaAlert/data/audio_noisy/med/1742.wav,/content/drive/MyDrive/SeaAlert/data/audio_noisy/high/1742.wav
1743,/content/drive/MyDrive/SeaAlert/data/audio_clean/wav/1743.wav,/content/drive/MyDrive/SeaAlert/data/audio_noisy/low/1743.wav,/content/drive/MyDrive/SeaAlert/data/audio_noisy/med/1743.wav,/content/drive/MyDrive/SeaAlert/data/audio_noisy/high/1743.wav
1744,/content/drive/MyDrive/SeaAlert/data/audio_clean/wav/1744.wav,/content/drive/MyDrive/SeaAlert/data/audio_noisy/low/1744.wav,/content/drive/MyDrive/SeaAlert/data/audio_noisy/med/1744.wav,/content/drive/MyDrive/SeaAlert/data/audio_noisy/high/1744.wav
1745,/content/drive/MyDrive/SeaAlert/data/audio_clean/wav/1745.wav,/content/drive/MyDrive/SeaAlert/data/audio_noisy/low/1745.wav,/content/drive/MyDrive/SeaAlert/data/audio_noisy/med/1745.wav,/content/drive/MyDrive/SeaAlert/data/audio_noisy/high/1745.wav
1746,/content/drive/MyDrive/SeaAlert/data/audio_clean/wav/1746.wav,/content/drive/MyDrive/SeaAlert/data/audio_noisy/low/1746.wav,/content/drive/MyDrive/SeaAlert/data/audio_noisy/med/1746.wav,/content/drive/MyDrive/SeaAlert/data/audio_noisy/high/1746.wav
1747,/content/drive/MyDrive/SeaAlert/data/audio_clean/wav/1747.wav,/content/drive/MyDrive/SeaAlert/data/audio_noisy/low/1747.wav,/content/drive/MyDrive/SeaAlert/data/audio_noisy/med/1747.wav,/content/drive/MyDrive/SeaAlert/data/audio_noisy/high/1747.wav
1748,/content/drive/MyDrive/SeaAlert/data/audio_clean/wav/1748.wav,/content/drive/MyDrive/SeaAlert/data/audio_noisy/low/1748.wav,/content/drive/MyDrive/SeaAlert/data/audio_noisy/med/1748.wav,/content/drive/MyDrive/SeaAlert/data/audio_noisy/high/1748.wav
1749,/content/drive/MyDrive/SeaAlert/data/audio_clean/wav/1749.wav,/content/drive/MyDrive/SeaAlert/data/audio_noisy/low/1749.wav,/content/drive/MyDrive/SeaAlert/data/audio_noisy/med/1749.wav,/content/drive/MyDrive/SeaAlert/data/audio_noisy/high/1749.wav
1750,/content/drive/MyDrive/SeaAlert/data/audio_clean/wav/1750.wav,/content/drive/MyDrive/SeaAlert/data/audio_noisy/low/1750.wav,/content/drive/MyDrive/SeaAlert/data/audio_noisy/med/1750.wav,/content/drive/MyDrive/SeaAlert/data/audio_noisy/high/1750.wav
1751,/content/drive/MyDrive/SeaAlert/data/audio_clean/wav/1751.wav,/content/drive/MyDrive/SeaAlert/data/audio_noisy/low/1751.wav,/content/drive/MyDrive/SeaAlert/data/audio_noisy/med/1751.wav,/content/drive/MyDrive/SeaAlert/data/audio_noisy/high/1751.wav
1752,/content/drive/MyDrive/SeaAlert/data/audio_clean/wav/1752.wav,/content/drive/MyDrive/SeaAlert/data/audio_noisy/low/1752.wav,/content/drive/MyDrive/SeaAlert/data/audio_noisy/med/1752.wav,/content/drive/MyDrive/SeaAlert/data/audio_noisy/high/1752.wav
1753,/content/drive/MyDrive/SeaAlert/data/audio_clean/wav/1753.wav,/content/drive/MyDrive/SeaAlert/data/audio_noisy/low/1753.wav,/content/drive/MyDrive/SeaAlert/data/audio_noisy/med/1753.wav,/content/drive/MyDrive/SeaAlert/data/audio_noisy/high/1753.wav
1754,/content/drive/MyDrive/SeaAlert/data/audio_clean/wav/1754.wav,/content/drive/MyDrive/SeaAlert/data/audio_noisy/low/1754.wav,/content/drive/MyDrive/SeaAlert/data/audio_noisy/med/1754.wav,/content/drive/MyDrive/SeaAlert/data/audio_noisy/high/1754.wav
1755,/content/drive/MyDrive/SeaAlert/data/audio_clean/wav/1755.wav,/content/drive/MyDrive/SeaAlert/data/audio_noisy/low/1755.wav,/content/drive/MyDrive/SeaAlert/data/audio_noisy/med/1755.wav,/content/drive/MyDrive/SeaAlert/data/audio_noisy/high/1755.wav
1756,/content/drive/MyDrive/SeaAlert/data/audio_clean/wav/1756.wav,/content/drive/MyDrive/SeaAlert/data/audio_noisy/low/1756.wav,/content/drive/MyDrive/SeaAlert/data/audio_noisy/med/1756.wav,/content/drive/MyDrive/SeaAlert/data/audio_noisy/high/1756.wav
1757,/content/drive/MyDrive/SeaAlert/data/audio_clean/wav/1757.wav,/content/drive/MyDrive/SeaAlert/data/audio_noisy/low/1757.wav,/content/drive/MyDrive/SeaAlert/data/audio_noisy/med/1757.wav,/content/drive/MyDrive/SeaAlert/data/audio_noisy/high/1757.wav
1758,/content/drive/MyDrive/SeaAlert/data/audio_clean/wav/1758.wav,/content/drive/MyDrive/SeaAlert/data/audio_noisy/low/1758.wav,/content/drive/MyDrive/SeaAlert/data/audio_noisy/med/1758.wav,/content/drive/MyDrive/SeaAlert/data/audio_noisy/high/1758.wav
1759,/content/drive/MyDrive/SeaAlert/data/audio_clean/wav/1759.wav,/content/drive/MyDrive/SeaAlert/data/audio_noisy/low/1759.wav,/content/drive/MyDrive/SeaAlert/data/audio_noisy/med/1759.wav,/content/drive/MyDrive/SeaAlert/data/audio_noisy/high/1759.wav
1760,/content/drive/MyDrive/SeaAlert/data/audio_clean/wav/1760.wav,/content/drive/MyDrive/SeaAlert/data/audio_noisy/low/1760.wav,/content/drive/MyDrive/SeaAlert/data/audio_noisy/med/1760.wav,/content/drive/MyDrive/SeaAlert/data/audio_noisy/high/1760.wav
1761,/content/drive/MyDrive/SeaAlert/data/audio_clean/wav/1761.wav,/content/drive/MyDrive/SeaAlert/data/audio_noisy/low/1761.wav,/content/drive/MyDrive/SeaAlert/data/audio_noisy/med/1761.wav,/content/drive/MyDrive/SeaAlert/data/audio_noisy/high/1761.wav
1762,/content/drive/MyDrive/SeaAlert/data/audio_clean/wav/1762.wav,/content/drive/MyDrive/SeaAlert/data/audio_noisy/low/1762.wav,/content/drive/MyDrive/SeaAlert/data/audio_noisy/med/1762.wav,/content/drive/MyDrive/SeaAlert/data/audio_noisy/high/1762.wav
1763,/content/drive/MyDrive/SeaAlert/data/audio_clean/wav/1763.wav,/content/drive/MyDrive/SeaAlert/data/audio_noisy/low/1763.wav,/content/drive/MyDrive/SeaAlert/data/audio_noisy/med/1763.wav,/content/drive/MyDrive/SeaAlert/data/audio_noisy/high/1763.wav
1764,/content/drive/MyDrive/SeaAlert/data/audio_clean/wav/1764.wav,/content/drive/MyDrive/SeaAlert/data/audio_noisy/low/1764.wav,/content/drive/MyDrive/SeaAlert/data/audio_noisy/med/1764.wav,/content/drive/MyDrive/SeaAlert/data/audio_noisy/high/1764.wav
1765,/content/drive/MyDrive/SeaAlert/data/audio_clean/wav/1765.wav,/content/drive/MyDrive/SeaAlert/data/audio_noisy/low/1765.wav,/content/drive/MyDrive/SeaAlert/data/audio_noisy/med/1765.wav,/content/drive/MyDrive/SeaAlert/data/audio_noisy/high/1765.wav
1766,/content/drive/MyDrive/SeaAlert/data/audio_clean/wav/1766.wav,/content/drive/MyDrive/SeaAlert/data/audio_noisy/low/1766.wav,/content/drive/MyDrive/SeaAlert/data/audio_noisy/med/1766.wav,/content/drive/MyDrive/SeaAlert/data/audio_noisy/high/1766.wav
1767,/content/drive/MyDrive/SeaAlert/data/audio_clean/wav/1767.wav,/content/drive/MyDrive/SeaAlert/data/audio_noisy/low/1767.wav,/content/drive/MyDrive/SeaAlert/data/audio_noisy/med/1767.wav,/content/drive/MyDrive/SeaAlert/data/audio_noisy/high/1767.wav
1768,/content/drive/MyDrive/SeaAlert/data/audio_clean/wav/1768.wav,/content/drive/MyDrive/SeaAlert/data/audio_noisy/low/1768.wav,/content/drive/MyDrive/SeaAlert/data/audio_noisy/med/1768.wav,/content/drive/MyDrive/SeaAlert/data/audio_noisy/high/1768.wav
1769,/content/drive/MyDrive/SeaAlert/data/audio_clean/wav/1769.wav,/content/drive/MyDrive/SeaAlert/data/audio_noisy/low/1769.wav,/content/drive/MyDrive/SeaAlert/data/audio_noisy/med/1769.wav,/content/drive/MyDrive/SeaAlert/data/audio_noisy/high/1769.wav
1770,/content/drive/MyDrive/SeaAlert/data/audio_clean/wav/1770.wav,/content/drive/MyDrive/SeaAlert/data/audio_noisy/low/1770.wav,/content/drive/MyDrive/SeaAlert/data/audio_noisy/med/1770.wav,/content/drive/MyDrive/SeaAlert/data/audio_noisy/high/1770.wav
1771,/content/drive/MyDrive/SeaAlert/data/audio_clean/wav/1771.wav,/content/drive/MyDrive/SeaAlert/data/audio_noisy/low/1771.wav,/content/drive/MyDrive/SeaAlert/data/audio_noisy/med/1771.wav,/content/drive/MyDrive/SeaAlert/data/audio_noisy/high/1771.wav
1772,/content/drive/MyDrive/SeaAlert/data/audio_clean/wav/1772.wav,/content/drive/MyDrive/SeaAlert/data/audio_noisy/low/1772.wav,/content/drive/MyDrive/SeaAlert/data/audio_noisy/med/1772.wav,/content/drive/MyDrive/SeaAlert/data/audio_noisy/high/1772.wav
1773,/content/drive/MyDrive/SeaAlert/data/audio_clean/wav/1773.wav,/content/drive/MyDrive/SeaAlert/data/audio_noisy/low/1773.wav,/content/drive/MyDrive/SeaAlert/data/audio_noisy/med/1773.wav,/content/drive/MyDrive/SeaAlert/data/audio_noisy/high/1773.wav
1774,/content/drive/MyDrive/SeaAlert/data/audio_clean/wav/1774.wav,/content/drive/MyDrive/SeaAlert/data/audio_noisy/low/1774.wav,/content/drive/MyDrive/SeaAlert/data/audio_noisy/med/1774.wav,/content/drive/MyDrive/SeaAlert/data/audio_noisy/high/1774.wav
1775,/content/drive/MyDrive/SeaAlert/data/audio_clean/wav/1775.wav,/content/drive/MyDrive/SeaAlert/data/audio_noisy/low/1775.wav,/content/drive/MyDrive/SeaAlert/data/audio_noisy/med/1775.wav,/content/drive/MyDrive/SeaAlert/data/audio_noisy/high/1775.wav
1776,/content/drive/MyDrive/SeaAlert/data/audio_clean/wav/1776.wav,/content/drive/MyDrive/SeaAlert/data/audio_noisy/low/1776.wav,/content/drive/MyDrive/SeaAlert/data/audio_noisy/med/1776.wav,/content/drive/MyDrive/SeaAlert/data/audio_noisy/high/1776.wav
1777,/content/drive/MyDrive/SeaAlert/data/audio_clean/wav/1777.wav,/content/drive/MyDrive/SeaAlert/data/audio_noisy/low/1777.wav,/content/drive/MyDrive/SeaAlert/data/audio_noisy/med/1777.wav,/content/drive/MyDrive/SeaAlert/data/audio_noisy/high/1777.wav
1778,/content/drive/MyDrive/SeaAlert/data/audio_clean/wav/1778.wav,/content/drive/MyDrive/SeaAlert/data/audio_noisy/low/1778.wav,/content/drive/MyDrive/SeaAlert/data/audio_noisy/med/1778.wav,/content/drive/MyDrive/SeaAlert/data/audio_noisy/high/1778.wav
1779,/content/drive/MyDrive/SeaAlert/data/audio_clean/wav/1779.wav,/content/drive/MyDrive/SeaAlert/data/audio_noisy/low/1779.wav,/content/drive/MyDrive/SeaAlert/data/audio_noisy/med/1779.wav,/content/drive/MyDrive/SeaAlert/data/audio_noisy/high/1779.wav
1780,/content/drive/MyDrive/SeaAlert/data/audio_clean/wav/1780.wav,/content/drive/MyDrive/SeaAlert/data/audio_noisy/low/1780.wav,/content/drive/MyDrive/SeaAlert/data/audio_noisy/med/1780.wav,/content/drive/MyDrive/SeaAlert/data/audio_noisy/high/1780.wav
1781,/content/drive/MyDrive/SeaAlert/data/audio_clean/wav/1781.wav,/content/drive/MyDrive/SeaAlert/data/audio_noisy/low/1781.wav,/content/drive/MyDrive/SeaAlert/data/audio_noisy/med/1781.wav,/content/drive/MyDrive/SeaAlert/data/audio_noisy/high/1781.wav
1782,/content/drive/MyDrive/SeaAlert/data/audio_clean/wav/1782.wav,/content/drive/MyDrive/SeaAlert/data/audio_noisy/low/1782.wav,/content/drive/MyDrive/SeaAlert/data/audio_noisy/med/1782.wav,/content/drive/MyDrive/SeaAlert/data/audio_noisy/high/1782.wav
1783,/content/drive/MyDrive/SeaAlert/data/audio_clean/wav/1783.wav,/content/drive/MyDrive/SeaAlert/data/audio_noisy/low/1783.wav,/content/drive/MyDrive/SeaAlert/data/audio_noisy/med/1783.wav,/content/drive/MyDrive/SeaAlert/data/audio_noisy/high/1783.wav
1784,/content/drive/MyDrive/SeaAlert/data/audio_clean/wav/1784.wav,/content/drive/MyDrive/SeaAlert/data/audio_noisy/low/1784.wav,/content/drive/MyDrive/SeaAlert/data/audio_noisy/med/1784.wav,/content/drive/MyDrive/SeaAlert/data/audio_noisy/high/1784.wav
1785,/content/drive/MyDrive/SeaAlert/data/audio_clean/wav/1785.wav,/content/drive/MyDrive/SeaAlert/data/audio_noisy/low/1785.wav,/content/drive/MyDrive/SeaAlert/data/audio_noisy/med/1785.wav,/content/drive/MyDrive/SeaAlert/data/audio_noisy/high/1785.wav
1786,/content/drive/MyDrive/SeaAlert/data/audio_clean/wav/1786.wav,/content/drive/MyDrive/SeaAlert/data/audio_noisy/low/1786.wav,/content/drive/MyDrive/SeaAlert/data/audio_noisy/med/1786.wav,/content/drive/MyDrive/SeaAlert/data/audio_noisy/high/1786.wav
1787,/content/drive/MyDrive/SeaAlert/data/audio_clean/wav/1787.wav,/content/drive/MyDrive/SeaAlert/data/audio_noisy/low/1787.wav,/content/drive/MyDrive/SeaAlert/data/audio_noisy/med/1787.wav,/content/drive/MyDrive/SeaAlert/data/audio_noisy/high/1787.wav
1788,/content/drive/MyDrive/SeaAlert/data/audio_clean/wav/1788.wav,/content/drive/MyDrive/SeaAlert/data/audio_noisy/low/1788.wav,/content/drive/MyDrive/SeaAlert/data/audio_noisy/med/1788.wav,/content/drive/MyDrive/SeaAlert/data/audio_noisy/high/1788.wav
1789,/content/drive/MyDrive/SeaAlert/data/audio_clean/wav/1789.wav,/content/drive/MyDrive/SeaAlert/data/audio_noisy/low/1789.wav,/content/drive/MyDrive/SeaAlert/data/audio_noisy/med/1789.wav,/content/drive/MyDrive/SeaAlert/data/audio_noisy/high/1789.wav
1790,/content/drive/MyDrive/SeaAlert/data/audio_clean/wav/1790.wav,/content/drive/MyDrive/SeaAlert/data/audio_noisy/low/1790.wav,/content/drive/MyDrive/SeaAlert/data/audio_noisy/med/1790.wav,/content/drive/MyDrive/SeaAlert/data/audio_noisy/high/1790.wav
1791,/content/drive/MyDrive/SeaAlert/data/audio_clean/wav/1791.wav,/content/drive/MyDrive/SeaAlert/data/audio_noisy/low/1791.wav,/content/drive/MyDrive/SeaAlert/data/audio_noisy/med/1791.wav,/content/drive/MyDrive/SeaAlert/data/audio_noisy/high/1791.wav
1792,/content/drive/MyDrive/SeaAlert/data/audio_clean/wav/1792.wav,/content/drive/MyDrive/SeaAlert/data/audio_noisy/low/1792.wav,/content/drive/MyDrive/SeaAlert/data/audio_noisy/med/1792.wav,/content/drive/MyDrive/SeaAlert/data/audio_noisy/high/1792.wav
1793,/content/drive/MyDrive/SeaAlert/data/audio_clean/wav/1793.wav,/content/drive/MyDrive/SeaAlert/data/audio_noisy/low/1793.wav,/content/drive/MyDrive/SeaAlert/data/audio_noisy/med/1793.wav,/content/drive/MyDrive/SeaAlert/data/audio_noisy/high/1793.wav
1794,/content/drive/MyDrive/SeaAlert/data/audio_clean/wav/1794.wav,/content/drive/MyDrive/SeaAlert/data/audio_noisy/low/1794.wav,/content/drive/MyDrive/SeaAlert/data/audio_noisy/med/1794.wav,/content/drive/MyDrive/SeaAlert/data/audio_noisy/high/1794.wav
1795,/content/drive/MyDrive/SeaAlert/data/audio_clean/wav/1795.wav,/content/drive/MyDrive/SeaAlert/data/audio_noisy/low/1795.wav,/content/drive/MyDrive/SeaAlert/data/audio_noisy/med/1795.wav,/content/drive/MyDrive/SeaAlert/data/audio_noisy/high/1795.wav
1796,/content/drive/MyDrive/SeaAlert/data/audio_clean/wav/1796.wav,/content/drive/MyDrive/SeaAlert/data/audio_noisy/low/1796.wav,/content/drive/MyDrive/SeaAlert/data/audio_noisy/med/1796.wav,/content/drive/MyDrive/SeaAlert/data/audio_noisy/high/1796.wav
1797,/content/drive/MyDrive/SeaAlert/data/audio_clean/wav/1797.wav,/content/drive/MyDrive/SeaAlert/data/audio_noisy/low/1797.wav,/content/drive/MyDrive/SeaAlert/data/audio_noisy/med/1797.wav,/content/drive/MyDrive/SeaAlert/data/audio_noisy/high/1797.wav
1798,/content/drive/MyDrive/SeaAlert/data/audio_clean/wav/1798.wav,/content/drive/MyDrive/SeaAlert/data/audio_noisy/low/1798.wav,/content/drive/MyDrive/SeaAlert/data/audio_noisy/med/1798.wav,/content/drive/MyDrive/SeaAlert/data/audio_noisy/high/1798.wav
1799,/content/drive/MyDrive/SeaAlert/data/audio_clean/wav/1799.wav,/content/drive/MyDrive/SeaAlert/data/audio_noisy/low/1799.wav,/content/drive/MyDrive/SeaAlert/data/audio_noisy/med/1799.wav,/content/drive/MyDrive/SeaAlert/data/audio_noisy/high/1799.wav
1800,/content/drive/MyDrive/SeaAlert/data/audio_clean/wav/1800.wav,/content/drive/MyDrive/SeaAlert/data/audio_noisy/low/1800.wav,/content/drive/MyDrive/SeaAlert/data/audio_noisy/med/1800.wav,/content/drive/MyDrive/SeaAlert/data/audio_noisy/high/1800.wav
1801,/content/drive/MyDrive/SeaAlert/data/audio_clean/wav/1801.wav,/content/drive/MyDrive/SeaAlert/data/audio_noisy/low/1801.wav,/content/drive/MyDrive/SeaAlert/data/audio_noisy/med/1801.wav,/content/drive/MyDrive/SeaAlert/data/audio_noisy/high/1801.wav
1802,/content/drive/MyDrive/SeaAlert/data/audio_clean/wav/1802.wav,/content/drive/MyDrive/SeaAlert/data/audio_noisy/low/1802.wav,/content/drive/MyDrive/SeaAlert/data/audio_noisy/med/1802.wav,/content/drive/MyDrive/SeaAlert/data/audio_noisy/high/1802.wav
1803,/content/drive/MyDrive/SeaAlert/data/audio_clean/wav/1803.wav,/content/drive/MyDrive/SeaAlert/data/audio_noisy/low/1803.wav,/content/drive/MyDrive/SeaAlert/data/audio_noisy/med/1803.wav,/content/drive/MyDrive/SeaAlert/data/audio_noisy/high/1803.wav
1804,/content/drive/MyDrive/SeaAlert/data/audio_clean/wav/1804.wav,/content/drive/MyDrive/SeaAlert/data/audio_noisy/low/1804.wav,/content/drive/MyDrive/SeaAlert/data/audio_noisy/med/1804.wav,/content/drive/MyDrive/SeaAlert/data/audio_noisy/high/1804.wav
1805,/content/drive/MyDrive/SeaAlert/data/audio_clean/wav/1805.wav,/content/drive/MyDrive/SeaAlert/data/audio_noisy/low/1805.wav,/content/drive/MyDrive/SeaAlert/data/audio_noisy/med/1805.wav,/content/drive/MyDrive/SeaAlert/data/audio_noisy/high/1805.wav
1806,/content/drive/MyDrive/SeaAlert/data/audio_clean/wav/1806.wav,/content/drive/MyDrive/SeaAlert/data/audio_noisy/low/1806.wav,/content/drive/MyDrive/SeaAlert/data/audio_noisy/med/1806.wav,/content/drive/MyDrive/SeaAlert/data/audio_noisy/high/1806.wav
1807,/content/drive/MyDrive/SeaAlert/data/audio_clean/wav/1807.wav,/content/drive/MyDrive/SeaAlert/data/audio_noisy/low/1807.wav,/content/drive/MyDrive/SeaAlert/data/audio_noisy/med/1807.wav,/content/drive/MyDrive/SeaAlert/data/audio_noisy/high/1807.wav
1808,/content/drive/MyDrive/SeaAlert/data/audio_clean/wav/1808.wav,/content/drive/MyDrive/SeaAlert/data/audio_noisy/low/1808.wav,/content/drive/MyDrive/SeaAlert/data/audio_noisy/med/1808.wav,/content/drive/MyDrive/SeaAlert/data/audio_noisy/high/1808.wav
1809,/content/drive/MyDrive/SeaAlert/data/audio_clean/wav/1809.wav,/content/drive/MyDrive/SeaAlert/data/audio_noisy/low/1809.wav,/content/drive/MyDrive/SeaAlert/data/audio_noisy/med/1809.wav,/content/drive/MyDrive/SeaAlert/data/audio_noisy/high/1809.wav
1810,/content/drive/MyDrive/SeaAlert/data/audio_clean/wav/1810.wav,/content/drive/MyDrive/SeaAlert/data/audio_noisy/low/1810.wav,/content/drive/MyDrive/SeaAlert/data/audio_noisy/med/1810.wav,/content/drive/MyDrive/SeaAlert/data/audio_noisy/high/1810.wav
1811,/content/drive/MyDrive/SeaAlert/data/audio_clean/wav/1811.wav,/content/drive/MyDrive/SeaAlert/data/audio_noisy/low/1811.wav,/content/drive/MyDrive/SeaAlert/data/audio_noisy/med/1811.wav,/content/drive/MyDrive/SeaAlert/data/audio_noisy/high/1811.wav
1812,/content/drive/MyDrive/SeaAlert/data/audio_clean/wav/1812.wav,/content/drive/MyDrive/SeaAlert/data/audio_noisy/low/1812.wav,/content/drive/MyDrive/SeaAlert/data/audio_noisy/med/1812.wav,/content/drive/MyDrive/SeaAlert/data/audio_noisy/high/1812.wav
1813,/content/drive/MyDrive/SeaAlert/data/audio_clean/wav/1813.wav,/content/drive/MyDrive/SeaAlert/data/audio_noisy/low/1813.wav,/content/drive/MyDrive/SeaAlert/data/audio_noisy/med/1813.wav,/content/drive/MyDrive/SeaAlert/data/audio_noisy/high/1813.wav
1814,/content/drive/MyDrive/SeaAlert/data/audio_clean/wav/1814.wav,/content/drive/MyDrive/SeaAlert/data/audio_noisy/low/1814.wav,/content/drive/MyDrive/SeaAlert/data/audio_noisy/med/1814.wav,/content/drive/MyDrive/SeaAlert/data/audio_noisy/high/1814.wav
1815,/content/drive/MyDrive/SeaAlert/data/audio_clean/wav/1815.wav,/content/drive/MyDrive/SeaAlert/data/audio_noisy/low/1815.wav,/content/drive/MyDrive/SeaAlert/data/audio_noisy/med/1815.wav,/content/drive/MyDrive/SeaAlert/data/audio_noisy/high/1815.wav
1816,/content/drive/MyDrive/SeaAlert/data/audio_clean/wav/1816.wav,/content/drive/MyDrive/SeaAlert/data/audio_noisy/low/1816.wav,/content/drive/MyDrive/SeaAlert/data/audio_noisy/med/1816.wav,/content/drive/MyDrive/SeaAlert/data/audio_noisy/high/1816.wav
1817,/content/drive/MyDrive/SeaAlert/data/audio_clean/wav/1817.wav,/content/drive/MyDrive/SeaAlert/data/audio_noisy/low/1817.wav,/content/drive/MyDrive/SeaAlert/data/audio_noisy/med/1817.wav,/content/drive/MyDrive/SeaAlert/data/audio_noisy/high/1817.wav
1818,/content/drive/MyDrive/SeaAlert/data/audio_clean/wav/1818.wav,/content/drive/MyDrive/SeaAlert/data/audio_noisy/low/1818.wav,/content/drive/MyDrive/SeaAlert/data/audio_noisy/med/1818.wav,/content/drive/MyDrive/SeaAlert/data/audio_noisy/high/1818.wav
1819,/content/drive/MyDrive/SeaAlert/data/audio_clean/wav/1819.wav,/content/drive/MyDrive/SeaAlert/data/audio_noisy/low/1819.wav,/content/drive/MyDrive/SeaAlert/data/audio_noisy/med/1819.wav,/content/drive/MyDrive/SeaAlert/data/audio_noisy/high/1819.wav
1820,/content/drive/MyDrive/SeaAlert/data/audio_clean/wav/1820.wav,/content/drive/MyDrive/SeaAlert/data/audio_noisy/low/1820.wav,/content/drive/MyDrive/SeaAlert/data/audio_noisy/med/1820.wav,/content/drive/MyDrive/SeaAlert/data/audio_noisy/high/1820.wav
1821,/content/drive/MyDrive/SeaAlert/data/audio_clean/wav/1821.wav,/content/drive/MyDrive/SeaAlert/data/audio_noisy/low/1821.wav,/content/drive/MyDrive/SeaAlert/data/audio_noisy/med/1821.wav,/content/drive/MyDrive/SeaAlert/data/audio_noisy/high/1821.wav
1822,/content/drive/MyDrive/SeaAlert/data/audio_clean/wav/1822.wav,/content/drive/MyDrive/SeaAlert/data/audio_noisy/low/1822.wav,/content/drive/MyDrive/SeaAlert/data/audio_noisy/med/1822.wav,/content/drive/MyDrive/SeaAlert/data/audio_noisy/high/1822.wav
1823,/content/drive/MyDrive/SeaAlert/data/audio_clean/wav/1823.wav,/content/drive/MyDrive/SeaAlert/data/audio_noisy/low/1823.wav,/content/drive/MyDrive/SeaAlert/data/audio_noisy/med/1823.wav,/content/drive/MyDrive/SeaAlert/data/audio_noisy/high/1823.wav
1824,/content/drive/MyDrive/SeaAlert/data/audio_clean/wav/1824.wav,/content/drive/MyDrive/SeaAlert/data/audio_noisy/low/1824.wav,/content/drive/MyDrive/SeaAlert/data/audio_noisy/med/1824.wav,/content/drive/MyDrive/SeaAlert/data/audio_noisy/high/1824.wav
1825,/content/drive/MyDrive/SeaAlert/data/audio_clean/wav/1825.wav,/content/drive/MyDrive/SeaAlert/data/audio_noisy/low/1825.wav,/content/drive/MyDrive/SeaAlert/data/audio_noisy/med/1825.wav,/content/drive/MyDrive/SeaAlert/data/audio_noisy/high/1825.wav
1826,/content/drive/MyDrive/SeaAlert/data/audio_clean/wav/1826.wav,/content/drive/MyDrive/SeaAlert/data/audio_noisy/low/1826.wav,/content/drive/MyDrive/SeaAlert/data/audio_noisy/med/1826.wav,/content/drive/MyDrive/SeaAlert/data/audio_noisy/high/1826.wav
1827,/content/drive/MyDrive/SeaAlert/data/audio_clean/wav/1827.wav,/content/drive/MyDrive/SeaAlert/data/audio_noisy/low/1827.wav,/content/drive/MyDrive/SeaAlert/data/audio_noisy/med/1827.wav,/content/drive/MyDrive/SeaAlert/data/audio_noisy/high/1827.wav
1828,/content/drive/MyDrive/SeaAlert/data/audio_clean/wav/1828.wav,/content/drive/MyDrive/SeaAlert/data/audio_noisy/low/1828.wav,/content/drive/MyDrive/SeaAlert/data/audio_noisy/med/1828.wav,/content/drive/MyDrive/SeaAlert/data/audio_noisy/high/1828.wav
1829,/content/drive/MyDrive/SeaAlert/data/audio_clean/wav/1829.wav,/content/drive/MyDrive/SeaAlert/data/audio_noisy/low/1829.wav,/content/drive/MyDrive/SeaAlert/data/audio_noisy/med/1829.wav,/content/drive/MyDrive/SeaAlert/data/audio_noisy/high/1829.wav
1830,/content/drive/MyDrive/SeaAlert/data/audio_clean/wav/1830.wav,/content/drive/MyDrive/SeaAlert/data/audio_noisy/low/1830.wav,/content/drive/MyDrive/SeaAlert/data/audio_noisy/med/1830.wav,/content/drive/MyDrive/SeaAlert/data/audio_noisy/high/1830.wav
1831,/content/drive/MyDrive/SeaAlert/data/audio_clean/wav/1831.wav,/content/drive/MyDrive/SeaAlert/data/audio_noisy/low/1831.wav,/content/drive/MyDrive/SeaAlert/data/audio_noisy/med/1831.wav,/content/drive/MyDrive/SeaAlert/data/audio_noisy/high/1831.wav
1832,/content/drive/MyDrive/SeaAlert/data/audio_clean/wav/1832.wav,/content/drive/MyDrive/SeaAlert/data/audio_noisy/low/1832.wav,/content/drive/MyDrive/SeaAlert/data/audio_noisy/med/1832.wav,/content/drive/MyDrive/SeaAlert/data/audio_noisy/high/1832.wav
1833,/content/drive/MyDrive/SeaAlert/data/audio_clean/wav/1833.wav,/content/drive/MyDrive/SeaAlert/data/audio_noisy/low/1833.wav,/content/drive/MyDrive/SeaAlert/data/audio_noisy/med/1833.wav,/content/drive/MyDrive/SeaAlert/data/audio_noisy/high/1833.wav
1834,/content/drive/MyDrive/SeaAlert/data/audio_clean/wav/1834.wav,/content/drive/MyDrive/SeaAlert/data/audio_noisy/low/1834.wav,/content/drive/MyDrive/SeaAlert/data/audio_noisy/med/1834.wav,/content/drive/MyDrive/SeaAlert/data/audio_noisy/high/1834.wav
1835,/content/drive/MyDrive/SeaAlert/data/audio_clean/wav/1835.wav,/content/drive/MyDrive/SeaAlert/data/audio_noisy/low/1835.wav,/content/drive/MyDrive/SeaAlert/data/audio_noisy/med/1835.wav,/content/drive/MyDrive/SeaAlert/data/audio_noisy/high/1835.wav
1836,/content/drive/MyDrive/SeaAlert/data/audio_clean/wav/1836.wav,/content/drive/MyDrive/SeaAlert/data/audio_noisy/low/1836.wav,/content/drive/MyDrive/SeaAlert/data/audio_noisy/med/1836.wav,/content/drive/MyDrive/SeaAlert/data/audio_noisy/high/1836.wav
1837,/content/drive/MyDrive/SeaAlert/data/audio_clean/wav/1837.wav,/content/drive/MyDrive/SeaAlert/data/audio_noisy/low/1837.wav,/content/drive/MyDrive/SeaAlert/data/audio_noisy/med/1837.wav,/content/drive/MyDrive/SeaAlert/data/audio_noisy/high/1837.wav
1838,/content/drive/MyDrive/SeaAlert/data/audio_clean/wav/1838.wav,/content/drive/MyDrive/SeaAlert/data/audio_noisy/low/1838.wav,/content/drive/MyDrive/SeaAlert/data/audio_noisy/med/1838.wav,/content/drive/MyDrive/SeaAlert/data/audio_noisy/high/1838.wav
1839,/content/drive/MyDrive/SeaAlert/data/audio_clean/wav/1839.wav,/content/drive/MyDrive/SeaAlert/data/audio_noisy/low/1839.wav,/content/drive/MyDrive/SeaAlert/data/audio_noisy/med/1839.wav,/content/drive/MyDrive/SeaAlert/data/audio_noisy/high/1839.wav
1840,/content/drive/MyDrive/SeaAlert/data/audio_clean/wav/1840.wav,/content/drive/MyDrive/SeaAlert/data/audio_noisy/low/1840.wav,/content/drive/MyDrive/SeaAlert/data/audio_noisy/med/1840.wav,/content/drive/MyDrive/SeaAlert/data/audio_noisy/high/1840.wav
1841,/content/drive/MyDrive/SeaAlert/data/audio_clean/wav/1841.wav,/content/drive/MyDrive/SeaAlert/data/audio_noisy/low/1841.wav,/content/drive/MyDrive/SeaAlert/data/audio_noisy/med/1841.wav,/content/drive/MyDrive/SeaAlert/data/audio_noisy/high/1841.wav
1842,/content/drive/MyDrive/SeaAlert/data/audio_clean/wav/1842.wav,/content/drive/MyDrive/SeaAlert/data/audio_noisy/low/1842.wav,/content/drive/MyDrive/SeaAlert/data/audio_noisy/med/1842.wav,/content/drive/MyDrive/SeaAlert/data/audio_noisy/high/1842.wav
1843,/content/drive/MyDrive/SeaAlert/data/audio_clean/wav/1843.wav,/content/drive/MyDrive/SeaAlert/data/audio_noisy/low/1843.wav,/content/drive/MyDrive/SeaAlert/data/audio_noisy/med/1843.wav,/content/drive/MyDrive/SeaAlert/data/audio_noisy/high/1843.wav
1844,/content/drive/MyDrive/SeaAlert/data/audio_clean/wav/1844.wav,/content/drive/MyDrive/SeaAlert/data/audio_noisy/low/1844.wav,/content/drive/MyDrive/SeaAlert/data/audio_noisy/med/1844.wav,/content/drive/MyDrive/SeaAlert/data/audio_noisy/high/1844.wav
1845,/content/drive/MyDrive/SeaAlert/data/audio_clean/wav/1845.wav,/content/drive/MyDrive/SeaAlert/data/audio_noisy/low/1845.wav,/content/drive/MyDrive/SeaAlert/data/audio_noisy/med/1845.wav,/content/drive/MyDrive/SeaAlert/data/audio_noisy/high/1845.wav
1846,/content/drive/MyDrive/SeaAlert/data/audio_clean/wav/1846.wav,/content/drive/MyDrive/SeaAlert/data/audio_noisy/low/1846.wav,/content/drive/MyDrive/SeaAlert/data/audio_noisy/med/1846.wav,/content/drive/MyDrive/SeaAlert/data/audio_noisy/high/1846.wav
1847,/content/drive/MyDrive/SeaAlert/data/audio_clean/wav/1847.wav,/content/drive/MyDrive/SeaAlert/data/audio_noisy/low/1847.wav,/content/drive/MyDrive/SeaAlert/data/audio_noisy/med/1847.wav,/content/drive/MyDrive/SeaAlert/data/audio_noisy/high/1847.wav
1848,/content/drive/MyDrive/SeaAlert/data/audio_clean/wav/1848.wav,/content/drive/MyDrive/SeaAlert/data/audio_noisy/low/1848.wav,/content/drive/MyDrive/SeaAlert/data/audio_noisy/med/1848.wav,/content/drive/MyDrive/SeaAlert/data/audio_noisy/high/1848.wav
1849,/content/drive/MyDrive/SeaAlert/data/audio_clean/wav/1849.wav,/content/drive/MyDrive/SeaAlert/data/audio_noisy/low/1849.wav,/content/drive/MyDrive/SeaAlert/data/audio_noisy/med/1849.wav,/content/drive/MyDrive/SeaAlert/data/audio_noisy/high/1849.wav
1850,/content/drive/MyDrive/SeaAlert/data/audio_clean/wav/1850.wav,/content/drive/MyDrive/SeaAlert/data/audio_noisy/low/1850.wav,/content/drive/MyDrive/SeaAlert/data/audio_noisy/med/1850.wav,/content/drive/MyDrive/SeaAlert/data/audio_noisy/high/1850.wav
1851,/content/drive/MyDrive/SeaAlert/data/audio_clean/wav/1851.wav,/content/drive/MyDrive/SeaAlert/data/audio_noisy/low/1851.wav,/content/drive/MyDrive/SeaAlert/data/audio_noisy/med/1851.wav,/content/drive/MyDrive/SeaAlert/data/audio_noisy/high/1851.wav
1852,/content/drive/MyDrive/SeaAlert/data/audio_clean/wav/1852.wav,/content/drive/MyDrive/SeaAlert/data/audio_noisy/low/1852.wav,/content/drive/MyDrive/SeaAlert/data/audio_noisy/med/1852.wav,/content/drive/MyDrive/SeaAlert/data/audio_noisy/high/1852.wav
1853,/content/drive/MyDrive/SeaAlert/data/audio_clean/wav/1853.wav,/content/drive/MyDrive/SeaAlert/data/audio_noisy/low/1853.wav,/content/drive/MyDrive/SeaAlert/data/audio_noisy/med/1853.wav,/content/drive/MyDrive/SeaAlert/data/audio_noisy/high/1853.wav
1854,/content/drive/MyDrive/SeaAlert/data/audio_clean/wav/1854.wav,/content/drive/MyDrive/SeaAlert/data/audio_noisy/low/1854.wav,/content/drive/MyDrive/SeaAlert/data/audio_noisy/med/1854.wav,/content/drive/MyDrive/SeaAlert/data/audio_noisy/high/1854.wav
1855,/content/drive/MyDrive/SeaAlert/data/audio_clean/wav/1855.wav,/content/drive/MyDrive/SeaAlert/data/audio_noisy/low/1855.wav,/content/drive/MyDrive/SeaAlert/data/audio_noisy/med/1855.wav,/content/drive/MyDrive/SeaAlert/data/audio_noisy/high/1855.wav
1856,/content/drive/MyDrive/SeaAlert/data/audio_clean/wav/1856.wav,/content/drive/MyDrive/SeaAlert/data/audio_noisy/low/1856.wav,/content/drive/MyDrive/SeaAlert/data/audio_noisy/med/1856.wav,/content/drive/MyDrive/SeaAlert/data/audio_noisy/high/1856.wav
1857,/content/drive/MyDrive/SeaAlert/data/audio_clean/wav/1857.wav,/content/drive/MyDrive/SeaAlert/data/audio_noisy/low/1857.wav,/content/drive/MyDrive/SeaAlert/data/audio_noisy/med/1857.wav,/content/drive/MyDrive/SeaAlert/data/audio_noisy/high/1857.wav
1858,/content/drive/MyDrive/SeaAlert/data/audio_clean/wav/1858.wav,/content/drive/MyDrive/SeaAlert/data/audio_noisy/low/1858.wav,/content/drive/MyDrive/SeaAlert/data/audio_noisy/med/1858.wav,/content/drive/MyDrive/SeaAlert/data/audio_noisy/high/1858.wav
1859,/content/drive/MyDrive/SeaAlert/data/audio_clean/wav/1859.wav,/content/drive/MyDrive/SeaAlert/data/audio_noisy/low/1859.wav,/content/drive/MyDrive/SeaAlert/data/audio_noisy/med/1859.wav,/content/drive/MyDrive/SeaAlert/data/audio_noisy/high/1859.wav
1860,/content/drive/MyDrive/SeaAlert/data/audio_clean/wav/1860.wav,/content/drive/MyDrive/SeaAlert/data/audio_noisy/low/1860.wav,/content/drive/MyDrive/SeaAlert/data/audio_noisy/med/1860.wav,/content/drive/MyDrive/SeaAlert/data/audio_noisy/high/1860.wav
1861,/content/drive/MyDrive/SeaAlert/data/audio_clean/wav/1861.wav,/content/drive/MyDrive/SeaAlert/data/audio_noisy/low/1861.wav,/content/drive/MyDrive/SeaAlert/data/audio_noisy/med/1861.wav,/content/drive/MyDrive/SeaAlert/data/audio_noisy/high/1861.wav
1862,/content/drive/MyDrive/SeaAlert/data/audio_clean/wav/1862.wav,/content/drive/MyDrive/SeaAlert/data/audio_noisy/low/1862.wav,/content/drive/MyDrive/SeaAlert/data/audio_noisy/med/1862.wav,/content/drive/MyDrive/SeaAlert/data/audio_noisy/high/1862.wav
1863,/content/drive/MyDrive/SeaAlert/data/audio_clean/wav/1863.wav,/content/drive/MyDrive/SeaAlert/data/audio_noisy/low/1863.wav,/content/drive/MyDrive/SeaAlert/data/audio_noisy/med/1863.wav,/content/drive/MyDrive/SeaAlert/data/audio_noisy/high/1863.wav
1864,/content/drive/MyDrive/SeaAlert/data/audio_clean/wav/1864.wav,/content/drive/MyDrive/SeaAlert/data/audio_noisy/low/1864.wav,/content/drive/MyDrive/SeaAlert/data/audio_noisy/med/1864.wav,/content/drive/MyDrive/SeaAlert/data/audio_noisy/high/1864.wav
1865,/content/drive/MyDrive/SeaAlert/data/audio_clean/wav/1865.wav,/content/drive/MyDrive/SeaAlert/data/audio_noisy/low/1865.wav,/content/drive/MyDrive/SeaAlert/data/audio_noisy/med/1865.wav,/content/drive/MyDrive/SeaAlert/data/audio_noisy/high/1865.wav
1866,/content/drive/MyDrive/SeaAlert/data/audio_clean/wav/1866.wav,/content/drive/MyDrive/SeaAlert/data/audio_noisy/low/1866.wav,/content/drive/MyDrive/SeaAlert/data/audio_noisy/med/1866.wav,/content/drive/MyDrive/SeaAlert/data/audio_noisy/high/1866.wav
1867,/content/drive/MyDrive/SeaAlert/data/audio_clean/wav/1867.wav,/content/drive/MyDrive/SeaAlert/data/audio_noisy/low/1867.wav,/content/drive/MyDrive/SeaAlert/data/audio_noisy/med/1867.wav,/content/drive/MyDrive/SeaAlert/data/audio_noisy/high/1867.wav
1868,/content/drive/MyDrive/SeaAlert/data/audio_clean/wav/1868.wav,/content/drive/MyDrive/SeaAlert/data/audio_noisy/low/1868.wav,/content/drive/MyDrive/SeaAlert/data/audio_noisy/med/1868.wav,/content/drive/MyDrive/SeaAlert/data/audio_noisy/high/1868.wav
1869,/content/drive/MyDrive/SeaAlert/data/audio_clean/wav/1869.wav,/content/drive/MyDrive/SeaAlert/data/audio_noisy/low/1869.wav,/content/drive/MyDrive/SeaAlert/data/audio_noisy/med/1869.wav,/content/drive/MyDrive/SeaAlert/data/audio_noisy/high/1869.wav
1870,/content/drive/MyDrive/SeaAlert/data/audio_clean/wav/1870.wav,/content/drive/MyDrive/SeaAlert/data/audio_noisy/low/1870.wav,/content/drive/MyDrive/SeaAlert/data/audio_noisy/med/1870.wav,/content/drive/MyDrive/SeaAlert/data/audio_noisy/high/1870.wav
1871,/content/drive/MyDrive/SeaAlert/data/audio_clean/wav/1871.wav,/content/drive/MyDrive/SeaAlert/data/audio_noisy/low/1871.wav,/content/drive/MyDrive/SeaAlert/data/audio_noisy/med/1871.wav,/content/drive/MyDrive/SeaAlert/data/audio_noisy/high/1871.wav
