idx,wav_path_clean,label,style,scenario_type,speaker
0,/content/drive/MyDrive/SeaAlert/data/audio_clean/wav/0.wav,Distress,formal,nav_hazard,
1,/content/drive/MyDrive/SeaAlert/data/audio_clean/wav/1.wav,Safety,formal,medical_issue,
2,/content/drive/MyDrive/SeaAlert/data/audio_clean/wav/2.wav,Safety,third_party,steering_failure,
3,/content/drive/MyDrive/SeaAlert/data/audio_clean/wav/3.wav,Distress,formal,medical_issue,
4,/content/drive/MyDrive/SeaAlert/data/audio_clean/wav/4.wav,Distress,formal,water_ingress,
5,/content/drive/MyDrive/SeaAlert/data/audio_clean/wav/5.wav,Routine,third_party,steering_failure,
6,/content/drive/MyDrive/SeaAlert/data/audio_clean/wav/6.wav,Routine,third_party,radio_check,
7,/content/drive/MyDrive/SeaAlert/data/audio_clean/wav/7.wav,Urgency,third_party,fire_smoke,
8,/content/drive/MyDrive/SeaAlert/data/audio_clean/wav/8.wav,Routine,third_party,cargo_shift,
9,/content/drive/MyDrive/SeaAlert/data/audio_clean/wav/9.wav,Distress,formal,radio_check,
10,/content/drive/MyDrive/SeaAlert/data/audio_clean/wav/10.wav,Safety,third_party,medical_issue,
11,/content/drive/MyDrive/SeaAlert/data/audio_clean/wav/11.wav,Safety,formal,steering_failure,
12,/content/drive/MyDrive/SeaAlert/data/audio_clean/wav/12.wav,Routine,formal,tow_request,
13,/content/drive/MyDrive/SeaAlert/data/audio_clean/wav/13.wav,Distress,third_party,radio_check,
14,/content/drive/MyDrive/SeaAlert/data/audio_clean/wav/14.wav,Routine,third_party,radio_check,
15,/content/drive/MyDrive/SeaAlert/data/audio_clean/wav/15.wav,Routine,informal,tow_request,
16,/content/drive/MyDrive/SeaAlert/data/audio_clean/wav/16.wav,Distress,informal,person_overboard,
17,/content/drive/MyDrive/SeaAlert/data/audio_clean/wav/17.wav,Safety,formal,tow_request,
18,/content/drive/MyDrive/SeaAlert/data/audio_clean/wav/18.wav,Routine,formal,collision,
19,/content/drive/MyDrive/SeaAlert/data/audio_clean/wav/19.wav,Distress,third_party,steering_failure,
20,/content/drive/MyDrive/SeaAlert/data/audio_clean/wav/20.wav,Distress,informal,fire_smoke,
21,/content/drive/MyDrive/SeaAlert/data/audio_clean/wav/21.wav,Routine,third_party,person_overboard,
22,/content/drive/MyDrive/SeaAlert/data/audio_clean/wav/22.wav,Urgency,formal,fire_smoke,
23,/content/drive/MyDrive/SeaAlert/data/audio_clean/wav/23.wav,Urgency,third_party,medical_issue,
24,/content/drive/MyDrive/SeaAlert/data/audio_clean/wav/24.wav,Routine,third_party,nav_hazard,
25,/content/drive/MyDrive/SeaAlert/data/audio_clean/wav/25.wav,Safety,third_party,medical_issue,
26,/content/drive/MyDrive/SeaAlert/data/audio_clean/wav/26.wav,Distress,formal,person_overboard,
27,/content/drive/MyDrive/SeaAlert/data/audio_clean/wav/27.wav,Routine,informal,engine_failure,
28,/content/drive/MyDrive/SeaAlert/data/audio_clean/wav/28.wav,Routine,informal,grounding,
29,/content/drive/MyDrive/SeaAlert/data/audio_clean/wav/29.wav,Urgency,formal,nav_hazard,
30,/content/drive/MyDrive/SeaAlert/data/audio_clean/wav/30.wav,Safety,formal,cargo_shift,
31,/content/drive/MyDrive/SeaAlert/data/audio_clean/wav/31.wav,Urgency,third_party,collision,
32,/content/drive/MyDrive/SeaAlert/data/audio_clean/wav/32.wav,Distress,formal,steering_failure,
33,/content/drive/MyDrive/SeaAlert/data/audio_clean/wav/33.wav,Safety,third_party,steering_failure,
34,/content/drive/MyDrive/SeaAlert/data/audio_clean/wav/34.wav,Distress,third_party,collision,
35,/content/drive/MyDrive/SeaAlert/data/audio_clean/wav/35.wav,Routine,informal,person_overboard,
36,/content/drive/MyDrive/SeaAlert/data/audio_clean/wav/36.wav,Safety,formal,steering_failure,
37,/content/drive/MyDrive/SeaAlert/data/audio_clean/wav/37.wav,Urgency,informal,radio_check,
38,/content/drive/MyDrive/SeaAlert/data/audio_clean/wav/38.wav,Routine,informal,water_ingress,
39,/content/drive/MyDrive/SeaAlert/data/audio_clean/wav/39.wav,Safety,formal,person_overboard,
40,/content/drive/MyDrive/SeaAlert/data/audio_clean/wav/40.wav,Safety,third_party,fire_smoke,
41,/content/drive/MyDrive/SeaAlert/data/audio_clean/wav/41.wav,Distress,third_party,cargo_shift,
42,/content/drive/MyDrive/SeaAlert/data/audio_clean/wav/42.wav,Safety,informal,person_overboard,
43,/content/drive/MyDrive/SeaAlert/data/audio_clean/wav/43.wav,Distress,third_party,cargo_shift,
44,/content/drive/MyDrive/SeaAlert/data/audio_clean/wav/44.wav,Routine,third_party,radio_check,
45,/content/drive/MyDrive/SeaAlert/data/audio_clean/wav/45.wav,Routine,informal,engine_failure,
46,/content/drive/MyDrive/SeaAlert/data/audio_clean/wav/46.wav,Urgency,informal,grounding,
47,/content/drive/MyDrive/SeaAlert/data/audio_clean/wav/47.wav,Distress,informal,grounding,
48,/content/drive/MyDrive/SeaAlert/data/audio_clean/wav/48.wav,Urgency,informal,tow_request,
49,/content/drive/MyDrive/SeaAlert/data/audio_clean/wav/49.wav,Distress,third_party,fire_smoke,
50,/content/drive/MyDrive/SeaAlert/data/audio_clean/wav/50.wav,Routine,formal,fire_smoke,
51,/content/drive/MyDrive/SeaAlert/data/audio_clean/wav/51.wav,Routine,formal,cargo_shift,
52,/content/drive/MyDrive/SeaAlert/data/audio_clean/wav/52.wav,Routine,third_party,medical_issue,
53,/content/drive/MyDrive/SeaAlert/data/audio_clean/wav/53.wav,Urgency,third_party,water_ingress,
54,/content/drive/MyDrive/SeaAlert/data/audio_clean/wav/54.wav,Urgency,formal,tow_request,
55,/content/drive/MyDrive/SeaAlert/data/audio_clean/wav/55.wav,Routine,informal,medical_issue,
56,/content/drive/MyDrive/SeaAlert/data/audio_clean/wav/56.wav,Safety,formal,radio_check,
57,/content/drive/MyDrive/SeaAlert/data/audio_clean/wav/57.wav,Urgency,third_party,steering_failure,
58,/content/drive/MyDrive/SeaAlert/data/audio_clean/wav/58.wav,Distress,formal,engine_failure,
59,/content/drive/MyDrive/SeaAlert/data/audio_clean/wav/59.wav,Urgency,formal,nav_hazard,
60,/content/drive/MyDrive/SeaAlert/data/audio_clean/wav/60.wav,Urgency,formal,engine_failure,
61,/content/drive/MyDrive/SeaAlert/data/audio_clean/wav/61.wav,Urgency,informal,tow_request,
62,/content/drive/MyDrive/SeaAlert/data/audio_clean/wav/62.wav,Urgency,informal,grounding,
63,/content/drive/MyDrive/SeaAlert/data/audio_clean/wav/63.wav,Safety,formal,water_ingress,
64,/content/drive/MyDrive/SeaAlert/data/audio_clean/wav/64.wav,Urgency,informal,radio_check,
65,/content/drive/MyDrive/SeaAlert/data/audio_clean/wav/65.wav,Distress,third_party,medical_issue,
66,/content/drive/MyDrive/SeaAlert/data/audio_clean/wav/66.wav,Routine,formal,medical_issue,
67,/content/drive/MyDrive/SeaAlert/data/audio_clean/wav/67.wav,Distress,formal,radio_check,
68,/content/drive/MyDrive/SeaAlert/data/audio_clean/wav/68.wav,Distress,formal,nav_hazard,
69,/content/drive/MyDrive/SeaAlert/data/audio_clean/wav/69.wav,Safety,informal,grounding,
70,/content/drive/MyDrive/SeaAlert/data/audio_clean/wav/70.wav,Distress,informal,medical_issue,
71,/content/drive/MyDrive/SeaAlert/data/audio_clean/wav/71.wav,Safety,formal,engine_failure,
72,/content/drive/MyDrive/SeaAlert/data/audio_clean/wav/72.wav,Safety,formal,engine_failure,
73,/content/drive/MyDrive/SeaAlert/data/audio_clean/wav/73.wav,Safety,third_party,grounding,
74,/content/drive/MyDrive/SeaAlert/data/audio_clean/wav/74.wav,Urgency,formal,collision,
75,/content/drive/MyDrive/SeaAlert/data/audio_clean/wav/75.wav,Distress,informal,water_ingress,
76,/content/drive/MyDrive/SeaAlert/data/audio_clean/wav/76.wav,Routine,informal,person_overboard,
77,/content/drive/MyDrive/SeaAlert/data/audio_clean/wav/77.wav,Safety,formal,fire_smoke,
78,/content/drive/MyDrive/SeaAlert/data/audio_clean/wav/78.wav,Safety,third_party,nav_hazard,
79,/content/drive/MyDrive/SeaAlert/data/audio_clean/wav/79.wav,Safety,formal,collision,
80,/content/drive/MyDrive/SeaAlert/data/audio_clean/wav/80.wav,Distress,third_party,person_overboard,
81,/content/drive/MyDrive/SeaAlert/data/audio_clean/wav/81.wav,Urgency,informal,engine_failure,
82,/content/drive/MyDrive/SeaAlert/data/audio_clean/wav/82.wav,Routine,third_party,grounding,
83,/content/drive/MyDrive/SeaAlert/data/audio_clean/wav/83.wav,Routine,formal,tow_request,
84,/content/drive/MyDrive/SeaAlert/data/audio_clean/wav/84.wav,Safety,informal,nav_hazard,
85,/content/drive/MyDrive/SeaAlert/data/audio_clean/wav/85.wav,Urgency,formal,grounding,
86,/content/drive/MyDrive/SeaAlert/data/audio_clean/wav/86.wav,Routine,third_party,person_overboard,
87,/content/drive/MyDrive/SeaAlert/data/audio_clean/wav/87.wav,Distress,third_party,person_overboard,
88,/content/drive/MyDrive/SeaAlert/data/audio_clean/wav/88.wav,Urgency,formal,tow_request,
89,/content/drive/MyDrive/SeaAlert/data/audio_clean/wav/89.wav,Distress,third_party,steering_failure,
90,/content/drive/MyDrive/SeaAlert/data/audio_clean/wav/90.wav,Routine,third_party,medical_issue,
91,/content/drive/MyDrive/SeaAlert/data/audio_clean/wav/91.wav,Distress,third_party,medical_issue,
92,/content/drive/MyDrive/SeaAlert/data/audio_clean/wav/92.wav,Routine,third_party,tow_request,
93,/content/drive/MyDrive/SeaAlert/data/audio_clean/wav/93.wav,Routine,informal,collision,
94,/content/drive/MyDrive/SeaAlert/data/audio_clean/wav/94.wav,Distress,informal,medical_issue,
95,/content/drive/MyDrive/SeaAlert/data/audio_clean/wav/95.wav,Distress,third_party,grounding,
96,/content/drive/MyDrive/SeaAlert/data/audio_clean/wav/96.wav,Safety,formal,cargo_shift,
97,/content/drive/MyDrive/SeaAlert/data/audio_clean/wav/97.wav,Distress,third_party,fire_smoke,
98,/content/drive/MyDrive/SeaAlert/data/audio_clean/wav/98.wav,Urgency,formal,cargo_shift,
99,/content/drive/MyDrive/SeaAlert/data/audio_clean/wav/99.wav,Urgency,formal,fire_smoke,
100,/content/drive/MyDrive/SeaAlert/data/audio_clean/wav/100.wav,Distress,formal,grounding,
101,/content/drive/MyDrive/SeaAlert/data/audio_clean/wav/101.wav,Routine,formal,radio_check,
102,/content/drive/MyDrive/SeaAlert/data/audio_clean/wav/102.wav,Distress,formal,grounding,
103,/content/drive/MyDrive/SeaAlert/data/audio_clean/wav/103.wav,Routine,formal,radio_check,
104,/content/drive/MyDrive/SeaAlert/data/audio_clean/wav/104.wav,Distress,formal,collision,
105,/content/drive/MyDrive/SeaAlert/data/audio_clean/wav/105.wav,Distress,formal,water_ingress,
106,/content/drive/MyDrive/SeaAlert/data/audio_clean/wav/106.wav,Distress,formal,medical_issue,
107,/content/drive/MyDrive/SeaAlert/data/audio_clean/wav/107.wav,Distress,third_party,grounding,
108,/content/drive/MyDrive/SeaAlert/data/audio_clean/wav/108.wav,Safety,third_party,grounding,
109,/content/drive/MyDrive/SeaAlert/data/audio_clean/wav/109.wav,Urgency,informal,tow_request,
110,/content/drive/MyDrive/SeaAlert/data/audio_clean/wav/110.wav,Urgency,third_party,water_ingress,
111,/content/drive/MyDrive/SeaAlert/data/audio_clean/wav/111.wav,Urgency,informal,steering_failure,
112,/content/drive/MyDrive/SeaAlert/data/audio_clean/wav/112.wav,Safety,formal,radio_check,
113,/content/drive/MyDrive/SeaAlert/data/audio_clean/wav/113.wav,Distress,formal,grounding,
114,/content/drive/MyDrive/SeaAlert/data/audio_clean/wav/114.wav,Routine,formal,engine_failure,
115,/content/drive/MyDrive/SeaAlert/data/audio_clean/wav/115.wav,Distress,formal,engine_failure,
116,/content/drive/MyDrive/SeaAlert/data/audio_clean/wav/116.wav,Safety,formal,person_overboard,
117,/content/drive/MyDrive/SeaAlert/data/audio_clean/wav/117.wav,Urgency,formal,medical_issue,
118,/content/drive/MyDrive/SeaAlert/data/audio_clean/wav/118.wav,Distress,formal,water_ingress,
119,/content/drive/MyDrive/SeaAlert/data/audio_clean/wav/119.wav,Urgency,formal,steering_failure,
120,/content/drive/MyDrive/SeaAlert/data/audio_clean/wav/120.wav,Safety,formal,collision,
121,/content/drive/MyDrive/SeaAlert/data/audio_clean/wav/121.wav,Urgency,informal,tow_request,
122,/content/drive/MyDrive/SeaAlert/data/audio_clean/wav/122.wav,Distress,third_party,nav_hazard,
123,/content/drive/MyDrive/SeaAlert/data/audio_clean/wav/123.wav,Distress,informal,water_ingress,
124,/content/drive/MyDrive/SeaAlert/data/audio_clean/wav/124.wav,Distress,formal,cargo_shift,
125,/content/drive/MyDrive/SeaAlert/data/audio_clean/wav/125.wav,Urgency,third_party,cargo_shift,p277
126,/content/drive/MyDrive/SeaAlert/data/audio_clean/wav/126.wav,Urgency,third_party,grounding,p334
127,/content/drive/MyDrive/SeaAlert/data/audio_clean/wav/127.wav,Distress,third_party,tow_request,p239
128,/content/drive/MyDrive/SeaAlert/data/audio_clean/wav/128.wav,Distress,formal,tow_request,p364
129,/content/drive/MyDrive/SeaAlert/data/audio_clean/wav/129.wav,Safety,informal,water_ingress,p301
130,/content/drive/MyDrive/SeaAlert/data/audio_clean/wav/130.wav,Urgency,third_party,water_ingress,p286
131,/content/drive/MyDrive/SeaAlert/data/audio_clean/wav/131.wav,Routine,informal,person_overboard,p246
132,/content/drive/MyDrive/SeaAlert/data/audio_clean/wav/132.wav,Routine,third_party,nav_hazard,p360
133,/content/drive/MyDrive/SeaAlert/data/audio_clean/wav/133.wav,Safety,third_party,collision,p313
134,/content/drive/MyDrive/SeaAlert/data/audio_clean/wav/134.wav,Urgency,formal,engine_failure,p318
135,/content/drive/MyDrive/SeaAlert/data/audio_clean/wav/135.wav,Safety,informal,cargo_shift,p304
136,/content/drive/MyDrive/SeaAlert/data/audio_clean/wav/136.wav,Routine,formal,water_ingress,p304
137,/content/drive/MyDrive/SeaAlert/data/audio_clean/wav/137.wav,Distress,third_party,person_overboard,p323
138,/content/drive/MyDrive/SeaAlert/data/audio_clean/wav/138.wav,Distress,formal,steering_failure,p345
139,/content/drive/MyDrive/SeaAlert/data/audio_clean/wav/139.wav,Distress,third_party,water_ingress,p361
140,/content/drive/MyDrive/SeaAlert/data/audio_clean/wav/140.wav,Safety,informal,medical_issue,p249
141,/content/drive/MyDrive/SeaAlert/data/audio_clean/wav/141.wav,Routine,formal,steering_failure,p226
142,/content/drive/MyDrive/SeaAlert/data/audio_clean/wav/142.wav,Safety,informal,collision,p247
143,/content/drive/MyDrive/SeaAlert/data/audio_clean/wav/143.wav,Distress,formal,person_overboard,p278
144,/content/drive/MyDrive/SeaAlert/data/audio_clean/wav/144.wav,Urgency,informal,cargo_shift,p225
145,/content/drive/MyDrive/SeaAlert/data/audio_clean/wav/145.wav,Safety,formal,steering_failure,p323
146,/content/drive/MyDrive/SeaAlert/data/audio_clean/wav/146.wav,Distress,formal,cargo_shift,p374
147,/content/drive/MyDrive/SeaAlert/data/audio_clean/wav/147.wav,Safety,formal,grounding,p255
148,/content/drive/MyDrive/SeaAlert/data/audio_clean/wav/148.wav,Routine,formal,medical_issue,p263
149,/content/drive/MyDrive/SeaAlert/data/audio_clean/wav/149.wav,Distress,formal,medical_issue,p225
150,/content/drive/MyDrive/SeaAlert/data/audio_clean/wav/150.wav,Urgency,informal,water_ingress,p292
151,/content/drive/MyDrive/SeaAlert/data/audio_clean/wav/151.wav,Urgency,third_party,water_ingress,p285
152,/content/drive/MyDrive/SeaAlert/data/audio_clean/wav/152.wav,Urgency,informal,fire_smoke,p246
153,/content/drive/MyDrive/SeaAlert/data/audio_clean/wav/153.wav,Safety,formal,engine_failure,p258
154,/content/drive/MyDrive/SeaAlert/data/audio_clean/wav/154.wav,Routine,informal,nav_hazard,p305
155,/content/drive/MyDrive/SeaAlert/data/audio_clean/wav/155.wav,Urgency,third_party,fire_smoke,p283
156,/content/drive/MyDrive/SeaAlert/data/audio_clean/wav/156.wav,Routine,formal,grounding,p247
157,/content/drive/MyDrive/SeaAlert/data/audio_clean/wav/157.wav,Routine,informal,water_ingress,p374
158,/content/drive/MyDrive/SeaAlert/data/audio_clean/wav/158.wav,Safety,formal,radio_check,p326
159,/content/drive/MyDrive/SeaAlert/data/audio_clean/wav/159.wav,Safety,informal,person_overboard,p274
160,/content/drive/MyDrive/SeaAlert/data/audio_clean/wav/160.wav,Distress,third_party,water_ingress,p330
161,/content/drive/MyDrive/SeaAlert/data/audio_clean/wav/161.wav,Routine,formal,steering_failure,p284
162,/content/drive/MyDrive/SeaAlert/data/audio_clean/wav/162.wav,Urgency,formal,collision,p267
163,/content/drive/MyDrive/SeaAlert/data/audio_clean/wav/163.wav,Routine,third_party,steering_failure,p333
164,/content/drive/MyDrive/SeaAlert/data/audio_clean/wav/164.wav,Urgency,informal,water_ingress,p285
165,/content/drive/MyDrive/SeaAlert/data/audio_clean/wav/165.wav,Safety,formal,water_ingress,p310
166,/content/drive/MyDrive/SeaAlert/data/audio_clean/wav/166.wav,Urgency,formal,water_ingress,p239
167,/content/drive/MyDrive/SeaAlert/data/audio_clean/wav/167.wav,Distress,third_party,fire_smoke,p287
168,/content/drive/MyDrive/SeaAlert/data/audio_clean/wav/168.wav,Urgency,informal,tow_request,p287
169,/content/drive/MyDrive/SeaAlert/data/audio_clean/wav/169.wav,Urgency,informal,collision,p272
170,/content/drive/MyDrive/SeaAlert/data/audio_clean/wav/170.wav,Safety,formal,steering_failure,p287
171,/content/drive/MyDrive/SeaAlert/data/audio_clean/wav/171.wav,Routine,formal,tow_request,p276
172,/content/drive/MyDrive/SeaAlert/data/audio_clean/wav/172.wav,Safety,third_party,collision,p374
173,/content/drive/MyDrive/SeaAlert/data/audio_clean/wav/173.wav,Distress,informal,fire_smoke,p280
174,/content/drive/MyDrive/SeaAlert/data/audio_clean/wav/174.wav,Urgency,third_party,engine_failure,p292
175,/content/drive/MyDrive/SeaAlert/data/audio_clean/wav/175.wav,Urgency,formal,nav_hazard,p226
176,/content/drive/MyDrive/SeaAlert/data/audio_clean/wav/176.wav,Safety,formal,collision,p347
177,/content/drive/MyDrive/SeaAlert/data/audio_clean/wav/177.wav,Distress,formal,water_ingress,p276
178,/content/drive/MyDrive/SeaAlert/data/audio_clean/wav/178.wav,Urgency,third_party,grounding,p230
179,/content/drive/MyDrive/SeaAlert/data/audio_clean/wav/179.wav,Safety,informal,grounding,p246
180,/content/drive/MyDrive/SeaAlert/data/audio_clean/wav/180.wav,Distress,informal,cargo_shift,p302
181,/content/drive/MyDrive/SeaAlert/data/audio_clean/wav/181.wav,Distress,formal,engine_failure,p264
182,/content/drive/MyDrive/SeaAlert/data/audio_clean/wav/182.wav,Urgency,informal,grounding,p243
183,/content/drive/MyDrive/SeaAlert/data/audio_clean/wav/183.wav,Distress,informal,tow_request,p227
184,/content/drive/MyDrive/SeaAlert/data/audio_clean/wav/184.wav,Distress,third_party,collision,p326
185,/content/drive/MyDrive/SeaAlert/data/audio_clean/wav/185.wav,Urgency,third_party,collision,p285
186,/content/drive/MyDrive/SeaAlert/data/audio_clean/wav/186.wav,Safety,informal,engine_failure,p238
187,/content/drive/MyDrive/SeaAlert/data/audio_clean/wav/187.wav,Safety,third_party,nav_hazard,p232
188,/content/drive/MyDrive/SeaAlert/data/audio_clean/wav/188.wav,Routine,third_party,collision,p329
189,/content/drive/MyDrive/SeaAlert/data/audio_clean/wav/189.wav,Distress,formal,grounding,p278
190,/content/drive/MyDrive/SeaAlert/data/audio_clean/wav/190.wav,Urgency,informal,fire_smoke,p225
191,/content/drive/MyDrive/SeaAlert/data/audio_clean/wav/191.wav,Urgency,formal,grounding,p314
192,/content/drive/MyDrive/SeaAlert/data/audio_clean/wav/192.wav,Urgency,formal,grounding,p333
193,/content/drive/MyDrive/SeaAlert/data/audio_clean/wav/193.wav,Routine,formal,steering_failure,p285
194,/content/drive/MyDrive/SeaAlert/data/audio_clean/wav/194.wav,Routine,formal,cargo_shift,p300
195,/content/drive/MyDrive/SeaAlert/data/audio_clean/wav/195.wav,Urgency,informal,grounding,p269
196,/content/drive/MyDrive/SeaAlert/data/audio_clean/wav/196.wav,Distress,informal,person_overboard,p231
197,/content/drive/MyDrive/SeaAlert/data/audio_clean/wav/197.wav,Distress,third_party,grounding,p272
198,/content/drive/MyDrive/SeaAlert/data/audio_clean/wav/198.wav,Safety,informal,radio_check,p260
199,/content/drive/MyDrive/SeaAlert/data/audio_clean/wav/199.wav,Urgency,formal,steering_failure,p307
200,/content/drive/MyDrive/SeaAlert/data/audio_clean/wav/200.wav,Urgency,third_party,person_overboard,p311
201,/content/drive/MyDrive/SeaAlert/data/audio_clean/wav/201.wav,Routine,formal,radio_check,p261
202,/content/drive/MyDrive/SeaAlert/data/audio_clean/wav/202.wav,Distress,formal,radio_check,p275
203,/content/drive/MyDrive/SeaAlert/data/audio_clean/wav/203.wav,Urgency,informal,nav_hazard,p361
204,/content/drive/MyDrive/SeaAlert/data/audio_clean/wav/204.wav,Distress,third_party,engine_failure,p227
205,/content/drive/MyDrive/SeaAlert/data/audio_clean/wav/205.wav,Urgency,informal,person_overboard,p225
206,/content/drive/MyDrive/SeaAlert/data/audio_clean/wav/206.wav,Distress,third_party,steering_failure,p229
207,/content/drive/MyDrive/SeaAlert/data/audio_clean/wav/207.wav,Distress,informal,grounding,p279
208,/content/drive/MyDrive/SeaAlert/data/audio_clean/wav/208.wav,Routine,third_party,radio_check,p363
209,/content/drive/MyDrive/SeaAlert/data/audio_clean/wav/209.wav,Distress,informal,radio_check,p227
210,/content/drive/MyDrive/SeaAlert/data/audio_clean/wav/210.wav,Routine,formal,person_overboard,p279
211,/content/drive/MyDrive/SeaAlert/data/audio_clean/wav/211.wav,Urgency,informal,medical_issue,p334
212,/content/drive/MyDrive/SeaAlert/data/audio_clean/wav/212.wav,Distress,formal,tow_request,p288
213,/content/drive/MyDrive/SeaAlert/data/audio_clean/wav/213.wav,Distress,third_party,water_ingress,p243
214,/content/drive/MyDrive/SeaAlert/data/audio_clean/wav/214.wav,Urgency,third_party,medical_issue,p329
215,/content/drive/MyDrive/SeaAlert/data/audio_clean/wav/215.wav,Urgency,informal,nav_hazard,p269
216,/content/drive/MyDrive/SeaAlert/data/audio_clean/wav/216.wav,Distress,third_party,grounding,p259
217,/content/drive/MyDrive/SeaAlert/data/audio_clean/wav/217.wav,Distress,informal,tow_request,p303
218,/content/drive/MyDrive/SeaAlert/data/audio_clean/wav/218.wav,Urgency,informal,medical_issue,p287
219,/content/drive/MyDrive/SeaAlert/data/audio_clean/wav/219.wav,Routine,third_party,person_overboard,p345
220,/content/drive/MyDrive/SeaAlert/data/audio_clean/wav/220.wav,Distress,informal,person_overboard,p238
221,/content/drive/MyDrive/SeaAlert/data/audio_clean/wav/221.wav,Distress,third_party,water_ingress,p336
222,/content/drive/MyDrive/SeaAlert/data/audio_clean/wav/222.wav,Routine,informal,water_ingress,p273
223,/content/drive/MyDrive/SeaAlert/data/audio_clean/wav/223.wav,Distress,formal,tow_request,p239
224,/content/drive/MyDrive/SeaAlert/data/audio_clean/wav/224.wav,Safety,informal,person_overboard,p301
225,/content/drive/MyDrive/SeaAlert/data/audio_clean/wav/225.wav,Routine,third_party,radio_check,p307
226,/content/drive/MyDrive/SeaAlert/data/audio_clean/wav/226.wav,Routine,informal,fire_smoke,p318
227,/content/drive/MyDrive/SeaAlert/data/audio_clean/wav/227.wav,Distress,third_party,water_ingress,p287
228,/content/drive/MyDrive/SeaAlert/data/audio_clean/wav/228.wav,Distress,informal,engine_failure,p265
229,/content/drive/MyDrive/SeaAlert/data/audio_clean/wav/229.wav,Routine,formal,steering_failure,p316
230,/content/drive/MyDrive/SeaAlert/data/audio_clean/wav/230.wav,Safety,informal,steering_failure,p310
231,/content/drive/MyDrive/SeaAlert/data/audio_clean/wav/231.wav,Safety,informal,water_ingress,p376
232,/content/drive/MyDrive/SeaAlert/data/audio_clean/wav/232.wav,Safety,third_party,cargo_shift,p312
233,/content/drive/MyDrive/SeaAlert/data/audio_clean/wav/233.wav,Distress,third_party,nav_hazard,p278
234,/content/drive/MyDrive/SeaAlert/data/audio_clean/wav/234.wav,Distress,informal,cargo_shift,p249
235,/content/drive/MyDrive/SeaAlert/data/audio_clean/wav/235.wav,Distress,informal,nav_hazard,p251
236,/content/drive/MyDrive/SeaAlert/data/audio_clean/wav/236.wav,Routine,third_party,engine_failure,p326
237,/content/drive/MyDrive/SeaAlert/data/audio_clean/wav/237.wav,Distress,formal,steering_failure,p285
238,/content/drive/MyDrive/SeaAlert/data/audio_clean/wav/238.wav,Urgency,informal,engine_failure,p376
239,/content/drive/MyDrive/SeaAlert/data/audio_clean/wav/239.wav,Urgency,informal,medical_issue,p266
240,/content/drive/MyDrive/SeaAlert/data/audio_clean/wav/240.wav,Urgency,formal,person_overboard,p254
241,/content/drive/MyDrive/SeaAlert/data/audio_clean/wav/241.wav,Urgency,formal,tow_request,p239
242,/content/drive/MyDrive/SeaAlert/data/audio_clean/wav/242.wav,Safety,formal,medical_issue,p270
243,/content/drive/MyDrive/SeaAlert/data/audio_clean/wav/243.wav,Safety,informal,cargo_shift,p293
244,/content/drive/MyDrive/SeaAlert/data/audio_clean/wav/244.wav,Safety,informal,fire_smoke,p326
245,/content/drive/MyDrive/SeaAlert/data/audio_clean/wav/245.wav,Routine,informal,medical_issue,p300
246,/content/drive/MyDrive/SeaAlert/data/audio_clean/wav/246.wav,Safety,informal,person_overboard,p232
247,/content/drive/MyDrive/SeaAlert/data/audio_clean/wav/247.wav,Urgency,formal,person_overboard,p323
248,/content/drive/MyDrive/SeaAlert/data/audio_clean/wav/248.wav,Urgency,formal,cargo_shift,"ED
"
249,/content/drive/MyDrive/SeaAlert/data/audio_clean/wav/249.wav,Urgency,formal,fire_smoke,p374
250,/content/drive/MyDrive/SeaAlert/data/audio_clean/wav/250.wav,Routine,third_party,tow_request,p231
251,/content/drive/MyDrive/SeaAlert/data/audio_clean/wav/251.wav,Distress,formal,nav_hazard,p323
252,/content/drive/MyDrive/SeaAlert/data/audio_clean/wav/252.wav,Safety,formal,fire_smoke,p288
253,/content/drive/MyDrive/SeaAlert/data/audio_clean/wav/253.wav,Safety,third_party,grounding,p234
254,/content/drive/MyDrive/SeaAlert/data/audio_clean/wav/254.wav,Safety,informal,water_ingress,p311
255,/content/drive/MyDrive/SeaAlert/data/audio_clean/wav/255.wav,Routine,informal,medical_issue,p231
256,/content/drive/MyDrive/SeaAlert/data/audio_clean/wav/256.wav,Distress,third_party,steering_failure,p260
257,/content/drive/MyDrive/SeaAlert/data/audio_clean/wav/257.wav,Distress,formal,person_overboard,p260
258,/content/drive/MyDrive/SeaAlert/data/audio_clean/wav/258.wav,Distress,informal,fire_smoke,p258
259,/content/drive/MyDrive/SeaAlert/data/audio_clean/wav/259.wav,Routine,third_party,grounding,p228
260,/content/drive/MyDrive/SeaAlert/data/audio_clean/wav/260.wav,Distress,informal,grounding,p363
261,/content/drive/MyDrive/SeaAlert/data/audio_clean/wav/261.wav,Distress,third_party,engine_failure,p360
262,/content/drive/MyDrive/SeaAlert/data/audio_clean/wav/262.wav,Safety,third_party,collision,p266
263,/content/drive/MyDrive/SeaAlert/data/audio_clean/wav/263.wav,Safety,third_party,fire_smoke,p253
264,/content/drive/MyDrive/SeaAlert/data/audio_clean/wav/264.wav,Safety,formal,grounding,p230
265,/content/drive/MyDrive/SeaAlert/data/audio_clean/wav/265.wav,Safety,formal,steering_failure,p302
266,/content/drive/MyDrive/SeaAlert/data/audio_clean/wav/266.wav,Safety,informal,radio_check,p301
267,/content/drive/MyDrive/SeaAlert/data/audio_clean/wav/267.wav,Distress,third_party,nav_hazard,p236
268,/content/drive/MyDrive/SeaAlert/data/audio_clean/wav/268.wav,Urgency,informal,water_ingress,p259
269,/content/drive/MyDrive/SeaAlert/data/audio_clean/wav/269.wav,Urgency,formal,grounding,p258
270,/content/drive/MyDrive/SeaAlert/data/audio_clean/wav/270.wav,Urgency,informal,person_overboard,p273
271,/content/drive/MyDrive/SeaAlert/data/audio_clean/wav/271.wav,Urgency,formal,grounding,p248
272,/content/drive/MyDrive/SeaAlert/data/audio_clean/wav/272.wav,Safety,formal,tow_request,p287
273,/content/drive/MyDrive/SeaAlert/data/audio_clean/wav/273.wav,Routine,third_party,nav_hazard,p323
274,/content/drive/MyDrive/SeaAlert/data/audio_clean/wav/274.wav,Routine,formal,nav_hazard,p262
275,/content/drive/MyDrive/SeaAlert/data/audio_clean/wav/275.wav,Safety,third_party,person_overboard,p343
276,/content/drive/MyDrive/SeaAlert/data/audio_clean/wav/276.wav,Distress,third_party,collision,p269
277,/content/drive/MyDrive/SeaAlert/data/audio_clean/wav/277.wav,Routine,formal,person_overboard,p361
278,/content/drive/MyDrive/SeaAlert/data/audio_clean/wav/278.wav,Routine,informal,water_ingress,p317
279,/content/drive/MyDrive/SeaAlert/data/audio_clean/wav/279.wav,Distress,third_party,water_ingress,p330
280,/content/drive/MyDrive/SeaAlert/data/audio_clean/wav/280.wav,Urgency,third_party,nav_hazard,p260
281,/content/drive/MyDrive/SeaAlert/data/audio_clean/wav/281.wav,Urgency,formal,cargo_shift,p293
282,/content/drive/MyDrive/SeaAlert/data/audio_clean/wav/282.wav,Routine,informal,nav_hazard,p343
283,/content/drive/MyDrive/SeaAlert/data/audio_clean/wav/283.wav,Urgency,formal,medical_issue,p347
284,/content/drive/MyDrive/SeaAlert/data/audio_clean/wav/284.wav,Urgency,formal,radio_check,p272
285,/content/drive/MyDrive/SeaAlert/data/audio_clean/wav/285.wav,Routine,third_party,grounding,p307
286,/content/drive/MyDrive/SeaAlert/data/audio_clean/wav/286.wav,Routine,formal,collision,p226
287,/content/drive/MyDrive/SeaAlert/data/audio_clean/wav/287.wav,Distress,third_party,steering_failure,"ED
"
288,/content/drive/MyDrive/SeaAlert/data/audio_clean/wav/288.wav,Safety,formal,radio_check,p228
289,/content/drive/MyDrive/SeaAlert/data/audio_clean/wav/289.wav,Distress,formal,engine_failure,p329
290,/content/drive/MyDrive/SeaAlert/data/audio_clean/wav/290.wav,Routine,informal,fire_smoke,p238
291,/content/drive/MyDrive/SeaAlert/data/audio_clean/wav/291.wav,Routine,third_party,engine_failure,p360
292,/content/drive/MyDrive/SeaAlert/data/audio_clean/wav/292.wav,Routine,third_party,grounding,p252
293,/content/drive/MyDrive/SeaAlert/data/audio_clean/wav/293.wav,Safety,informal,steering_failure,p232
294,/content/drive/MyDrive/SeaAlert/data/audio_clean/wav/294.wav,Distress,informal,collision,p308
295,/content/drive/MyDrive/SeaAlert/data/audio_clean/wav/295.wav,Routine,third_party,medical_issue,p239
296,/content/drive/MyDrive/SeaAlert/data/audio_clean/wav/296.wav,Safety,third_party,steering_failure,p329
297,/content/drive/MyDrive/SeaAlert/data/audio_clean/wav/297.wav,Urgency,third_party,fire_smoke,p267
298,/content/drive/MyDrive/SeaAlert/data/audio_clean/wav/298.wav,Distress,formal,grounding,p306
299,/content/drive/MyDrive/SeaAlert/data/audio_clean/wav/299.wav,Urgency,formal,cargo_shift,p276
300,/content/drive/MyDrive/SeaAlert/data/audio_clean/wav/300.wav,Routine,formal,collision,p288
301,/content/drive/MyDrive/SeaAlert/data/audio_clean/wav/301.wav,Urgency,informal,collision,p339
302,/content/drive/MyDrive/SeaAlert/data/audio_clean/wav/302.wav,Safety,formal,grounding,p360
303,/content/drive/MyDrive/SeaAlert/data/audio_clean/wav/303.wav,Urgency,informal,tow_request,p277
304,/content/drive/MyDrive/SeaAlert/data/audio_clean/wav/304.wav,Urgency,formal,collision,p339
305,/content/drive/MyDrive/SeaAlert/data/audio_clean/wav/305.wav,Distress,formal,cargo_shift,p227
306,/content/drive/MyDrive/SeaAlert/data/audio_clean/wav/306.wav,Safety,third_party,radio_check,p335
307,/content/drive/MyDrive/SeaAlert/data/audio_clean/wav/307.wav,Urgency,formal,nav_hazard,p347
308,/content/drive/MyDrive/SeaAlert/data/audio_clean/wav/308.wav,Routine,third_party,fire_smoke,p248
309,/content/drive/MyDrive/SeaAlert/data/audio_clean/wav/309.wav,Urgency,third_party,grounding,p360
310,/content/drive/MyDrive/SeaAlert/data/audio_clean/wav/310.wav,Routine,informal,water_ingress,p376
311,/content/drive/MyDrive/SeaAlert/data/audio_clean/wav/311.wav,Safety,formal,grounding,p239
312,/content/drive/MyDrive/SeaAlert/data/audio_clean/wav/312.wav,Urgency,third_party,steering_failure,p268
313,/content/drive/MyDrive/SeaAlert/data/audio_clean/wav/313.wav,Routine,informal,grounding,p254
314,/content/drive/MyDrive/SeaAlert/data/audio_clean/wav/314.wav,Urgency,informal,grounding,p261
315,/content/drive/MyDrive/SeaAlert/data/audio_clean/wav/315.wav,Safety,informal,tow_request,p237
316,/content/drive/MyDrive/SeaAlert/data/audio_clean/wav/316.wav,Routine,formal,radio_check,p257
317,/content/drive/MyDrive/SeaAlert/data/audio_clean/wav/317.wav,Urgency,formal,nav_hazard,p300
318,/content/drive/MyDrive/SeaAlert/data/audio_clean/wav/318.wav,Routine,informal,tow_request,p284
319,/content/drive/MyDrive/SeaAlert/data/audio_clean/wav/319.wav,Safety,third_party,collision,p317
320,/content/drive/MyDrive/SeaAlert/data/audio_clean/wav/320.wav,Distress,third_party,medical_issue,p253
321,/content/drive/MyDrive/SeaAlert/data/audio_clean/wav/321.wav,Urgency,informal,medical_issue,p294
322,/content/drive/MyDrive/SeaAlert/data/audio_clean/wav/322.wav,Safety,third_party,tow_request,p267
323,/content/drive/MyDrive/SeaAlert/data/audio_clean/wav/323.wav,Safety,formal,cargo_shift,p270
324,/content/drive/MyDrive/SeaAlert/data/audio_clean/wav/324.wav,Safety,third_party,fire_smoke,p287
325,/content/drive/MyDrive/SeaAlert/data/audio_clean/wav/325.wav,Routine,third_party,medical_issue,p282
326,/content/drive/MyDrive/SeaAlert/data/audio_clean/wav/326.wav,Distress,informal,collision,p229
327,/content/drive/MyDrive/SeaAlert/data/audio_clean/wav/327.wav,Distress,third_party,grounding,p253
328,/content/drive/MyDrive/SeaAlert/data/audio_clean/wav/328.wav,Safety,informal,cargo_shift,p253
329,/content/drive/MyDrive/SeaAlert/data/audio_clean/wav/329.wav,Safety,informal,collision,p374
330,/content/drive/MyDrive/SeaAlert/data/audio_clean/wav/330.wav,Routine,formal,nav_hazard,p269
331,/content/drive/MyDrive/SeaAlert/data/audio_clean/wav/331.wav,Routine,formal,tow_request,p314
332,/content/drive/MyDrive/SeaAlert/data/audio_clean/wav/332.wav,Safety,formal,tow_request,p255
333,/content/drive/MyDrive/SeaAlert/data/audio_clean/wav/333.wav,Distress,informal,steering_failure,p287
334,/content/drive/MyDrive/SeaAlert/data/audio_clean/wav/334.wav,Routine,third_party,nav_hazard,p304
335,/content/drive/MyDrive/SeaAlert/data/audio_clean/wav/335.wav,Distress,formal,radio_check,p333
336,/content/drive/MyDrive/SeaAlert/data/audio_clean/wav/336.wav,Distress,formal,tow_request,p326
337,/content/drive/MyDrive/SeaAlert/data/audio_clean/wav/337.wav,Urgency,third_party,grounding,p360
338,/content/drive/MyDrive/SeaAlert/data/audio_clean/wav/338.wav,Safety,formal,radio_check,p287
339,/content/drive/MyDrive/SeaAlert/data/audio_clean/wav/339.wav,Urgency,third_party,nav_hazard,p340
340,/content/drive/MyDrive/SeaAlert/data/audio_clean/wav/340.wav,Urgency,third_party,water_ingress,"ED
"
341,/content/drive/MyDrive/SeaAlert/data/audio_clean/wav/341.wav,Urgency,formal,water_ingress,p252
342,/content/drive/MyDrive/SeaAlert/data/audio_clean/wav/342.wav,Distress,third_party,cargo_shift,p287
343,/content/drive/MyDrive/SeaAlert/data/audio_clean/wav/343.wav,Safety,third_party,medical_issue,p306
344,/content/drive/MyDrive/SeaAlert/data/audio_clean/wav/344.wav,Safety,informal,engine_failure,p362
345,/content/drive/MyDrive/SeaAlert/data/audio_clean/wav/345.wav,Routine,informal,tow_request,p226
346,/content/drive/MyDrive/SeaAlert/data/audio_clean/wav/346.wav,Safety,formal,fire_smoke,p360
347,/content/drive/MyDrive/SeaAlert/data/audio_clean/wav/347.wav,Distress,third_party,steering_failure,p299
348,/content/drive/MyDrive/SeaAlert/data/audio_clean/wav/348.wav,Urgency,third_party,grounding,p301
349,/content/drive/MyDrive/SeaAlert/data/audio_clean/wav/349.wav,Urgency,formal,collision,p252
350,/content/drive/MyDrive/SeaAlert/data/audio_clean/wav/350.wav,Safety,formal,collision,p232
351,/content/drive/MyDrive/SeaAlert/data/audio_clean/wav/351.wav,Safety,formal,engine_failure,p287
352,/content/drive/MyDrive/SeaAlert/data/audio_clean/wav/352.wav,Urgency,third_party,engine_failure,p262
353,/content/drive/MyDrive/SeaAlert/data/audio_clean/wav/353.wav,Urgency,informal,cargo_shift,p340
354,/content/drive/MyDrive/SeaAlert/data/audio_clean/wav/354.wav,Safety,informal,fire_smoke,p276
355,/content/drive/MyDrive/SeaAlert/data/audio_clean/wav/355.wav,Routine,formal,steering_failure,p363
356,/content/drive/MyDrive/SeaAlert/data/audio_clean/wav/356.wav,Urgency,informal,steering_failure,p269
357,/content/drive/MyDrive/SeaAlert/data/audio_clean/wav/357.wav,Distress,formal,nav_hazard,p249
358,/content/drive/MyDrive/SeaAlert/data/audio_clean/wav/358.wav,Urgency,third_party,person_overboard,p308
359,/content/drive/MyDrive/SeaAlert/data/audio_clean/wav/359.wav,Distress,formal,cargo_shift,p284
360,/content/drive/MyDrive/SeaAlert/data/audio_clean/wav/360.wav,Safety,third_party,radio_check,p257
361,/content/drive/MyDrive/SeaAlert/data/audio_clean/wav/361.wav,Urgency,informal,engine_failure,p339
362,/content/drive/MyDrive/SeaAlert/data/audio_clean/wav/362.wav,Safety,informal,water_ingress,p323
363,/content/drive/MyDrive/SeaAlert/data/audio_clean/wav/363.wav,Routine,formal,engine_failure,p362
364,/content/drive/MyDrive/SeaAlert/data/audio_clean/wav/364.wav,Routine,formal,nav_hazard,p277
365,/content/drive/MyDrive/SeaAlert/data/audio_clean/wav/365.wav,Urgency,third_party,steering_failure,p287
366,/content/drive/MyDrive/SeaAlert/data/audio_clean/wav/366.wav,Safety,third_party,fire_smoke,p283
367,/content/drive/MyDrive/SeaAlert/data/audio_clean/wav/367.wav,Routine,informal,tow_request,p277
368,/content/drive/MyDrive/SeaAlert/data/audio_clean/wav/368.wav,Safety,third_party,water_ingress,p236
369,/content/drive/MyDrive/SeaAlert/data/audio_clean/wav/369.wav,Urgency,formal,steering_failure,p264
370,/content/drive/MyDrive/SeaAlert/data/audio_clean/wav/370.wav,Routine,informal,fire_smoke,p225
371,/content/drive/MyDrive/SeaAlert/data/audio_clean/wav/371.wav,Safety,informal,fire_smoke,p226
372,/content/drive/MyDrive/SeaAlert/data/audio_clean/wav/372.wav,Routine,formal,cargo_shift,p347
373,/content/drive/MyDrive/SeaAlert/data/audio_clean/wav/373.wav,Distress,formal,person_overboard,p281
374,/content/drive/MyDrive/SeaAlert/data/audio_clean/wav/374.wav,Urgency,formal,steering_failure,p311
375,/content/drive/MyDrive/SeaAlert/data/audio_clean/wav/375.wav,Routine,informal,radio_check,p284
376,/content/drive/MyDrive/SeaAlert/data/audio_clean/wav/376.wav,Urgency,third_party,engine_failure,p225
377,/content/drive/MyDrive/SeaAlert/data/audio_clean/wav/377.wav,Distress,formal,person_overboard,p225
378,/content/drive/MyDrive/SeaAlert/data/audio_clean/wav/378.wav,Safety,informal,engine_failure,p333
379,/content/drive/MyDrive/SeaAlert/data/audio_clean/wav/379.wav,Urgency,formal,grounding,p279
380,/content/drive/MyDrive/SeaAlert/data/audio_clean/wav/380.wav,Safety,informal,nav_hazard,p318
381,/content/drive/MyDrive/SeaAlert/data/audio_clean/wav/381.wav,Routine,informal,tow_request,p347
382,/content/drive/MyDrive/SeaAlert/data/audio_clean/wav/382.wav,Routine,informal,tow_request,p339
383,/content/drive/MyDrive/SeaAlert/data/audio_clean/wav/383.wav,Safety,formal,water_ingress,p340
384,/content/drive/MyDrive/SeaAlert/data/audio_clean/wav/384.wav,Urgency,formal,cargo_shift,"ED
"
385,/content/drive/MyDrive/SeaAlert/data/audio_clean/wav/385.wav,Safety,formal,radio_check,p244
386,/content/drive/MyDrive/SeaAlert/data/audio_clean/wav/386.wav,Urgency,informal,water_ingress,p225
387,/content/drive/MyDrive/SeaAlert/data/audio_clean/wav/387.wav,Routine,third_party,steering_failure,p278
388,/content/drive/MyDrive/SeaAlert/data/audio_clean/wav/388.wav,Urgency,formal,fire_smoke,p269
389,/content/drive/MyDrive/SeaAlert/data/audio_clean/wav/389.wav,Routine,formal,collision,p329
390,/content/drive/MyDrive/SeaAlert/data/audio_clean/wav/390.wav,Distress,informal,grounding,p257
391,/content/drive/MyDrive/SeaAlert/data/audio_clean/wav/391.wav,Routine,third_party,nav_hazard,p299
392,/content/drive/MyDrive/SeaAlert/data/audio_clean/wav/392.wav,Routine,formal,nav_hazard,p257
393,/content/drive/MyDrive/SeaAlert/data/audio_clean/wav/393.wav,Routine,third_party,radio_check,p297
394,/content/drive/MyDrive/SeaAlert/data/audio_clean/wav/394.wav,Routine,formal,water_ingress,p280
395,/content/drive/MyDrive/SeaAlert/data/audio_clean/wav/395.wav,Urgency,formal,nav_hazard,p304
396,/content/drive/MyDrive/SeaAlert/data/audio_clean/wav/396.wav,Distress,informal,engine_failure,p281
397,/content/drive/MyDrive/SeaAlert/data/audio_clean/wav/397.wav,Distress,formal,cargo_shift,p241
398,/content/drive/MyDrive/SeaAlert/data/audio_clean/wav/398.wav,Routine,formal,person_overboard,p263
399,/content/drive/MyDrive/SeaAlert/data/audio_clean/wav/399.wav,Routine,third_party,water_ingress,p249
400,/content/drive/MyDrive/SeaAlert/data/audio_clean/wav/400.wav,Urgency,third_party,radio_check,p298
401,/content/drive/MyDrive/SeaAlert/data/audio_clean/wav/401.wav,Distress,third_party,cargo_shift,p341
402,/content/drive/MyDrive/SeaAlert/data/audio_clean/wav/402.wav,Safety,third_party,fire_smoke,p299
403,/content/drive/MyDrive/SeaAlert/data/audio_clean/wav/403.wav,Urgency,formal,tow_request,p317
404,/content/drive/MyDrive/SeaAlert/data/audio_clean/wav/404.wav,Safety,third_party,medical_issue,p234
405,/content/drive/MyDrive/SeaAlert/data/audio_clean/wav/405.wav,Safety,third_party,water_ingress,p240
406,/content/drive/MyDrive/SeaAlert/data/audio_clean/wav/406.wav,Routine,formal,collision,p340
407,/content/drive/MyDrive/SeaAlert/data/audio_clean/wav/407.wav,Safety,third_party,nav_hazard,p302
408,/content/drive/MyDrive/SeaAlert/data/audio_clean/wav/408.wav,Routine,informal,radio_check,p284
409,/content/drive/MyDrive/SeaAlert/data/audio_clean/wav/409.wav,Safety,third_party,medical_issue,p299
410,/content/drive/MyDrive/SeaAlert/data/audio_clean/wav/410.wav,Safety,formal,collision,p310
411,/content/drive/MyDrive/SeaAlert/data/audio_clean/wav/411.wav,Distress,informal,steering_failure,p334
412,/content/drive/MyDrive/SeaAlert/data/audio_clean/wav/412.wav,Safety,formal,water_ingress,p226
413,/content/drive/MyDrive/SeaAlert/data/audio_clean/wav/413.wav,Routine,informal,fire_smoke,p245
414,/content/drive/MyDrive/SeaAlert/data/audio_clean/wav/414.wav,Urgency,informal,person_overboard,p284
415,/content/drive/MyDrive/SeaAlert/data/audio_clean/wav/415.wav,Distress,informal,collision,p261
416,/content/drive/MyDrive/SeaAlert/data/audio_clean/wav/416.wav,Routine,formal,water_ingress,p244
417,/content/drive/MyDrive/SeaAlert/data/audio_clean/wav/417.wav,Urgency,formal,fire_smoke,p329
418,/content/drive/MyDrive/SeaAlert/data/audio_clean/wav/418.wav,Safety,third_party,collision,p295
419,/content/drive/MyDrive/SeaAlert/data/audio_clean/wav/419.wav,Distress,formal,tow_request,p244
420,/content/drive/MyDrive/SeaAlert/data/audio_clean/wav/420.wav,Distress,informal,medical_issue,p245
421,/content/drive/MyDrive/SeaAlert/data/audio_clean/wav/421.wav,Safety,formal,water_ingress,p339
422,/content/drive/MyDrive/SeaAlert/data/audio_clean/wav/422.wav,Routine,informal,grounding,p300
423,/content/drive/MyDrive/SeaAlert/data/audio_clean/wav/423.wav,Safety,third_party,person_overboard,p277
424,/content/drive/MyDrive/SeaAlert/data/audio_clean/wav/424.wav,Safety,formal,nav_hazard,p362
425,/content/drive/MyDrive/SeaAlert/data/audio_clean/wav/425.wav,Safety,informal,nav_hazard,p258
426,/content/drive/MyDrive/SeaAlert/data/audio_clean/wav/426.wav,Distress,informal,tow_request,p265
427,/content/drive/MyDrive/SeaAlert/data/audio_clean/wav/427.wav,Routine,formal,medical_issue,p264
428,/content/drive/MyDrive/SeaAlert/data/audio_clean/wav/428.wav,Routine,formal,person_overboard,p312
429,/content/drive/MyDrive/SeaAlert/data/audio_clean/wav/429.wav,Distress,formal,water_ingress,p361
430,/content/drive/MyDrive/SeaAlert/data/audio_clean/wav/430.wav,Routine,third_party,fire_smoke,"ED
"
431,/content/drive/MyDrive/SeaAlert/data/audio_clean/wav/431.wav,Distress,informal,person_overboard,p234
432,/content/drive/MyDrive/SeaAlert/data/audio_clean/wav/432.wav,Distress,informal,tow_request,p333
433,/content/drive/MyDrive/SeaAlert/data/audio_clean/wav/433.wav,Distress,formal,fire_smoke,p282
434,/content/drive/MyDrive/SeaAlert/data/audio_clean/wav/434.wav,Urgency,third_party,engine_failure,p326
435,/content/drive/MyDrive/SeaAlert/data/audio_clean/wav/435.wav,Safety,third_party,grounding,p275
436,/content/drive/MyDrive/SeaAlert/data/audio_clean/wav/436.wav,Distress,formal,person_overboard,p248
437,/content/drive/MyDrive/SeaAlert/data/audio_clean/wav/437.wav,Distress,informal,nav_hazard,p256
438,/content/drive/MyDrive/SeaAlert/data/audio_clean/wav/438.wav,Urgency,third_party,fire_smoke,p335
439,/content/drive/MyDrive/SeaAlert/data/audio_clean/wav/439.wav,Safety,third_party,person_overboard,p267
440,/content/drive/MyDrive/SeaAlert/data/audio_clean/wav/440.wav,Routine,third_party,collision,p343
441,/content/drive/MyDrive/SeaAlert/data/audio_clean/wav/441.wav,Urgency,formal,person_overboard,p230
442,/content/drive/MyDrive/SeaAlert/data/audio_clean/wav/442.wav,Urgency,informal,steering_failure,p240
443,/content/drive/MyDrive/SeaAlert/data/audio_clean/wav/443.wav,Distress,informal,person_overboard,p329
444,/content/drive/MyDrive/SeaAlert/data/audio_clean/wav/444.wav,Urgency,formal,collision,p285
445,/content/drive/MyDrive/SeaAlert/data/audio_clean/wav/445.wav,Distress,formal,cargo_shift,p225
446,/content/drive/MyDrive/SeaAlert/data/audio_clean/wav/446.wav,Urgency,third_party,collision,"ED
"
447,/content/drive/MyDrive/SeaAlert/data/audio_clean/wav/447.wav,Urgency,formal,steering_failure,p273
448,/content/drive/MyDrive/SeaAlert/data/audio_clean/wav/448.wav,Routine,formal,nav_hazard,p236
449,/content/drive/MyDrive/SeaAlert/data/audio_clean/wav/449.wav,Distress,formal,fire_smoke,p298
450,/content/drive/MyDrive/SeaAlert/data/audio_clean/wav/450.wav,Safety,third_party,engine_failure,p262
451,/content/drive/MyDrive/SeaAlert/data/audio_clean/wav/451.wav,Urgency,third_party,cargo_shift,p257
452,/content/drive/MyDrive/SeaAlert/data/audio_clean/wav/452.wav,Safety,formal,fire_smoke,p232
453,/content/drive/MyDrive/SeaAlert/data/audio_clean/wav/453.wav,Routine,third_party,person_overboard,p362
454,/content/drive/MyDrive/SeaAlert/data/audio_clean/wav/454.wav,Urgency,formal,radio_check,p343
455,/content/drive/MyDrive/SeaAlert/data/audio_clean/wav/455.wav,Distress,third_party,person_overboard,p244
456,/content/drive/MyDrive/SeaAlert/data/audio_clean/wav/456.wav,Urgency,formal,engine_failure,p273
457,/content/drive/MyDrive/SeaAlert/data/audio_clean/wav/457.wav,Routine,informal,steering_failure,p310
458,/content/drive/MyDrive/SeaAlert/data/audio_clean/wav/458.wav,Routine,third_party,nav_hazard,p226
459,/content/drive/MyDrive/SeaAlert/data/audio_clean/wav/459.wav,Routine,formal,person_overboard,p245
460,/content/drive/MyDrive/SeaAlert/data/audio_clean/wav/460.wav,Safety,informal,water_ingress,p249
461,/content/drive/MyDrive/SeaAlert/data/audio_clean/wav/461.wav,Safety,informal,medical_issue,p279
462,/content/drive/MyDrive/SeaAlert/data/audio_clean/wav/462.wav,Urgency,informal,person_overboard,p258
463,/content/drive/MyDrive/SeaAlert/data/audio_clean/wav/463.wav,Routine,third_party,fire_smoke,p249
464,/content/drive/MyDrive/SeaAlert/data/audio_clean/wav/464.wav,Distress,third_party,person_overboard,p304
465,/content/drive/MyDrive/SeaAlert/data/audio_clean/wav/465.wav,Urgency,informal,medical_issue,p301
466,/content/drive/MyDrive/SeaAlert/data/audio_clean/wav/466.wav,Urgency,formal,grounding,p261
467,/content/drive/MyDrive/SeaAlert/data/audio_clean/wav/467.wav,Safety,formal,person_overboard,p263
468,/content/drive/MyDrive/SeaAlert/data/audio_clean/wav/468.wav,Safety,third_party,grounding,p361
469,/content/drive/MyDrive/SeaAlert/data/audio_clean/wav/469.wav,Safety,informal,engine_failure,p314
470,/content/drive/MyDrive/SeaAlert/data/audio_clean/wav/470.wav,Safety,informal,nav_hazard,p343
471,/content/drive/MyDrive/SeaAlert/data/audio_clean/wav/471.wav,Safety,formal,grounding,p326
472,/content/drive/MyDrive/SeaAlert/data/audio_clean/wav/472.wav,Routine,third_party,engine_failure,p343
473,/content/drive/MyDrive/SeaAlert/data/audio_clean/wav/473.wav,Routine,third_party,grounding,p250
474,/content/drive/MyDrive/SeaAlert/data/audio_clean/wav/474.wav,Safety,informal,fire_smoke,p334
475,/content/drive/MyDrive/SeaAlert/data/audio_clean/wav/475.wav,Safety,formal,fire_smoke,p243
476,/content/drive/MyDrive/SeaAlert/data/audio_clean/wav/476.wav,Routine,formal,fire_smoke,p312
477,/content/drive/MyDrive/SeaAlert/data/audio_clean/wav/477.wav,Distress,informal,engine_failure,p294
478,/content/drive/MyDrive/SeaAlert/data/audio_clean/wav/478.wav,Urgency,third_party,fire_smoke,p279
479,/content/drive/MyDrive/SeaAlert/data/audio_clean/wav/479.wav,Urgency,informal,water_ingress,p260
480,/content/drive/MyDrive/SeaAlert/data/audio_clean/wav/480.wav,Safety,third_party,collision,p310
481,/content/drive/MyDrive/SeaAlert/data/audio_clean/wav/481.wav,Safety,formal,person_overboard,p286
482,/content/drive/MyDrive/SeaAlert/data/audio_clean/wav/482.wav,Routine,third_party,tow_request,p266
483,/content/drive/MyDrive/SeaAlert/data/audio_clean/wav/483.wav,Distress,informal,engine_failure,p345
484,/content/drive/MyDrive/SeaAlert/data/audio_clean/wav/484.wav,Routine,informal,tow_request,p258
485,/content/drive/MyDrive/SeaAlert/data/audio_clean/wav/485.wav,Safety,informal,tow_request,p297
486,/content/drive/MyDrive/SeaAlert/data/audio_clean/wav/486.wav,Urgency,third_party,fire_smoke,p258
487,/content/drive/MyDrive/SeaAlert/data/audio_clean/wav/487.wav,Urgency,informal,fire_smoke,p238
488,/content/drive/MyDrive/SeaAlert/data/audio_clean/wav/488.wav,Distress,formal,tow_request,p246
489,/content/drive/MyDrive/SeaAlert/data/audio_clean/wav/489.wav,Safety,formal,radio_check,p273
490,/content/drive/MyDrive/SeaAlert/data/audio_clean/wav/490.wav,Safety,formal,tow_request,p245
491,/content/drive/MyDrive/SeaAlert/data/audio_clean/wav/491.wav,Safety,third_party,steering_failure,p231
492,/content/drive/MyDrive/SeaAlert/data/audio_clean/wav/492.wav,Distress,informal,grounding,p230
493,/content/drive/MyDrive/SeaAlert/data/audio_clean/wav/493.wav,Distress,formal,collision,p295
494,/content/drive/MyDrive/SeaAlert/data/audio_clean/wav/494.wav,Distress,third_party,engine_failure,p241
495,/content/drive/MyDrive/SeaAlert/data/audio_clean/wav/495.wav,Urgency,informal,person_overboard,p258
496,/content/drive/MyDrive/SeaAlert/data/audio_clean/wav/496.wav,Safety,formal,steering_failure,p273
497,/content/drive/MyDrive/SeaAlert/data/audio_clean/wav/497.wav,Routine,informal,collision,p305
498,/content/drive/MyDrive/SeaAlert/data/audio_clean/wav/498.wav,Routine,third_party,water_ingress,p284
499,/content/drive/MyDrive/SeaAlert/data/audio_clean/wav/499.wav,Distress,informal,tow_request,p317
500,/content/drive/MyDrive/SeaAlert/data/audio_clean/wav/500.wav,Distress,formal,radio_check,p247
501,/content/drive/MyDrive/SeaAlert/data/audio_clean/wav/501.wav,Routine,informal,grounding,p255
502,/content/drive/MyDrive/SeaAlert/data/audio_clean/wav/502.wav,Urgency,formal,cargo_shift,p263
503,/content/drive/MyDrive/SeaAlert/data/audio_clean/wav/503.wav,Distress,third_party,grounding,p351
504,/content/drive/MyDrive/SeaAlert/data/audio_clean/wav/504.wav,Urgency,third_party,medical_issue,p376
505,/content/drive/MyDrive/SeaAlert/data/audio_clean/wav/505.wav,Safety,informal,steering_failure,p276
506,/content/drive/MyDrive/SeaAlert/data/audio_clean/wav/506.wav,Safety,formal,grounding,p279
507,/content/drive/MyDrive/SeaAlert/data/audio_clean/wav/507.wav,Safety,third_party,engine_failure,p231
508,/content/drive/MyDrive/SeaAlert/data/audio_clean/wav/508.wav,Safety,informal,nav_hazard,p252
509,/content/drive/MyDrive/SeaAlert/data/audio_clean/wav/509.wav,Safety,formal,steering_failure,p252
510,/content/drive/MyDrive/SeaAlert/data/audio_clean/wav/510.wav,Routine,formal,fire_smoke,p341
511,/content/drive/MyDrive/SeaAlert/data/audio_clean/wav/511.wav,Urgency,third_party,cargo_shift,p246
512,/content/drive/MyDrive/SeaAlert/data/audio_clean/wav/512.wav,Distress,informal,radio_check,p255
513,/content/drive/MyDrive/SeaAlert/data/audio_clean/wav/513.wav,Routine,formal,medical_issue,p340
514,/content/drive/MyDrive/SeaAlert/data/audio_clean/wav/514.wav,Distress,formal,steering_failure,p253
515,/content/drive/MyDrive/SeaAlert/data/audio_clean/wav/515.wav,Safety,informal,water_ingress,p292
516,/content/drive/MyDrive/SeaAlert/data/audio_clean/wav/516.wav,Urgency,informal,medical_issue,p340
517,/content/drive/MyDrive/SeaAlert/data/audio_clean/wav/517.wav,Safety,formal,cargo_shift,p298
518,/content/drive/MyDrive/SeaAlert/data/audio_clean/wav/518.wav,Distress,formal,radio_check,p286
519,/content/drive/MyDrive/SeaAlert/data/audio_clean/wav/519.wav,Urgency,third_party,person_overboard,p273
520,/content/drive/MyDrive/SeaAlert/data/audio_clean/wav/520.wav,Safety,third_party,person_overboard,p244
521,/content/drive/MyDrive/SeaAlert/data/audio_clean/wav/521.wav,Distress,formal,person_overboard,p227
522,/content/drive/MyDrive/SeaAlert/data/audio_clean/wav/522.wav,Urgency,third_party,fire_smoke,p260
523,/content/drive/MyDrive/SeaAlert/data/audio_clean/wav/523.wav,Urgency,third_party,steering_failure,p292
524,/content/drive/MyDrive/SeaAlert/data/audio_clean/wav/524.wav,Routine,third_party,cargo_shift,p274
525,/content/drive/MyDrive/SeaAlert/data/audio_clean/wav/525.wav,Safety,formal,radio_check,p241
526,/content/drive/MyDrive/SeaAlert/data/audio_clean/wav/526.wav,Distress,informal,water_ingress,p269
527,/content/drive/MyDrive/SeaAlert/data/audio_clean/wav/527.wav,Urgency,third_party,person_overboard,p333
528,/content/drive/MyDrive/SeaAlert/data/audio_clean/wav/528.wav,Urgency,third_party,person_overboard,p255
529,/content/drive/MyDrive/SeaAlert/data/audio_clean/wav/529.wav,Routine,informal,medical_issue,p334
530,/content/drive/MyDrive/SeaAlert/data/audio_clean/wav/530.wav,Safety,third_party,water_ingress,p271
531,/content/drive/MyDrive/SeaAlert/data/audio_clean/wav/531.wav,Distress,third_party,tow_request,p229
532,/content/drive/MyDrive/SeaAlert/data/audio_clean/wav/532.wav,Distress,formal,medical_issue,p343
533,/content/drive/MyDrive/SeaAlert/data/audio_clean/wav/533.wav,Urgency,third_party,radio_check,p362
534,/content/drive/MyDrive/SeaAlert/data/audio_clean/wav/534.wav,Safety,informal,engine_failure,p262
535,/content/drive/MyDrive/SeaAlert/data/audio_clean/wav/535.wav,Urgency,third_party,fire_smoke,p249
536,/content/drive/MyDrive/SeaAlert/data/audio_clean/wav/536.wav,Routine,third_party,grounding,p334
537,/content/drive/MyDrive/SeaAlert/data/audio_clean/wav/537.wav,Routine,formal,cargo_shift,p271
538,/content/drive/MyDrive/SeaAlert/data/audio_clean/wav/538.wav,Distress,informal,person_overboard,p278
539,/content/drive/MyDrive/SeaAlert/data/audio_clean/wav/539.wav,Urgency,third_party,water_ingress,p336
540,/content/drive/MyDrive/SeaAlert/data/audio_clean/wav/540.wav,Urgency,formal,collision,p343
541,/content/drive/MyDrive/SeaAlert/data/audio_clean/wav/541.wav,Safety,third_party,cargo_shift,p285
542,/content/drive/MyDrive/SeaAlert/data/audio_clean/wav/542.wav,Distress,third_party,medical_issue,p340
543,/content/drive/MyDrive/SeaAlert/data/audio_clean/wav/543.wav,Routine,informal,engine_failure,p288
544,/content/drive/MyDrive/SeaAlert/data/audio_clean/wav/544.wav,Urgency,third_party,cargo_shift,p316
545,/content/drive/MyDrive/SeaAlert/data/audio_clean/wav/545.wav,Distress,third_party,grounding,p257
546,/content/drive/MyDrive/SeaAlert/data/audio_clean/wav/546.wav,Urgency,informal,nav_hazard,p318
547,/content/drive/MyDrive/SeaAlert/data/audio_clean/wav/547.wav,Distress,informal,fire_smoke,p258
548,/content/drive/MyDrive/SeaAlert/data/audio_clean/wav/548.wav,Distress,third_party,medical_issue,p295
549,/content/drive/MyDrive/SeaAlert/data/audio_clean/wav/549.wav,Distress,third_party,radio_check,p243
550,/content/drive/MyDrive/SeaAlert/data/audio_clean/wav/550.wav,Urgency,formal,steering_failure,p250
551,/content/drive/MyDrive/SeaAlert/data/audio_clean/wav/551.wav,Distress,third_party,collision,p363
552,/content/drive/MyDrive/SeaAlert/data/audio_clean/wav/552.wav,Routine,third_party,fire_smoke,p336
553,/content/drive/MyDrive/SeaAlert/data/audio_clean/wav/553.wav,Safety,formal,engine_failure,p279
554,/content/drive/MyDrive/SeaAlert/data/audio_clean/wav/554.wav,Routine,formal,medical_issue,p283
555,/content/drive/MyDrive/SeaAlert/data/audio_clean/wav/555.wav,Safety,informal,grounding,p295
556,/content/drive/MyDrive/SeaAlert/data/audio_clean/wav/556.wav,Safety,informal,fire_smoke,p361
557,/content/drive/MyDrive/SeaAlert/data/audio_clean/wav/557.wav,Routine,formal,tow_request,p271
558,/content/drive/MyDrive/SeaAlert/data/audio_clean/wav/558.wav,Distress,third_party,medical_issue,p249
559,/content/drive/MyDrive/SeaAlert/data/audio_clean/wav/559.wav,Urgency,formal,person_overboard,p257
560,/content/drive/MyDrive/SeaAlert/data/audio_clean/wav/560.wav,Routine,formal,steering_failure,p272
561,/content/drive/MyDrive/SeaAlert/data/audio_clean/wav/561.wav,Routine,informal,collision,p317
562,/content/drive/MyDrive/SeaAlert/data/audio_clean/wav/562.wav,Distress,third_party,grounding,p248
563,/content/drive/MyDrive/SeaAlert/data/audio_clean/wav/563.wav,Urgency,informal,fire_smoke,p294
564,/content/drive/MyDrive/SeaAlert/data/audio_clean/wav/564.wav,Urgency,informal,medical_issue,p252
565,/content/drive/MyDrive/SeaAlert/data/audio_clean/wav/565.wav,Urgency,informal,person_overboard,p363
566,/content/drive/MyDrive/SeaAlert/data/audio_clean/wav/566.wav,Routine,third_party,fire_smoke,p225
567,/content/drive/MyDrive/SeaAlert/data/audio_clean/wav/567.wav,Safety,third_party,radio_check,p329
568,/content/drive/MyDrive/SeaAlert/data/audio_clean/wav/568.wav,Urgency,third_party,nav_hazard,p241
569,/content/drive/MyDrive/SeaAlert/data/audio_clean/wav/569.wav,Urgency,formal,engine_failure,p361
570,/content/drive/MyDrive/SeaAlert/data/audio_clean/wav/570.wav,Routine,formal,water_ingress,p258
571,/content/drive/MyDrive/SeaAlert/data/audio_clean/wav/571.wav,Distress,formal,cargo_shift,p232
572,/content/drive/MyDrive/SeaAlert/data/audio_clean/wav/572.wav,Urgency,formal,grounding,p268
573,/content/drive/MyDrive/SeaAlert/data/audio_clean/wav/573.wav,Urgency,formal,tow_request,p273
574,/content/drive/MyDrive/SeaAlert/data/audio_clean/wav/574.wav,Urgency,informal,tow_request,p264
575,/content/drive/MyDrive/SeaAlert/data/audio_clean/wav/575.wav,Safety,informal,fire_smoke,p334
576,/content/drive/MyDrive/SeaAlert/data/audio_clean/wav/576.wav,Safety,informal,grounding,p267
577,/content/drive/MyDrive/SeaAlert/data/audio_clean/wav/577.wav,Routine,formal,collision,p251
578,/content/drive/MyDrive/SeaAlert/data/audio_clean/wav/578.wav,Distress,informal,collision,p343
579,/content/drive/MyDrive/SeaAlert/data/audio_clean/wav/579.wav,Distress,formal,tow_request,p275
580,/content/drive/MyDrive/SeaAlert/data/audio_clean/wav/580.wav,Routine,formal,fire_smoke,p250
581,/content/drive/MyDrive/SeaAlert/data/audio_clean/wav/581.wav,Safety,third_party,medical_issue,p249
582,/content/drive/MyDrive/SeaAlert/data/audio_clean/wav/582.wav,Distress,third_party,fire_smoke,p237
583,/content/drive/MyDrive/SeaAlert/data/audio_clean/wav/583.wav,Safety,informal,collision,p285
584,/content/drive/MyDrive/SeaAlert/data/audio_clean/wav/584.wav,Urgency,informal,collision,p230
585,/content/drive/MyDrive/SeaAlert/data/audio_clean/wav/585.wav,Distress,third_party,nav_hazard,p282
586,/content/drive/MyDrive/SeaAlert/data/audio_clean/wav/586.wav,Urgency,informal,engine_failure,p261
587,/content/drive/MyDrive/SeaAlert/data/audio_clean/wav/587.wav,Distress,informal,steering_failure,p270
588,/content/drive/MyDrive/SeaAlert/data/audio_clean/wav/588.wav,Routine,informal,water_ingress,p245
589,/content/drive/MyDrive/SeaAlert/data/audio_clean/wav/589.wav,Safety,third_party,nav_hazard,p293
590,/content/drive/MyDrive/SeaAlert/data/audio_clean/wav/590.wav,Urgency,third_party,tow_request,p231
591,/content/drive/MyDrive/SeaAlert/data/audio_clean/wav/591.wav,Safety,formal,nav_hazard,p240
592,/content/drive/MyDrive/SeaAlert/data/audio_clean/wav/592.wav,Distress,formal,tow_request,p238
593,/content/drive/MyDrive/SeaAlert/data/audio_clean/wav/593.wav,Safety,formal,water_ingress,p305
594,/content/drive/MyDrive/SeaAlert/data/audio_clean/wav/594.wav,Distress,informal,fire_smoke,p318
595,/content/drive/MyDrive/SeaAlert/data/audio_clean/wav/595.wav,Urgency,formal,person_overboard,p239
596,/content/drive/MyDrive/SeaAlert/data/audio_clean/wav/596.wav,Urgency,third_party,tow_request,p333
597,/content/drive/MyDrive/SeaAlert/data/audio_clean/wav/597.wav,Distress,formal,engine_failure,p341
598,/content/drive/MyDrive/SeaAlert/data/audio_clean/wav/598.wav,Distress,informal,steering_failure,p294
599,/content/drive/MyDrive/SeaAlert/data/audio_clean/wav/599.wav,Urgency,third_party,water_ingress,p257
600,/content/drive/MyDrive/SeaAlert/data/audio_clean/wav/600.wav,Safety,informal,fire_smoke,p318
601,/content/drive/MyDrive/SeaAlert/data/audio_clean/wav/601.wav,Safety,third_party,steering_failure,p288
602,/content/drive/MyDrive/SeaAlert/data/audio_clean/wav/602.wav,Safety,informal,collision,p317
603,/content/drive/MyDrive/SeaAlert/data/audio_clean/wav/603.wav,Safety,third_party,steering_failure,p276
604,/content/drive/MyDrive/SeaAlert/data/audio_clean/wav/604.wav,Routine,third_party,fire_smoke,p250
605,/content/drive/MyDrive/SeaAlert/data/audio_clean/wav/605.wav,Urgency,informal,radio_check,p283
606,/content/drive/MyDrive/SeaAlert/data/audio_clean/wav/606.wav,Urgency,informal,steering_failure,p288
607,/content/drive/MyDrive/SeaAlert/data/audio_clean/wav/607.wav,Routine,formal,fire_smoke,p287
608,/content/drive/MyDrive/SeaAlert/data/audio_clean/wav/608.wav,Safety,third_party,cargo_shift,p247
609,/content/drive/MyDrive/SeaAlert/data/audio_clean/wav/609.wav,Distress,formal,engine_failure,p283
610,/content/drive/MyDrive/SeaAlert/data/audio_clean/wav/610.wav,Urgency,third_party,tow_request,p283
611,/content/drive/MyDrive/SeaAlert/data/audio_clean/wav/611.wav,Distress,formal,radio_check,p317
612,/content/drive/MyDrive/SeaAlert/data/audio_clean/wav/612.wav,Distress,third_party,water_ingress,p274
613,/content/drive/MyDrive/SeaAlert/data/audio_clean/wav/613.wav,Distress,informal,person_overboard,p277
614,/content/drive/MyDrive/SeaAlert/data/audio_clean/wav/614.wav,Urgency,formal,cargo_shift,p267
615,/content/drive/MyDrive/SeaAlert/data/audio_clean/wav/615.wav,Routine,third_party,fire_smoke,p299
616,/content/drive/MyDrive/SeaAlert/data/audio_clean/wav/616.wav,Safety,informal,steering_failure,p239
617,/content/drive/MyDrive/SeaAlert/data/audio_clean/wav/617.wav,Distress,third_party,collision,p279
618,/content/drive/MyDrive/SeaAlert/data/audio_clean/wav/618.wav,Urgency,third_party,medical_issue,p364
619,/content/drive/MyDrive/SeaAlert/data/audio_clean/wav/619.wav,Routine,third_party,steering_failure,p285
620,/content/drive/MyDrive/SeaAlert/data/audio_clean/wav/620.wav,Safety,formal,tow_request,p347
621,/content/drive/MyDrive/SeaAlert/data/audio_clean/wav/621.wav,Routine,informal,collision,p340
622,/content/drive/MyDrive/SeaAlert/data/audio_clean/wav/622.wav,Urgency,third_party,grounding,p231
623,/content/drive/MyDrive/SeaAlert/data/audio_clean/wav/623.wav,Routine,third_party,nav_hazard,p278
624,/content/drive/MyDrive/SeaAlert/data/audio_clean/wav/624.wav,Safety,informal,cargo_shift,p285
625,/content/drive/MyDrive/SeaAlert/data/audio_clean/wav/625.wav,Distress,informal,water_ingress,p374
626,/content/drive/MyDrive/SeaAlert/data/audio_clean/wav/626.wav,Urgency,informal,person_overboard,p374
627,/content/drive/MyDrive/SeaAlert/data/audio_clean/wav/627.wav,Urgency,formal,collision,p228
628,/content/drive/MyDrive/SeaAlert/data/audio_clean/wav/628.wav,Urgency,third_party,cargo_shift,p360
629,/content/drive/MyDrive/SeaAlert/data/audio_clean/wav/629.wav,Distress,informal,fire_smoke,p297
630,/content/drive/MyDrive/SeaAlert/data/audio_clean/wav/630.wav,Urgency,formal,radio_check,p229
631,/content/drive/MyDrive/SeaAlert/data/audio_clean/wav/631.wav,Urgency,informal,collision,p376
632,/content/drive/MyDrive/SeaAlert/data/audio_clean/wav/632.wav,Safety,formal,fire_smoke,p339
633,/content/drive/MyDrive/SeaAlert/data/audio_clean/wav/633.wav,Urgency,informal,medical_issue,p335
634,/content/drive/MyDrive/SeaAlert/data/audio_clean/wav/634.wav,Safety,informal,nav_hazard,p272
635,/content/drive/MyDrive/SeaAlert/data/audio_clean/wav/635.wav,Urgency,informal,steering_failure,p343
636,/content/drive/MyDrive/SeaAlert/data/audio_clean/wav/636.wav,Routine,third_party,grounding,p280
637,/content/drive/MyDrive/SeaAlert/data/audio_clean/wav/637.wav,Urgency,third_party,engine_failure,p265
638,/content/drive/MyDrive/SeaAlert/data/audio_clean/wav/638.wav,Distress,third_party,grounding,p277
639,/content/drive/MyDrive/SeaAlert/data/audio_clean/wav/639.wav,Distress,formal,person_overboard,p240
640,/content/drive/MyDrive/SeaAlert/data/audio_clean/wav/640.wav,Safety,third_party,grounding,p237
641,/content/drive/MyDrive/SeaAlert/data/audio_clean/wav/641.wav,Routine,formal,grounding,p363
642,/content/drive/MyDrive/SeaAlert/data/audio_clean/wav/642.wav,Urgency,informal,collision,p255
643,/content/drive/MyDrive/SeaAlert/data/audio_clean/wav/643.wav,Safety,informal,radio_check,p244
644,/content/drive/MyDrive/SeaAlert/data/audio_clean/wav/644.wav,Safety,formal,person_overboard,p241
645,/content/drive/MyDrive/SeaAlert/data/audio_clean/wav/645.wav,Urgency,informal,engine_failure,p288
646,/content/drive/MyDrive/SeaAlert/data/audio_clean/wav/646.wav,Distress,third_party,tow_request,p244
647,/content/drive/MyDrive/SeaAlert/data/audio_clean/wav/647.wav,Distress,formal,water_ingress,p333
648,/content/drive/MyDrive/SeaAlert/data/audio_clean/wav/648.wav,Distress,third_party,tow_request,p283
649,/content/drive/MyDrive/SeaAlert/data/audio_clean/wav/649.wav,Safety,formal,water_ingress,p280
650,/content/drive/MyDrive/SeaAlert/data/audio_clean/wav/650.wav,Distress,informal,grounding,p329
651,/content/drive/MyDrive/SeaAlert/data/audio_clean/wav/651.wav,Urgency,informal,water_ingress,p347
652,/content/drive/MyDrive/SeaAlert/data/audio_clean/wav/652.wav,Safety,formal,medical_issue,p329
653,/content/drive/MyDrive/SeaAlert/data/audio_clean/wav/653.wav,Urgency,informal,grounding,p287
654,/content/drive/MyDrive/SeaAlert/data/audio_clean/wav/654.wav,Safety,formal,tow_request,p248
655,/content/drive/MyDrive/SeaAlert/data/audio_clean/wav/655.wav,Routine,third_party,fire_smoke,p232
656,/content/drive/MyDrive/SeaAlert/data/audio_clean/wav/656.wav,Urgency,formal,grounding,p236
657,/content/drive/MyDrive/SeaAlert/data/audio_clean/wav/657.wav,Urgency,informal,grounding,"ED
"
658,/content/drive/MyDrive/SeaAlert/data/audio_clean/wav/658.wav,Routine,third_party,medical_issue,p283
659,/content/drive/MyDrive/SeaAlert/data/audio_clean/wav/659.wav,Urgency,informal,tow_request,"ED
"
660,/content/drive/MyDrive/SeaAlert/data/audio_clean/wav/660.wav,Routine,formal,radio_check,p259
661,/content/drive/MyDrive/SeaAlert/data/audio_clean/wav/661.wav,Safety,informal,tow_request,p339
662,/content/drive/MyDrive/SeaAlert/data/audio_clean/wav/662.wav,Distress,informal,steering_failure,p273
663,/content/drive/MyDrive/SeaAlert/data/audio_clean/wav/663.wav,Urgency,third_party,collision,p326
664,/content/drive/MyDrive/SeaAlert/data/audio_clean/wav/664.wav,Safety,informal,tow_request,p361
665,/content/drive/MyDrive/SeaAlert/data/audio_clean/wav/665.wav,Safety,formal,nav_hazard,p376
666,/content/drive/MyDrive/SeaAlert/data/audio_clean/wav/666.wav,Routine,informal,nav_hazard,"ED
"
667,/content/drive/MyDrive/SeaAlert/data/audio_clean/wav/667.wav,Urgency,formal,radio_check,p240
668,/content/drive/MyDrive/SeaAlert/data/audio_clean/wav/668.wav,Distress,formal,steering_failure,p286
669,/content/drive/MyDrive/SeaAlert/data/audio_clean/wav/669.wav,Distress,informal,water_ingress,p360
670,/content/drive/MyDrive/SeaAlert/data/audio_clean/wav/670.wav,Urgency,third_party,collision,p292
671,/content/drive/MyDrive/SeaAlert/data/audio_clean/wav/671.wav,Urgency,formal,tow_request,p288
672,/content/drive/MyDrive/SeaAlert/data/audio_clean/wav/672.wav,Safety,formal,engine_failure,p298
673,/content/drive/MyDrive/SeaAlert/data/audio_clean/wav/673.wav,Distress,formal,radio_check,p247
674,/content/drive/MyDrive/SeaAlert/data/audio_clean/wav/674.wav,Safety,formal,medical_issue,p334
675,/content/drive/MyDrive/SeaAlert/data/audio_clean/wav/675.wav,Routine,formal,water_ingress,p295
676,/content/drive/MyDrive/SeaAlert/data/audio_clean/wav/676.wav,Urgency,formal,medical_issue,p305
677,/content/drive/MyDrive/SeaAlert/data/audio_clean/wav/677.wav,Safety,informal,person_overboard,p251
678,/content/drive/MyDrive/SeaAlert/data/audio_clean/wav/678.wav,Urgency,formal,radio_check,p240
679,/content/drive/MyDrive/SeaAlert/data/audio_clean/wav/679.wav,Safety,informal,cargo_shift,p276
680,/content/drive/MyDrive/SeaAlert/data/audio_clean/wav/680.wav,Routine,formal,water_ingress,p347
681,/content/drive/MyDrive/SeaAlert/data/audio_clean/wav/681.wav,Urgency,informal,fire_smoke,p317
682,/content/drive/MyDrive/SeaAlert/data/audio_clean/wav/682.wav,Urgency,third_party,cargo_shift,p282
683,/content/drive/MyDrive/SeaAlert/data/audio_clean/wav/683.wav,Safety,third_party,nav_hazard,p254
684,/content/drive/MyDrive/SeaAlert/data/audio_clean/wav/684.wav,Routine,informal,engine_failure,p307
685,/content/drive/MyDrive/SeaAlert/data/audio_clean/wav/685.wav,Urgency,formal,fire_smoke,p333
686,/content/drive/MyDrive/SeaAlert/data/audio_clean/wav/686.wav,Distress,formal,grounding,p298
687,/content/drive/MyDrive/SeaAlert/data/audio_clean/wav/687.wav,Distress,third_party,radio_check,p272
688,/content/drive/MyDrive/SeaAlert/data/audio_clean/wav/688.wav,Safety,formal,engine_failure,p335
689,/content/drive/MyDrive/SeaAlert/data/audio_clean/wav/689.wav,Distress,third_party,fire_smoke,p287
690,/content/drive/MyDrive/SeaAlert/data/audio_clean/wav/690.wav,Safety,third_party,person_overboard,p298
691,/content/drive/MyDrive/SeaAlert/data/audio_clean/wav/691.wav,Distress,formal,nav_hazard,p305
692,/content/drive/MyDrive/SeaAlert/data/audio_clean/wav/692.wav,Routine,third_party,steering_failure,p240
693,/content/drive/MyDrive/SeaAlert/data/audio_clean/wav/693.wav,Urgency,third_party,person_overboard,p329
694,/content/drive/MyDrive/SeaAlert/data/audio_clean/wav/694.wav,Safety,third_party,water_ingress,p329
695,/content/drive/MyDrive/SeaAlert/data/audio_clean/wav/695.wav,Distress,formal,water_ingress,p273
696,/content/drive/MyDrive/SeaAlert/data/audio_clean/wav/696.wav,Urgency,formal,engine_failure,p316
697,/content/drive/MyDrive/SeaAlert/data/audio_clean/wav/697.wav,Routine,third_party,water_ingress,p264
698,/content/drive/MyDrive/SeaAlert/data/audio_clean/wav/698.wav,Safety,third_party,grounding,p345
699,/content/drive/MyDrive/SeaAlert/data/audio_clean/wav/699.wav,Distress,formal,steering_failure,p258
700,/content/drive/MyDrive/SeaAlert/data/audio_clean/wav/700.wav,Urgency,informal,water_ingress,p335
701,/content/drive/MyDrive/SeaAlert/data/audio_clean/wav/701.wav,Safety,formal,engine_failure,p347
702,/content/drive/MyDrive/SeaAlert/data/audio_clean/wav/702.wav,Safety,informal,engine_failure,p248
703,/content/drive/MyDrive/SeaAlert/data/audio_clean/wav/703.wav,Safety,formal,fire_smoke,p233
704,/content/drive/MyDrive/SeaAlert/data/audio_clean/wav/704.wav,Urgency,third_party,radio_check,p298
705,/content/drive/MyDrive/SeaAlert/data/audio_clean/wav/705.wav,Routine,formal,radio_check,p345
706,/content/drive/MyDrive/SeaAlert/data/audio_clean/wav/706.wav,Routine,formal,water_ingress,p259
707,/content/drive/MyDrive/SeaAlert/data/audio_clean/wav/707.wav,Safety,informal,tow_request,p277
708,/content/drive/MyDrive/SeaAlert/data/audio_clean/wav/708.wav,Urgency,third_party,grounding,p336
709,/content/drive/MyDrive/SeaAlert/data/audio_clean/wav/709.wav,Distress,informal,grounding,p233
710,/content/drive/MyDrive/SeaAlert/data/audio_clean/wav/710.wav,Distress,formal,fire_smoke,p244
711,/content/drive/MyDrive/SeaAlert/data/audio_clean/wav/711.wav,Urgency,informal,grounding,p283
712,/content/drive/MyDrive/SeaAlert/data/audio_clean/wav/712.wav,Distress,third_party,collision,p339
713,/content/drive/MyDrive/SeaAlert/data/audio_clean/wav/713.wav,Urgency,formal,fire_smoke,"ED
"
714,/content/drive/MyDrive/SeaAlert/data/audio_clean/wav/714.wav,Safety,third_party,person_overboard,p298
715,/content/drive/MyDrive/SeaAlert/data/audio_clean/wav/715.wav,Safety,formal,fire_smoke,p376
716,/content/drive/MyDrive/SeaAlert/data/audio_clean/wav/716.wav,Routine,informal,collision,p227
717,/content/drive/MyDrive/SeaAlert/data/audio_clean/wav/717.wav,Safety,informal,tow_request,p240
718,/content/drive/MyDrive/SeaAlert/data/audio_clean/wav/718.wav,Distress,third_party,water_ingress,p249
719,/content/drive/MyDrive/SeaAlert/data/audio_clean/wav/719.wav,Safety,informal,radio_check,p310
720,/content/drive/MyDrive/SeaAlert/data/audio_clean/wav/720.wav,Urgency,formal,water_ingress,p225
721,/content/drive/MyDrive/SeaAlert/data/audio_clean/wav/721.wav,Routine,third_party,tow_request,p333
722,/content/drive/MyDrive/SeaAlert/data/audio_clean/wav/722.wav,Routine,third_party,radio_check,p257
723,/content/drive/MyDrive/SeaAlert/data/audio_clean/wav/723.wav,Safety,informal,radio_check,p330
724,/content/drive/MyDrive/SeaAlert/data/audio_clean/wav/724.wav,Safety,third_party,medical_issue,p314
725,/content/drive/MyDrive/SeaAlert/data/audio_clean/wav/725.wav,Safety,third_party,nav_hazard,p249
726,/content/drive/MyDrive/SeaAlert/data/audio_clean/wav/726.wav,Urgency,third_party,radio_check,p236
727,/content/drive/MyDrive/SeaAlert/data/audio_clean/wav/727.wav,Routine,formal,radio_check,p275
728,/content/drive/MyDrive/SeaAlert/data/audio_clean/wav/728.wav,Safety,formal,nav_hazard,p260
729,/content/drive/MyDrive/SeaAlert/data/audio_clean/wav/729.wav,Routine,formal,nav_hazard,p258
730,/content/drive/MyDrive/SeaAlert/data/audio_clean/wav/730.wav,Routine,informal,tow_request,p258
731,/content/drive/MyDrive/SeaAlert/data/audio_clean/wav/731.wav,Routine,informal,grounding,p286
732,/content/drive/MyDrive/SeaAlert/data/audio_clean/wav/732.wav,Urgency,formal,medical_issue,p276
733,/content/drive/MyDrive/SeaAlert/data/audio_clean/wav/733.wav,Routine,formal,medical_issue,p268
734,/content/drive/MyDrive/SeaAlert/data/audio_clean/wav/734.wav,Urgency,third_party,engine_failure,p347
735,/content/drive/MyDrive/SeaAlert/data/audio_clean/wav/735.wav,Routine,formal,collision,p236
736,/content/drive/MyDrive/SeaAlert/data/audio_clean/wav/736.wav,Distress,formal,water_ingress,p295
737,/content/drive/MyDrive/SeaAlert/data/audio_clean/wav/737.wav,Safety,third_party,collision,p293
738,/content/drive/MyDrive/SeaAlert/data/audio_clean/wav/738.wav,Distress,informal,cargo_shift,p258
739,/content/drive/MyDrive/SeaAlert/data/audio_clean/wav/739.wav,Distress,third_party,collision,p265
740,/content/drive/MyDrive/SeaAlert/data/audio_clean/wav/740.wav,Urgency,informal,tow_request,p303
741,/content/drive/MyDrive/SeaAlert/data/audio_clean/wav/741.wav,Safety,informal,nav_hazard,p268
742,/content/drive/MyDrive/SeaAlert/data/audio_clean/wav/742.wav,Distress,informal,fire_smoke,p269
743,/content/drive/MyDrive/SeaAlert/data/audio_clean/wav/743.wav,Routine,third_party,cargo_shift,p254
744,/content/drive/MyDrive/SeaAlert/data/audio_clean/wav/744.wav,Urgency,third_party,grounding,p237
745,/content/drive/MyDrive/SeaAlert/data/audio_clean/wav/745.wav,Urgency,formal,medical_issue,p236
746,/content/drive/MyDrive/SeaAlert/data/audio_clean/wav/746.wav,Urgency,third_party,water_ingress,p336
747,/content/drive/MyDrive/SeaAlert/data/audio_clean/wav/747.wav,Safety,formal,nav_hazard,p271
748,/content/drive/MyDrive/SeaAlert/data/audio_clean/wav/748.wav,Distress,informal,steering_failure,p225
749,/content/drive/MyDrive/SeaAlert/data/audio_clean/wav/749.wav,Urgency,third_party,cargo_shift,p260
750,/content/drive/MyDrive/SeaAlert/data/audio_clean/wav/750.wav,Routine,informal,engine_failure,p318
751,/content/drive/MyDrive/SeaAlert/data/audio_clean/wav/751.wav,Urgency,formal,medical_issue,p311
752,/content/drive/MyDrive/SeaAlert/data/audio_clean/wav/752.wav,Routine,informal,medical_issue,p329
753,/content/drive/MyDrive/SeaAlert/data/audio_clean/wav/753.wav,Distress,third_party,cargo_shift,p231
754,/content/drive/MyDrive/SeaAlert/data/audio_clean/wav/754.wav,Routine,informal,fire_smoke,p334
755,/content/drive/MyDrive/SeaAlert/data/audio_clean/wav/755.wav,Routine,third_party,collision,p251
756,/content/drive/MyDrive/SeaAlert/data/audio_clean/wav/756.wav,Safety,informal,collision,p303
757,/content/drive/MyDrive/SeaAlert/data/audio_clean/wav/757.wav,Urgency,third_party,fire_smoke,p329
758,/content/drive/MyDrive/SeaAlert/data/audio_clean/wav/758.wav,Safety,informal,fire_smoke,p259
759,/content/drive/MyDrive/SeaAlert/data/audio_clean/wav/759.wav,Urgency,formal,person_overboard,p362
760,/content/drive/MyDrive/SeaAlert/data/audio_clean/wav/760.wav,Routine,formal,radio_check,p230
761,/content/drive/MyDrive/SeaAlert/data/audio_clean/wav/761.wav,Routine,third_party,nav_hazard,p297
762,/content/drive/MyDrive/SeaAlert/data/audio_clean/wav/762.wav,Routine,informal,collision,p283
763,/content/drive/MyDrive/SeaAlert/data/audio_clean/wav/763.wav,Routine,third_party,cargo_shift,p376
764,/content/drive/MyDrive/SeaAlert/data/audio_clean/wav/764.wav,Routine,formal,person_overboard,p304
765,/content/drive/MyDrive/SeaAlert/data/audio_clean/wav/765.wav,Routine,third_party,medical_issue,p254
766,/content/drive/MyDrive/SeaAlert/data/audio_clean/wav/766.wav,Safety,formal,person_overboard,p261
767,/content/drive/MyDrive/SeaAlert/data/audio_clean/wav/767.wav,Safety,informal,steering_failure,p326
768,/content/drive/MyDrive/SeaAlert/data/audio_clean/wav/768.wav,Safety,formal,fire_smoke,p246
769,/content/drive/MyDrive/SeaAlert/data/audio_clean/wav/769.wav,Urgency,third_party,tow_request,p261
770,/content/drive/MyDrive/SeaAlert/data/audio_clean/wav/770.wav,Routine,formal,steering_failure,p233
771,/content/drive/MyDrive/SeaAlert/data/audio_clean/wav/771.wav,Distress,informal,nav_hazard,p347
772,/content/drive/MyDrive/SeaAlert/data/audio_clean/wav/772.wav,Distress,informal,person_overboard,p302
773,/content/drive/MyDrive/SeaAlert/data/audio_clean/wav/773.wav,Distress,formal,medical_issue,p249
774,/content/drive/MyDrive/SeaAlert/data/audio_clean/wav/774.wav,Routine,formal,tow_request,p292
775,/content/drive/MyDrive/SeaAlert/data/audio_clean/wav/775.wav,Distress,informal,water_ingress,p343
776,/content/drive/MyDrive/SeaAlert/data/audio_clean/wav/776.wav,Routine,formal,collision,p274
777,/content/drive/MyDrive/SeaAlert/data/audio_clean/wav/777.wav,Routine,informal,grounding,p343
778,/content/drive/MyDrive/SeaAlert/data/audio_clean/wav/778.wav,Urgency,third_party,medical_issue,p261
779,/content/drive/MyDrive/SeaAlert/data/audio_clean/wav/779.wav,Safety,third_party,medical_issue,p312
780,/content/drive/MyDrive/SeaAlert/data/audio_clean/wav/780.wav,Distress,third_party,tow_request,p360
781,/content/drive/MyDrive/SeaAlert/data/audio_clean/wav/781.wav,Urgency,third_party,tow_request,p339
782,/content/drive/MyDrive/SeaAlert/data/audio_clean/wav/782.wav,Safety,formal,engine_failure,p249
783,/content/drive/MyDrive/SeaAlert/data/audio_clean/wav/783.wav,Safety,third_party,steering_failure,p248
784,/content/drive/MyDrive/SeaAlert/data/audio_clean/wav/784.wav,Distress,third_party,water_ingress,p287
785,/content/drive/MyDrive/SeaAlert/data/audio_clean/wav/785.wav,Distress,formal,nav_hazard,p339
786,/content/drive/MyDrive/SeaAlert/data/audio_clean/wav/786.wav,Safety,third_party,radio_check,p262
787,/content/drive/MyDrive/SeaAlert/data/audio_clean/wav/787.wav,Urgency,formal,engine_failure,p236
788,/content/drive/MyDrive/SeaAlert/data/audio_clean/wav/788.wav,Distress,formal,engine_failure,p280
789,/content/drive/MyDrive/SeaAlert/data/audio_clean/wav/789.wav,Routine,formal,grounding,p237
790,/content/drive/MyDrive/SeaAlert/data/audio_clean/wav/790.wav,Safety,informal,cargo_shift,p248
791,/content/drive/MyDrive/SeaAlert/data/audio_clean/wav/791.wav,Routine,formal,grounding,p326
792,/content/drive/MyDrive/SeaAlert/data/audio_clean/wav/792.wav,Urgency,formal,medical_issue,p343
793,/content/drive/MyDrive/SeaAlert/data/audio_clean/wav/793.wav,Urgency,informal,fire_smoke,p362
794,/content/drive/MyDrive/SeaAlert/data/audio_clean/wav/794.wav,Routine,formal,grounding,p255
795,/content/drive/MyDrive/SeaAlert/data/audio_clean/wav/795.wav,Urgency,third_party,tow_request,p241
796,/content/drive/MyDrive/SeaAlert/data/audio_clean/wav/796.wav,Safety,third_party,tow_request,p287
797,/content/drive/MyDrive/SeaAlert/data/audio_clean/wav/797.wav,Urgency,informal,collision,p314
798,/content/drive/MyDrive/SeaAlert/data/audio_clean/wav/798.wav,Distress,third_party,fire_smoke,p326
799,/content/drive/MyDrive/SeaAlert/data/audio_clean/wav/799.wav,Routine,informal,water_ingress,p317
800,/content/drive/MyDrive/SeaAlert/data/audio_clean/wav/800.wav,Urgency,informal,steering_failure,p237
801,/content/drive/MyDrive/SeaAlert/data/audio_clean/wav/801.wav,Distress,formal,tow_request,p284
802,/content/drive/MyDrive/SeaAlert/data/audio_clean/wav/802.wav,Routine,formal,nav_hazard,p244
803,/content/drive/MyDrive/SeaAlert/data/audio_clean/wav/803.wav,Distress,formal,fire_smoke,p274
804,/content/drive/MyDrive/SeaAlert/data/audio_clean/wav/804.wav,Urgency,formal,water_ingress,p345
805,/content/drive/MyDrive/SeaAlert/data/audio_clean/wav/805.wav,Safety,third_party,engine_failure,p236
806,/content/drive/MyDrive/SeaAlert/data/audio_clean/wav/806.wav,Routine,informal,fire_smoke,p286
807,/content/drive/MyDrive/SeaAlert/data/audio_clean/wav/807.wav,Safety,formal,person_overboard,p362
808,/content/drive/MyDrive/SeaAlert/data/audio_clean/wav/808.wav,Safety,informal,water_ingress,p244
809,/content/drive/MyDrive/SeaAlert/data/audio_clean/wav/809.wav,Urgency,formal,person_overboard,p305
810,/content/drive/MyDrive/SeaAlert/data/audio_clean/wav/810.wav,Urgency,formal,nav_hazard,p232
811,/content/drive/MyDrive/SeaAlert/data/audio_clean/wav/811.wav,Distress,third_party,person_overboard,p300
812,/content/drive/MyDrive/SeaAlert/data/audio_clean/wav/812.wav,Routine,informal,nav_hazard,p253
813,/content/drive/MyDrive/SeaAlert/data/audio_clean/wav/813.wav,Distress,informal,engine_failure,p307
814,/content/drive/MyDrive/SeaAlert/data/audio_clean/wav/814.wav,Routine,formal,grounding,p336
815,/content/drive/MyDrive/SeaAlert/data/audio_clean/wav/815.wav,Urgency,third_party,collision,p277
816,/content/drive/MyDrive/SeaAlert/data/audio_clean/wav/816.wav,Distress,informal,collision,p313
817,/content/drive/MyDrive/SeaAlert/data/audio_clean/wav/817.wav,Safety,informal,fire_smoke,p240
818,/content/drive/MyDrive/SeaAlert/data/audio_clean/wav/818.wav,Distress,third_party,steering_failure,p298
819,/content/drive/MyDrive/SeaAlert/data/audio_clean/wav/819.wav,Safety,informal,radio_check,p343
820,/content/drive/MyDrive/SeaAlert/data/audio_clean/wav/820.wav,Distress,informal,radio_check,p236
821,/content/drive/MyDrive/SeaAlert/data/audio_clean/wav/821.wav,Urgency,third_party,cargo_shift,p250
822,/content/drive/MyDrive/SeaAlert/data/audio_clean/wav/822.wav,Urgency,formal,water_ingress,p277
823,/content/drive/MyDrive/SeaAlert/data/audio_clean/wav/823.wav,Safety,formal,person_overboard,p316
824,/content/drive/MyDrive/SeaAlert/data/audio_clean/wav/824.wav,Urgency,informal,tow_request,p345
825,/content/drive/MyDrive/SeaAlert/data/audio_clean/wav/825.wav,Distress,informal,fire_smoke,p278
826,/content/drive/MyDrive/SeaAlert/data/audio_clean/wav/826.wav,Safety,formal,cargo_shift,p248
827,/content/drive/MyDrive/SeaAlert/data/audio_clean/wav/827.wav,Distress,informal,medical_issue,p240
828,/content/drive/MyDrive/SeaAlert/data/audio_clean/wav/828.wav,Routine,third_party,medical_issue,p282
829,/content/drive/MyDrive/SeaAlert/data/audio_clean/wav/829.wav,Safety,third_party,cargo_shift,p264
830,/content/drive/MyDrive/SeaAlert/data/audio_clean/wav/830.wav,Safety,formal,medical_issue,p376
831,/content/drive/MyDrive/SeaAlert/data/audio_clean/wav/831.wav,Distress,formal,nav_hazard,p278
832,/content/drive/MyDrive/SeaAlert/data/audio_clean/wav/832.wav,Urgency,third_party,medical_issue,p267
833,/content/drive/MyDrive/SeaAlert/data/audio_clean/wav/833.wav,Safety,formal,water_ingress,p283
834,/content/drive/MyDrive/SeaAlert/data/audio_clean/wav/834.wav,Distress,third_party,cargo_shift,p264
835,/content/drive/MyDrive/SeaAlert/data/audio_clean/wav/835.wav,Urgency,informal,collision,p238
836,/content/drive/MyDrive/SeaAlert/data/audio_clean/wav/836.wav,Routine,formal,engine_failure,p336
837,/content/drive/MyDrive/SeaAlert/data/audio_clean/wav/837.wav,Distress,informal,cargo_shift,p228
838,/content/drive/MyDrive/SeaAlert/data/audio_clean/wav/838.wav,Urgency,formal,steering_failure,p260
839,/content/drive/MyDrive/SeaAlert/data/audio_clean/wav/839.wav,Safety,formal,medical_issue,p318
840,/content/drive/MyDrive/SeaAlert/data/audio_clean/wav/840.wav,Distress,formal,grounding,p334
841,/content/drive/MyDrive/SeaAlert/data/audio_clean/wav/841.wav,Routine,formal,tow_request,p364
842,/content/drive/MyDrive/SeaAlert/data/audio_clean/wav/842.wav,Safety,informal,tow_request,p304
843,/content/drive/MyDrive/SeaAlert/data/audio_clean/wav/843.wav,Urgency,formal,cargo_shift,p243
844,/content/drive/MyDrive/SeaAlert/data/audio_clean/wav/844.wav,Safety,informal,collision,p305
845,/content/drive/MyDrive/SeaAlert/data/audio_clean/wav/845.wav,Safety,informal,medical_issue,p232
846,/content/drive/MyDrive/SeaAlert/data/audio_clean/wav/846.wav,Safety,informal,fire_smoke,p303
847,/content/drive/MyDrive/SeaAlert/data/audio_clean/wav/847.wav,Routine,informal,radio_check,p283
848,/content/drive/MyDrive/SeaAlert/data/audio_clean/wav/848.wav,Safety,formal,radio_check,p374
849,/content/drive/MyDrive/SeaAlert/data/audio_clean/wav/849.wav,Routine,third_party,fire_smoke,p241
850,/content/drive/MyDrive/SeaAlert/data/audio_clean/wav/850.wav,Routine,formal,tow_request,p351
851,/content/drive/MyDrive/SeaAlert/data/audio_clean/wav/851.wav,Distress,informal,engine_failure,p230
852,/content/drive/MyDrive/SeaAlert/data/audio_clean/wav/852.wav,Routine,informal,steering_failure,p271
853,/content/drive/MyDrive/SeaAlert/data/audio_clean/wav/853.wav,Urgency,formal,collision,p237
854,/content/drive/MyDrive/SeaAlert/data/audio_clean/wav/854.wav,Urgency,formal,steering_failure,p265
855,/content/drive/MyDrive/SeaAlert/data/audio_clean/wav/855.wav,Routine,formal,radio_check,p267
856,/content/drive/MyDrive/SeaAlert/data/audio_clean/wav/856.wav,Urgency,formal,cargo_shift,p232
857,/content/drive/MyDrive/SeaAlert/data/audio_clean/wav/857.wav,Urgency,informal,cargo_shift,p275
858,/content/drive/MyDrive/SeaAlert/data/audio_clean/wav/858.wav,Distress,third_party,medical_issue,p252
859,/content/drive/MyDrive/SeaAlert/data/audio_clean/wav/859.wav,Safety,third_party,water_ingress,p294
860,/content/drive/MyDrive/SeaAlert/data/audio_clean/wav/860.wav,Distress,third_party,fire_smoke,p228
861,/content/drive/MyDrive/SeaAlert/data/audio_clean/wav/861.wav,Distress,formal,person_overboard,p254
862,/content/drive/MyDrive/SeaAlert/data/audio_clean/wav/862.wav,Distress,formal,medical_issue,p262
863,/content/drive/MyDrive/SeaAlert/data/audio_clean/wav/863.wav,Safety,informal,person_overboard,p263
864,/content/drive/MyDrive/SeaAlert/data/audio_clean/wav/864.wav,Distress,formal,radio_check,p313
865,/content/drive/MyDrive/SeaAlert/data/audio_clean/wav/865.wav,Safety,formal,collision,p231
866,/content/drive/MyDrive/SeaAlert/data/audio_clean/wav/866.wav,Routine,informal,tow_request,p376
867,/content/drive/MyDrive/SeaAlert/data/audio_clean/wav/867.wav,Urgency,third_party,cargo_shift,p293
868,/content/drive/MyDrive/SeaAlert/data/audio_clean/wav/868.wav,Safety,formal,nav_hazard,p317
869,/content/drive/MyDrive/SeaAlert/data/audio_clean/wav/869.wav,Routine,formal,collision,p241
870,/content/drive/MyDrive/SeaAlert/data/audio_clean/wav/870.wav,Safety,informal,person_overboard,p300
871,/content/drive/MyDrive/SeaAlert/data/audio_clean/wav/871.wav,Routine,third_party,steering_failure,p326
872,/content/drive/MyDrive/SeaAlert/data/audio_clean/wav/872.wav,Urgency,formal,radio_check,p270
873,/content/drive/MyDrive/SeaAlert/data/audio_clean/wav/873.wav,Routine,third_party,grounding,p227
874,/content/drive/MyDrive/SeaAlert/data/audio_clean/wav/874.wav,Distress,third_party,grounding,p261
875,/content/drive/MyDrive/SeaAlert/data/audio_clean/wav/875.wav,Safety,formal,cargo_shift,p299
876,/content/drive/MyDrive/SeaAlert/data/audio_clean/wav/876.wav,Urgency,formal,water_ingress,p256
877,/content/drive/MyDrive/SeaAlert/data/audio_clean/wav/877.wav,Distress,informal,collision,p244
878,/content/drive/MyDrive/SeaAlert/data/audio_clean/wav/878.wav,Routine,third_party,engine_failure,p286
879,/content/drive/MyDrive/SeaAlert/data/audio_clean/wav/879.wav,Routine,formal,collision,p374
880,/content/drive/MyDrive/SeaAlert/data/audio_clean/wav/880.wav,Distress,informal,water_ingress,p279
881,/content/drive/MyDrive/SeaAlert/data/audio_clean/wav/881.wav,Distress,third_party,medical_issue,p264
882,/content/drive/MyDrive/SeaAlert/data/audio_clean/wav/882.wav,Safety,formal,collision,p330
883,/content/drive/MyDrive/SeaAlert/data/audio_clean/wav/883.wav,Urgency,third_party,grounding,p303
884,/content/drive/MyDrive/SeaAlert/data/audio_clean/wav/884.wav,Safety,third_party,cargo_shift,p329
885,/content/drive/MyDrive/SeaAlert/data/audio_clean/wav/885.wav,Urgency,third_party,radio_check,p244
886,/content/drive/MyDrive/SeaAlert/data/audio_clean/wav/886.wav,Routine,informal,collision,p264
887,/content/drive/MyDrive/SeaAlert/data/audio_clean/wav/887.wav,Routine,third_party,nav_hazard,p295
888,/content/drive/MyDrive/SeaAlert/data/audio_clean/wav/888.wav,Safety,third_party,collision,p270
889,/content/drive/MyDrive/SeaAlert/data/audio_clean/wav/889.wav,Urgency,informal,cargo_shift,p237
890,/content/drive/MyDrive/SeaAlert/data/audio_clean/wav/890.wav,Urgency,third_party,medical_issue,p333
891,/content/drive/MyDrive/SeaAlert/data/audio_clean/wav/891.wav,Safety,third_party,collision,p283
892,/content/drive/MyDrive/SeaAlert/data/audio_clean/wav/892.wav,Distress,informal,fire_smoke,p245
893,/content/drive/MyDrive/SeaAlert/data/audio_clean/wav/893.wav,Routine,informal,grounding,p333
894,/content/drive/MyDrive/SeaAlert/data/audio_clean/wav/894.wav,Urgency,formal,nav_hazard,p301
895,/content/drive/MyDrive/SeaAlert/data/audio_clean/wav/895.wav,Routine,informal,steering_failure,p286
896,/content/drive/MyDrive/SeaAlert/data/audio_clean/wav/896.wav,Distress,third_party,steering_failure,p362
897,/content/drive/MyDrive/SeaAlert/data/audio_clean/wav/897.wav,Routine,formal,grounding,p264
898,/content/drive/MyDrive/SeaAlert/data/audio_clean/wav/898.wav,Urgency,informal,fire_smoke,"ED
"
899,/content/drive/MyDrive/SeaAlert/data/audio_clean/wav/899.wav,Distress,informal,person_overboard,p226
900,/content/drive/MyDrive/SeaAlert/data/audio_clean/wav/900.wav,Distress,formal,steering_failure,p306
901,/content/drive/MyDrive/SeaAlert/data/audio_clean/wav/901.wav,Distress,formal,fire_smoke,p333
902,/content/drive/MyDrive/SeaAlert/data/audio_clean/wav/902.wav,Safety,third_party,grounding,p287
903,/content/drive/MyDrive/SeaAlert/data/audio_clean/wav/903.wav,Distress,formal,grounding,p288
904,/content/drive/MyDrive/SeaAlert/data/audio_clean/wav/904.wav,Distress,third_party,engine_failure,p250
905,/content/drive/MyDrive/SeaAlert/data/audio_clean/wav/905.wav,Safety,formal,tow_request,p281
906,/content/drive/MyDrive/SeaAlert/data/audio_clean/wav/906.wav,Safety,third_party,person_overboard,p258
907,/content/drive/MyDrive/SeaAlert/data/audio_clean/wav/907.wav,Routine,third_party,nav_hazard,p263
908,/content/drive/MyDrive/SeaAlert/data/audio_clean/wav/908.wav,Safety,third_party,fire_smoke,p229
909,/content/drive/MyDrive/SeaAlert/data/audio_clean/wav/909.wav,Safety,third_party,cargo_shift,p283
910,/content/drive/MyDrive/SeaAlert/data/audio_clean/wav/910.wav,Routine,informal,fire_smoke,p269
911,/content/drive/MyDrive/SeaAlert/data/audio_clean/wav/911.wav,Routine,formal,tow_request,p270
912,/content/drive/MyDrive/SeaAlert/data/audio_clean/wav/912.wav,Distress,third_party,person_overboard,p257
913,/content/drive/MyDrive/SeaAlert/data/audio_clean/wav/913.wav,Distress,third_party,nav_hazard,p270
914,/content/drive/MyDrive/SeaAlert/data/audio_clean/wav/914.wav,Routine,third_party,cargo_shift,p286
915,/content/drive/MyDrive/SeaAlert/data/audio_clean/wav/915.wav,Safety,informal,collision,p272
916,/content/drive/MyDrive/SeaAlert/data/audio_clean/wav/916.wav,Safety,informal,tow_request,p246
917,/content/drive/MyDrive/SeaAlert/data/audio_clean/wav/917.wav,Distress,formal,radio_check,p310
918,/content/drive/MyDrive/SeaAlert/data/audio_clean/wav/918.wav,Distress,formal,nav_hazard,p316
919,/content/drive/MyDrive/SeaAlert/data/audio_clean/wav/919.wav,Routine,formal,grounding,p304
920,/content/drive/MyDrive/SeaAlert/data/audio_clean/wav/920.wav,Routine,formal,cargo_shift,p347
921,/content/drive/MyDrive/SeaAlert/data/audio_clean/wav/921.wav,Urgency,third_party,water_ingress,p261
922,/content/drive/MyDrive/SeaAlert/data/audio_clean/wav/922.wav,Urgency,informal,cargo_shift,p343
923,/content/drive/MyDrive/SeaAlert/data/audio_clean/wav/923.wav,Urgency,formal,water_ingress,p244
924,/content/drive/MyDrive/SeaAlert/data/audio_clean/wav/924.wav,Routine,informal,nav_hazard,p245
925,/content/drive/MyDrive/SeaAlert/data/audio_clean/wav/925.wav,Urgency,third_party,fire_smoke,p282
926,/content/drive/MyDrive/SeaAlert/data/audio_clean/wav/926.wav,Urgency,formal,tow_request,p243
927,/content/drive/MyDrive/SeaAlert/data/audio_clean/wav/927.wav,Distress,informal,water_ingress,p272
928,/content/drive/MyDrive/SeaAlert/data/audio_clean/wav/928.wav,Urgency,informal,nav_hazard,p362
929,/content/drive/MyDrive/SeaAlert/data/audio_clean/wav/929.wav,Distress,third_party,medical_issue,p274
930,/content/drive/MyDrive/SeaAlert/data/audio_clean/wav/930.wav,Routine,formal,collision,p238
931,/content/drive/MyDrive/SeaAlert/data/audio_clean/wav/931.wav,Safety,informal,medical_issue,p239
932,/content/drive/MyDrive/SeaAlert/data/audio_clean/wav/932.wav,Distress,informal,steering_failure,p256
933,/content/drive/MyDrive/SeaAlert/data/audio_clean/wav/933.wav,Urgency,formal,medical_issue,"ED
"
934,/content/drive/MyDrive/SeaAlert/data/audio_clean/wav/934.wav,Distress,third_party,nav_hazard,p279
935,/content/drive/MyDrive/SeaAlert/data/audio_clean/wav/935.wav,Urgency,formal,steering_failure,p226
936,/content/drive/MyDrive/SeaAlert/data/audio_clean/wav/936.wav,Routine,informal,steering_failure,p240
937,/content/drive/MyDrive/SeaAlert/data/audio_clean/wav/937.wav,Routine,third_party,tow_request,p318
938,/content/drive/MyDrive/SeaAlert/data/audio_clean/wav/938.wav,Distress,formal,cargo_shift,p282
939,/content/drive/MyDrive/SeaAlert/data/audio_clean/wav/939.wav,Safety,informal,water_ingress,p304
940,/content/drive/MyDrive/SeaAlert/data/audio_clean/wav/940.wav,Urgency,third_party,steering_failure,p236
941,/content/drive/MyDrive/SeaAlert/data/audio_clean/wav/941.wav,Routine,third_party,water_ingress,p303
942,/content/drive/MyDrive/SeaAlert/data/audio_clean/wav/942.wav,Distress,formal,radio_check,p339
943,/content/drive/MyDrive/SeaAlert/data/audio_clean/wav/943.wav,Safety,formal,radio_check,p240
944,/content/drive/MyDrive/SeaAlert/data/audio_clean/wav/944.wav,Distress,informal,nav_hazard,p301
945,/content/drive/MyDrive/SeaAlert/data/audio_clean/wav/945.wav,Urgency,informal,collision,p351
946,/content/drive/MyDrive/SeaAlert/data/audio_clean/wav/946.wav,Distress,third_party,engine_failure,p305
947,/content/drive/MyDrive/SeaAlert/data/audio_clean/wav/947.wav,Safety,informal,steering_failure,p249
948,/content/drive/MyDrive/SeaAlert/data/audio_clean/wav/948.wav,Urgency,informal,engine_failure,p253
949,/content/drive/MyDrive/SeaAlert/data/audio_clean/wav/949.wav,Urgency,formal,person_overboard,p231
950,/content/drive/MyDrive/SeaAlert/data/audio_clean/wav/950.wav,Distress,informal,radio_check,p333
951,/content/drive/MyDrive/SeaAlert/data/audio_clean/wav/951.wav,Urgency,informal,fire_smoke,p261
952,/content/drive/MyDrive/SeaAlert/data/audio_clean/wav/952.wav,Urgency,informal,fire_smoke,p329
953,/content/drive/MyDrive/SeaAlert/data/audio_clean/wav/953.wav,Urgency,informal,radio_check,p231
954,/content/drive/MyDrive/SeaAlert/data/audio_clean/wav/954.wav,Urgency,informal,collision,p283
955,/content/drive/MyDrive/SeaAlert/data/audio_clean/wav/955.wav,Routine,formal,radio_check,p285
956,/content/drive/MyDrive/SeaAlert/data/audio_clean/wav/956.wav,Distress,third_party,engine_failure,p275
957,/content/drive/MyDrive/SeaAlert/data/audio_clean/wav/957.wav,Routine,formal,nav_hazard,p253
958,/content/drive/MyDrive/SeaAlert/data/audio_clean/wav/958.wav,Distress,formal,engine_failure,p333
959,/content/drive/MyDrive/SeaAlert/data/audio_clean/wav/959.wav,Urgency,formal,grounding,p347
960,/content/drive/MyDrive/SeaAlert/data/audio_clean/wav/960.wav,Routine,third_party,medical_issue,p266
961,/content/drive/MyDrive/SeaAlert/data/audio_clean/wav/961.wav,Routine,formal,fire_smoke,p345
962,/content/drive/MyDrive/SeaAlert/data/audio_clean/wav/962.wav,Safety,formal,nav_hazard,p292
963,/content/drive/MyDrive/SeaAlert/data/audio_clean/wav/963.wav,Urgency,informal,person_overboard,p252
964,/content/drive/MyDrive/SeaAlert/data/audio_clean/wav/964.wav,Safety,formal,tow_request,p288
965,/content/drive/MyDrive/SeaAlert/data/audio_clean/wav/965.wav,Safety,third_party,cargo_shift,p241
966,/content/drive/MyDrive/SeaAlert/data/audio_clean/wav/966.wav,Routine,formal,medical_issue,p302
967,/content/drive/MyDrive/SeaAlert/data/audio_clean/wav/967.wav,Routine,third_party,radio_check,p258
968,/content/drive/MyDrive/SeaAlert/data/audio_clean/wav/968.wav,Distress,formal,grounding,p314
969,/content/drive/MyDrive/SeaAlert/data/audio_clean/wav/969.wav,Routine,formal,cargo_shift,p306
970,/content/drive/MyDrive/SeaAlert/data/audio_clean/wav/970.wav,Distress,third_party,nav_hazard,p333
971,/content/drive/MyDrive/SeaAlert/data/audio_clean/wav/971.wav,Safety,formal,water_ingress,p254
972,/content/drive/MyDrive/SeaAlert/data/audio_clean/wav/972.wav,Distress,formal,tow_request,p237
973,/content/drive/MyDrive/SeaAlert/data/audio_clean/wav/973.wav,Distress,third_party,cargo_shift,p271
974,/content/drive/MyDrive/SeaAlert/data/audio_clean/wav/974.wav,Safety,formal,collision,p260
975,/content/drive/MyDrive/SeaAlert/data/audio_clean/wav/975.wav,Safety,third_party,radio_check,p229
976,/content/drive/MyDrive/SeaAlert/data/audio_clean/wav/976.wav,Urgency,informal,radio_check,p312
977,/content/drive/MyDrive/SeaAlert/data/audio_clean/wav/977.wav,Safety,informal,medical_issue,p298
978,/content/drive/MyDrive/SeaAlert/data/audio_clean/wav/978.wav,Routine,formal,engine_failure,p272
979,/content/drive/MyDrive/SeaAlert/data/audio_clean/wav/979.wav,Routine,informal,cargo_shift,p250
980,/content/drive/MyDrive/SeaAlert/data/audio_clean/wav/980.wav,Routine,formal,engine_failure,p294
981,/content/drive/MyDrive/SeaAlert/data/audio_clean/wav/981.wav,Safety,formal,collision,p233
982,/content/drive/MyDrive/SeaAlert/data/audio_clean/wav/982.wav,Distress,third_party,medical_issue,p281
983,/content/drive/MyDrive/SeaAlert/data/audio_clean/wav/983.wav,Routine,third_party,tow_request,p255
984,/content/drive/MyDrive/SeaAlert/data/audio_clean/wav/984.wav,Distress,third_party,nav_hazard,p376
985,/content/drive/MyDrive/SeaAlert/data/audio_clean/wav/985.wav,Routine,third_party,engine_failure,p228
986,/content/drive/MyDrive/SeaAlert/data/audio_clean/wav/986.wav,Safety,formal,steering_failure,p258
987,/content/drive/MyDrive/SeaAlert/data/audio_clean/wav/987.wav,Distress,formal,water_ingress,p293
988,/content/drive/MyDrive/SeaAlert/data/audio_clean/wav/988.wav,Routine,third_party,steering_failure,p243
989,/content/drive/MyDrive/SeaAlert/data/audio_clean/wav/989.wav,Urgency,third_party,cargo_shift,p339
990,/content/drive/MyDrive/SeaAlert/data/audio_clean/wav/990.wav,Distress,informal,radio_check,p274
991,/content/drive/MyDrive/SeaAlert/data/audio_clean/wav/991.wav,Urgency,formal,nav_hazard,p234
992,/content/drive/MyDrive/SeaAlert/data/audio_clean/wav/992.wav,Routine,informal,collision,p316
993,/content/drive/MyDrive/SeaAlert/data/audio_clean/wav/993.wav,Urgency,informal,engine_failure,p251
994,/content/drive/MyDrive/SeaAlert/data/audio_clean/wav/994.wav,Safety,formal,fire_smoke,p288
995,/content/drive/MyDrive/SeaAlert/data/audio_clean/wav/995.wav,Safety,formal,medical_issue,p326
996,/content/drive/MyDrive/SeaAlert/data/audio_clean/wav/996.wav,Distress,formal,fire_smoke,p317
997,/content/drive/MyDrive/SeaAlert/data/audio_clean/wav/997.wav,Routine,formal,fire_smoke,p284
998,/content/drive/MyDrive/SeaAlert/data/audio_clean/wav/998.wav,Routine,informal,fire_smoke,p252
999,/content/drive/MyDrive/SeaAlert/data/audio_clean/wav/999.wav,Routine,informal,fire_smoke,p274
1000,/content/drive/MyDrive/SeaAlert/data/audio_clean/wav/1000.wav,Routine,third_party,engine_failure,p306
1001,/content/drive/MyDrive/SeaAlert/data/audio_clean/wav/1001.wav,Distress,formal,medical_issue,p258
1002,/content/drive/MyDrive/SeaAlert/data/audio_clean/wav/1002.wav,Urgency,third_party,person_overboard,p341
1003,/content/drive/MyDrive/SeaAlert/data/audio_clean/wav/1003.wav,Routine,third_party,cargo_shift,p362
1004,/content/drive/MyDrive/SeaAlert/data/audio_clean/wav/1004.wav,Urgency,informal,nav_hazard,p343
1005,/content/drive/MyDrive/SeaAlert/data/audio_clean/wav/1005.wav,Safety,informal,nav_hazard,"ED
"
1006,/content/drive/MyDrive/SeaAlert/data/audio_clean/wav/1006.wav,Distress,informal,steering_failure,p246
1007,/content/drive/MyDrive/SeaAlert/data/audio_clean/wav/1007.wav,Distress,third_party,person_overboard,p280
1008,/content/drive/MyDrive/SeaAlert/data/audio_clean/wav/1008.wav,Distress,third_party,nav_hazard,p229
1009,/content/drive/MyDrive/SeaAlert/data/audio_clean/wav/1009.wav,Distress,formal,fire_smoke,p333
1010,/content/drive/MyDrive/SeaAlert/data/audio_clean/wav/1010.wav,Distress,informal,grounding,p311
1011,/content/drive/MyDrive/SeaAlert/data/audio_clean/wav/1011.wav,Urgency,third_party,medical_issue,p298
1012,/content/drive/MyDrive/SeaAlert/data/audio_clean/wav/1012.wav,Urgency,informal,collision,p336
1013,/content/drive/MyDrive/SeaAlert/data/audio_clean/wav/1013.wav,Safety,third_party,fire_smoke,p228
1014,/content/drive/MyDrive/SeaAlert/data/audio_clean/wav/1014.wav,Safety,third_party,collision,p351
1015,/content/drive/MyDrive/SeaAlert/data/audio_clean/wav/1015.wav,Urgency,formal,medical_issue,p226
1016,/content/drive/MyDrive/SeaAlert/data/audio_clean/wav/1016.wav,Safety,formal,steering_failure,p278
1017,/content/drive/MyDrive/SeaAlert/data/audio_clean/wav/1017.wav,Distress,informal,radio_check,p248
1018,/content/drive/MyDrive/SeaAlert/data/audio_clean/wav/1018.wav,Routine,informal,collision,p347
1019,/content/drive/MyDrive/SeaAlert/data/audio_clean/wav/1019.wav,Safety,formal,grounding,p278
1020,/content/drive/MyDrive/SeaAlert/data/audio_clean/wav/1020.wav,Urgency,informal,nav_hazard,p262
1021,/content/drive/MyDrive/SeaAlert/data/audio_clean/wav/1021.wav,Distress,informal,medical_issue,p303
1022,/content/drive/MyDrive/SeaAlert/data/audio_clean/wav/1022.wav,Safety,formal,nav_hazard,p303
1023,/content/drive/MyDrive/SeaAlert/data/audio_clean/wav/1023.wav,Routine,third_party,collision,p313
1024,/content/drive/MyDrive/SeaAlert/data/audio_clean/wav/1024.wav,Distress,third_party,grounding,p241
1025,/content/drive/MyDrive/SeaAlert/data/audio_clean/wav/1025.wav,Distress,third_party,cargo_shift,p316
1026,/content/drive/MyDrive/SeaAlert/data/audio_clean/wav/1026.wav,Routine,formal,cargo_shift,p307
1027,/content/drive/MyDrive/SeaAlert/data/audio_clean/wav/1027.wav,Safety,formal,water_ingress,p302
1028,/content/drive/MyDrive/SeaAlert/data/audio_clean/wav/1028.wav,Safety,informal,medical_issue,"ED
"
1029,/content/drive/MyDrive/SeaAlert/data/audio_clean/wav/1029.wav,Urgency,formal,engine_failure,p276
1030,/content/drive/MyDrive/SeaAlert/data/audio_clean/wav/1030.wav,Urgency,third_party,collision,p270
1031,/content/drive/MyDrive/SeaAlert/data/audio_clean/wav/1031.wav,Distress,third_party,cargo_shift,p306
1032,/content/drive/MyDrive/SeaAlert/data/audio_clean/wav/1032.wav,Distress,informal,engine_failure,p227
1033,/content/drive/MyDrive/SeaAlert/data/audio_clean/wav/1033.wav,Urgency,third_party,nav_hazard,p287
1034,/content/drive/MyDrive/SeaAlert/data/audio_clean/wav/1034.wav,Routine,formal,engine_failure,p293
1035,/content/drive/MyDrive/SeaAlert/data/audio_clean/wav/1035.wav,Routine,informal,radio_check,p361
1036,/content/drive/MyDrive/SeaAlert/data/audio_clean/wav/1036.wav,Safety,informal,engine_failure,p257
1037,/content/drive/MyDrive/SeaAlert/data/audio_clean/wav/1037.wav,Routine,informal,cargo_shift,p259
1038,/content/drive/MyDrive/SeaAlert/data/audio_clean/wav/1038.wav,Urgency,informal,cargo_shift,p333
1039,/content/drive/MyDrive/SeaAlert/data/audio_clean/wav/1039.wav,Distress,informal,cargo_shift,p336
1040,/content/drive/MyDrive/SeaAlert/data/audio_clean/wav/1040.wav,Routine,third_party,collision,p301
1041,/content/drive/MyDrive/SeaAlert/data/audio_clean/wav/1041.wav,Routine,formal,steering_failure,p264
1042,/content/drive/MyDrive/SeaAlert/data/audio_clean/wav/1042.wav,Urgency,informal,nav_hazard,p251
1043,/content/drive/MyDrive/SeaAlert/data/audio_clean/wav/1043.wav,Safety,informal,grounding,p259
1044,/content/drive/MyDrive/SeaAlert/data/audio_clean/wav/1044.wav,Routine,third_party,nav_hazard,p279
1045,/content/drive/MyDrive/SeaAlert/data/audio_clean/wav/1045.wav,Urgency,formal,collision,p226
1046,/content/drive/MyDrive/SeaAlert/data/audio_clean/wav/1046.wav,Urgency,informal,grounding,p275
1047,/content/drive/MyDrive/SeaAlert/data/audio_clean/wav/1047.wav,Urgency,informal,medical_issue,p236
1048,/content/drive/MyDrive/SeaAlert/data/audio_clean/wav/1048.wav,Urgency,informal,steering_failure,p293
1049,/content/drive/MyDrive/SeaAlert/data/audio_clean/wav/1049.wav,Distress,informal,collision,p279
1050,/content/drive/MyDrive/SeaAlert/data/audio_clean/wav/1050.wav,Distress,formal,steering_failure,p374
1051,/content/drive/MyDrive/SeaAlert/data/audio_clean/wav/1051.wav,Distress,formal,collision,p228
1052,/content/drive/MyDrive/SeaAlert/data/audio_clean/wav/1052.wav,Safety,formal,cargo_shift,p335
1053,/content/drive/MyDrive/SeaAlert/data/audio_clean/wav/1053.wav,Safety,third_party,person_overboard,p335
1054,/content/drive/MyDrive/SeaAlert/data/audio_clean/wav/1054.wav,Safety,formal,fire_smoke,p282
1055,/content/drive/MyDrive/SeaAlert/data/audio_clean/wav/1055.wav,Distress,third_party,steering_failure,p241
1056,/content/drive/MyDrive/SeaAlert/data/audio_clean/wav/1056.wav,Routine,formal,nav_hazard,p272
1057,/content/drive/MyDrive/SeaAlert/data/audio_clean/wav/1057.wav,Routine,third_party,medical_issue,p248
1058,/content/drive/MyDrive/SeaAlert/data/audio_clean/wav/1058.wav,Urgency,third_party,cargo_shift,p308
1059,/content/drive/MyDrive/SeaAlert/data/audio_clean/wav/1059.wav,Routine,formal,cargo_shift,p347
1060,/content/drive/MyDrive/SeaAlert/data/audio_clean/wav/1060.wav,Distress,formal,fire_smoke,p316
1061,/content/drive/MyDrive/SeaAlert/data/audio_clean/wav/1061.wav,Distress,third_party,person_overboard,p238
1062,/content/drive/MyDrive/SeaAlert/data/audio_clean/wav/1062.wav,Routine,third_party,radio_check,p294
1063,/content/drive/MyDrive/SeaAlert/data/audio_clean/wav/1063.wav,Safety,third_party,radio_check,p304
1064,/content/drive/MyDrive/SeaAlert/data/audio_clean/wav/1064.wav,Distress,third_party,fire_smoke,p276
1065,/content/drive/MyDrive/SeaAlert/data/audio_clean/wav/1065.wav,Routine,informal,person_overboard,p360
1066,/content/drive/MyDrive/SeaAlert/data/audio_clean/wav/1066.wav,Safety,informal,medical_issue,p263
1067,/content/drive/MyDrive/SeaAlert/data/audio_clean/wav/1067.wav,Distress,informal,nav_hazard,p292
1068,/content/drive/MyDrive/SeaAlert/data/audio_clean/wav/1068.wav,Distress,informal,nav_hazard,p341
1069,/content/drive/MyDrive/SeaAlert/data/audio_clean/wav/1069.wav,Safety,third_party,cargo_shift,p263
1070,/content/drive/MyDrive/SeaAlert/data/audio_clean/wav/1070.wav,Distress,formal,water_ingress,p275
1071,/content/drive/MyDrive/SeaAlert/data/audio_clean/wav/1071.wav,Distress,formal,person_overboard,p341
1072,/content/drive/MyDrive/SeaAlert/data/audio_clean/wav/1072.wav,Routine,third_party,grounding,p312
1073,/content/drive/MyDrive/SeaAlert/data/audio_clean/wav/1073.wav,Routine,third_party,medical_issue,p255
1074,/content/drive/MyDrive/SeaAlert/data/audio_clean/wav/1074.wav,Safety,informal,engine_failure,p308
1075,/content/drive/MyDrive/SeaAlert/data/audio_clean/wav/1075.wav,Distress,third_party,steering_failure,p330
1076,/content/drive/MyDrive/SeaAlert/data/audio_clean/wav/1076.wav,Safety,third_party,engine_failure,p276
1077,/content/drive/MyDrive/SeaAlert/data/audio_clean/wav/1077.wav,Safety,formal,grounding,p288
1078,/content/drive/MyDrive/SeaAlert/data/audio_clean/wav/1078.wav,Routine,third_party,radio_check,p341
1079,/content/drive/MyDrive/SeaAlert/data/audio_clean/wav/1079.wav,Routine,third_party,fire_smoke,p277
1080,/content/drive/MyDrive/SeaAlert/data/audio_clean/wav/1080.wav,Safety,formal,fire_smoke,p263
1081,/content/drive/MyDrive/SeaAlert/data/audio_clean/wav/1081.wav,Routine,third_party,tow_request,p340
1082,/content/drive/MyDrive/SeaAlert/data/audio_clean/wav/1082.wav,Safety,third_party,fire_smoke,p323
1083,/content/drive/MyDrive/SeaAlert/data/audio_clean/wav/1083.wav,Distress,formal,fire_smoke,p308
1084,/content/drive/MyDrive/SeaAlert/data/audio_clean/wav/1084.wav,Safety,third_party,grounding,p255
1085,/content/drive/MyDrive/SeaAlert/data/audio_clean/wav/1085.wav,Urgency,formal,tow_request,p363
1086,/content/drive/MyDrive/SeaAlert/data/audio_clean/wav/1086.wav,Urgency,formal,engine_failure,p276
1087,/content/drive/MyDrive/SeaAlert/data/audio_clean/wav/1087.wav,Safety,formal,cargo_shift,p311
1088,/content/drive/MyDrive/SeaAlert/data/audio_clean/wav/1088.wav,Distress,third_party,radio_check,p228
1089,/content/drive/MyDrive/SeaAlert/data/audio_clean/wav/1089.wav,Distress,informal,nav_hazard,p254
1090,/content/drive/MyDrive/SeaAlert/data/audio_clean/wav/1090.wav,Urgency,third_party,steering_failure,p227
1091,/content/drive/MyDrive/SeaAlert/data/audio_clean/wav/1091.wav,Distress,third_party,tow_request,p233
1092,/content/drive/MyDrive/SeaAlert/data/audio_clean/wav/1092.wav,Urgency,third_party,grounding,p281
1093,/content/drive/MyDrive/SeaAlert/data/audio_clean/wav/1093.wav,Urgency,informal,cargo_shift,p241
1094,/content/drive/MyDrive/SeaAlert/data/audio_clean/wav/1094.wav,Routine,informal,radio_check,p303
1095,/content/drive/MyDrive/SeaAlert/data/audio_clean/wav/1095.wav,Distress,formal,medical_issue,p241
1096,/content/drive/MyDrive/SeaAlert/data/audio_clean/wav/1096.wav,Routine,third_party,cargo_shift,p314
1097,/content/drive/MyDrive/SeaAlert/data/audio_clean/wav/1097.wav,Distress,third_party,fire_smoke,p323
1098,/content/drive/MyDrive/SeaAlert/data/audio_clean/wav/1098.wav,Safety,informal,fire_smoke,p298
1099,/content/drive/MyDrive/SeaAlert/data/audio_clean/wav/1099.wav,Distress,informal,medical_issue,p259
1100,/content/drive/MyDrive/SeaAlert/data/audio_clean/wav/1100.wav,Routine,third_party,cargo_shift,p229
1101,/content/drive/MyDrive/SeaAlert/data/audio_clean/wav/1101.wav,Routine,informal,tow_request,p278
1102,/content/drive/MyDrive/SeaAlert/data/audio_clean/wav/1102.wav,Safety,informal,collision,p294
1103,/content/drive/MyDrive/SeaAlert/data/audio_clean/wav/1103.wav,Urgency,third_party,person_overboard,p306
1104,/content/drive/MyDrive/SeaAlert/data/audio_clean/wav/1104.wav,Distress,formal,grounding,p364
1105,/content/drive/MyDrive/SeaAlert/data/audio_clean/wav/1105.wav,Urgency,formal,grounding,p268
1106,/content/drive/MyDrive/SeaAlert/data/audio_clean/wav/1106.wav,Urgency,formal,collision,p304
1107,/content/drive/MyDrive/SeaAlert/data/audio_clean/wav/1107.wav,Urgency,informal,person_overboard,p248
1108,/content/drive/MyDrive/SeaAlert/data/audio_clean/wav/1108.wav,Urgency,informal,water_ingress,p280
1109,/content/drive/MyDrive/SeaAlert/data/audio_clean/wav/1109.wav,Routine,formal,person_overboard,p310
1110,/content/drive/MyDrive/SeaAlert/data/audio_clean/wav/1110.wav,Urgency,informal,grounding,p336
1111,/content/drive/MyDrive/SeaAlert/data/audio_clean/wav/1111.wav,Routine,informal,radio_check,p304
1112,/content/drive/MyDrive/SeaAlert/data/audio_clean/wav/1112.wav,Safety,formal,person_overboard,p240
1113,/content/drive/MyDrive/SeaAlert/data/audio_clean/wav/1113.wav,Distress,informal,nav_hazard,p231
1114,/content/drive/MyDrive/SeaAlert/data/audio_clean/wav/1114.wav,Urgency,informal,radio_check,p227
1115,/content/drive/MyDrive/SeaAlert/data/audio_clean/wav/1115.wav,Routine,formal,water_ingress,p361
1116,/content/drive/MyDrive/SeaAlert/data/audio_clean/wav/1116.wav,Urgency,formal,person_overboard,p227
1117,/content/drive/MyDrive/SeaAlert/data/audio_clean/wav/1117.wav,Safety,informal,tow_request,p281
1118,/content/drive/MyDrive/SeaAlert/data/audio_clean/wav/1118.wav,Safety,informal,tow_request,p250
1119,/content/drive/MyDrive/SeaAlert/data/audio_clean/wav/1119.wav,Distress,informal,steering_failure,p295
1120,/content/drive/MyDrive/SeaAlert/data/audio_clean/wav/1120.wav,Distress,formal,cargo_shift,p339
1121,/content/drive/MyDrive/SeaAlert/data/audio_clean/wav/1121.wav,Routine,third_party,person_overboard,p295
1122,/content/drive/MyDrive/SeaAlert/data/audio_clean/wav/1122.wav,Urgency,third_party,tow_request,p252
1123,/content/drive/MyDrive/SeaAlert/data/audio_clean/wav/1123.wav,Safety,formal,steering_failure,p334
1124,/content/drive/MyDrive/SeaAlert/data/audio_clean/wav/1124.wav,Routine,third_party,person_overboard,p257
1125,/content/drive/MyDrive/SeaAlert/data/audio_clean/wav/1125.wav,Urgency,third_party,radio_check,p275
1126,/content/drive/MyDrive/SeaAlert/data/audio_clean/wav/1126.wav,Safety,third_party,steering_failure,p286
1127,/content/drive/MyDrive/SeaAlert/data/audio_clean/wav/1127.wav,Distress,formal,fire_smoke,p276
1128,/content/drive/MyDrive/SeaAlert/data/audio_clean/wav/1128.wav,Safety,informal,steering_failure,p244
1129,/content/drive/MyDrive/SeaAlert/data/audio_clean/wav/1129.wav,Distress,informal,cargo_shift,p246
1130,/content/drive/MyDrive/SeaAlert/data/audio_clean/wav/1130.wav,Routine,third_party,collision,p228
1131,/content/drive/MyDrive/SeaAlert/data/audio_clean/wav/1131.wav,Distress,third_party,tow_request,p312
1132,/content/drive/MyDrive/SeaAlert/data/audio_clean/wav/1132.wav,Urgency,formal,person_overboard,p333
1133,/content/drive/MyDrive/SeaAlert/data/audio_clean/wav/1133.wav,Routine,formal,steering_failure,p267
1134,/content/drive/MyDrive/SeaAlert/data/audio_clean/wav/1134.wav,Urgency,third_party,medical_issue,p286
1135,/content/drive/MyDrive/SeaAlert/data/audio_clean/wav/1135.wav,Routine,formal,fire_smoke,p247
1136,/content/drive/MyDrive/SeaAlert/data/audio_clean/wav/1136.wav,Urgency,formal,nav_hazard,p246
1137,/content/drive/MyDrive/SeaAlert/data/audio_clean/wav/1137.wav,Distress,formal,cargo_shift,p299
1138,/content/drive/MyDrive/SeaAlert/data/audio_clean/wav/1138.wav,Distress,formal,steering_failure,"ED
"
1139,/content/drive/MyDrive/SeaAlert/data/audio_clean/wav/1139.wav,Routine,third_party,grounding,p228
1140,/content/drive/MyDrive/SeaAlert/data/audio_clean/wav/1140.wav,Urgency,third_party,collision,p362
1141,/content/drive/MyDrive/SeaAlert/data/audio_clean/wav/1141.wav,Distress,third_party,person_overboard,p236
1142,/content/drive/MyDrive/SeaAlert/data/audio_clean/wav/1142.wav,Distress,informal,person_overboard,p329
1143,/content/drive/MyDrive/SeaAlert/data/audio_clean/wav/1143.wav,Urgency,informal,radio_check,p271
1144,/content/drive/MyDrive/SeaAlert/data/audio_clean/wav/1144.wav,Distress,third_party,radio_check,p259
1145,/content/drive/MyDrive/SeaAlert/data/audio_clean/wav/1145.wav,Safety,formal,nav_hazard,p274
1146,/content/drive/MyDrive/SeaAlert/data/audio_clean/wav/1146.wav,Distress,formal,steering_failure,p307
1147,/content/drive/MyDrive/SeaAlert/data/audio_clean/wav/1147.wav,Urgency,third_party,grounding,p329
1148,/content/drive/MyDrive/SeaAlert/data/audio_clean/wav/1148.wav,Routine,informal,person_overboard,p270
1149,/content/drive/MyDrive/SeaAlert/data/audio_clean/wav/1149.wav,Routine,informal,radio_check,p252
1150,/content/drive/MyDrive/SeaAlert/data/audio_clean/wav/1150.wav,Urgency,formal,water_ingress,p302
1151,/content/drive/MyDrive/SeaAlert/data/audio_clean/wav/1151.wav,Distress,informal,radio_check,p251
1152,/content/drive/MyDrive/SeaAlert/data/audio_clean/wav/1152.wav,Routine,informal,person_overboard,p272
1153,/content/drive/MyDrive/SeaAlert/data/audio_clean/wav/1153.wav,Routine,formal,fire_smoke,p317
1154,/content/drive/MyDrive/SeaAlert/data/audio_clean/wav/1154.wav,Routine,informal,cargo_shift,p281
1155,/content/drive/MyDrive/SeaAlert/data/audio_clean/wav/1155.wav,Routine,informal,engine_failure,p335
1156,/content/drive/MyDrive/SeaAlert/data/audio_clean/wav/1156.wav,Safety,formal,radio_check,p364
1157,/content/drive/MyDrive/SeaAlert/data/audio_clean/wav/1157.wav,Urgency,informal,grounding,p288
1158,/content/drive/MyDrive/SeaAlert/data/audio_clean/wav/1158.wav,Safety,formal,nav_hazard,p273
1159,/content/drive/MyDrive/SeaAlert/data/audio_clean/wav/1159.wav,Safety,informal,steering_failure,p286
1160,/content/drive/MyDrive/SeaAlert/data/audio_clean/wav/1160.wav,Safety,formal,medical_issue,p311
1161,/content/drive/MyDrive/SeaAlert/data/audio_clean/wav/1161.wav,Urgency,third_party,radio_check,p251
1162,/content/drive/MyDrive/SeaAlert/data/audio_clean/wav/1162.wav,Routine,third_party,tow_request,p261
1163,/content/drive/MyDrive/SeaAlert/data/audio_clean/wav/1163.wav,Urgency,third_party,radio_check,"ED
"
1164,/content/drive/MyDrive/SeaAlert/data/audio_clean/wav/1164.wav,Routine,third_party,cargo_shift,p231
1165,/content/drive/MyDrive/SeaAlert/data/audio_clean/wav/1165.wav,Distress,informal,medical_issue,p343
1166,/content/drive/MyDrive/SeaAlert/data/audio_clean/wav/1166.wav,Routine,third_party,nav_hazard,p277
1167,/content/drive/MyDrive/SeaAlert/data/audio_clean/wav/1167.wav,Safety,informal,grounding,p308
1168,/content/drive/MyDrive/SeaAlert/data/audio_clean/wav/1168.wav,Safety,third_party,steering_failure,p272
1169,/content/drive/MyDrive/SeaAlert/data/audio_clean/wav/1169.wav,Routine,informal,grounding,p281
1170,/content/drive/MyDrive/SeaAlert/data/audio_clean/wav/1170.wav,Routine,formal,fire_smoke,p317
1171,/content/drive/MyDrive/SeaAlert/data/audio_clean/wav/1171.wav,Safety,third_party,water_ingress,p238
1172,/content/drive/MyDrive/SeaAlert/data/audio_clean/wav/1172.wav,Urgency,informal,collision,p329
1173,/content/drive/MyDrive/SeaAlert/data/audio_clean/wav/1173.wav,Distress,formal,collision,p253
1174,/content/drive/MyDrive/SeaAlert/data/audio_clean/wav/1174.wav,Urgency,informal,engine_failure,p318
1175,/content/drive/MyDrive/SeaAlert/data/audio_clean/wav/1175.wav,Routine,formal,person_overboard,p307
1176,/content/drive/MyDrive/SeaAlert/data/audio_clean/wav/1176.wav,Routine,third_party,water_ingress,p323
1177,/content/drive/MyDrive/SeaAlert/data/audio_clean/wav/1177.wav,Routine,formal,engine_failure,p225
1178,/content/drive/MyDrive/SeaAlert/data/audio_clean/wav/1178.wav,Urgency,informal,radio_check,p376
1179,/content/drive/MyDrive/SeaAlert/data/audio_clean/wav/1179.wav,Routine,formal,person_overboard,p251
1180,/content/drive/MyDrive/SeaAlert/data/audio_clean/wav/1180.wav,Distress,formal,water_ingress,p238
1181,/content/drive/MyDrive/SeaAlert/data/audio_clean/wav/1181.wav,Distress,informal,water_ingress,p284
1182,/content/drive/MyDrive/SeaAlert/data/audio_clean/wav/1182.wav,Routine,third_party,grounding,p281
1183,/content/drive/MyDrive/SeaAlert/data/audio_clean/wav/1183.wav,Safety,informal,medical_issue,p230
1184,/content/drive/MyDrive/SeaAlert/data/audio_clean/wav/1184.wav,Routine,third_party,engine_failure,p226
1185,/content/drive/MyDrive/SeaAlert/data/audio_clean/wav/1185.wav,Urgency,third_party,engine_failure,p248
1186,/content/drive/MyDrive/SeaAlert/data/audio_clean/wav/1186.wav,Safety,formal,person_overboard,p364
1187,/content/drive/MyDrive/SeaAlert/data/audio_clean/wav/1187.wav,Safety,third_party,engine_failure,p376
1188,/content/drive/MyDrive/SeaAlert/data/audio_clean/wav/1188.wav,Urgency,third_party,fire_smoke,p243
1189,/content/drive/MyDrive/SeaAlert/data/audio_clean/wav/1189.wav,Distress,third_party,collision,p263
1190,/content/drive/MyDrive/SeaAlert/data/audio_clean/wav/1190.wav,Urgency,formal,radio_check,p343
1191,/content/drive/MyDrive/SeaAlert/data/audio_clean/wav/1191.wav,Routine,informal,radio_check,p239
1192,/content/drive/MyDrive/SeaAlert/data/audio_clean/wav/1192.wav,Urgency,third_party,engine_failure,p292
1193,/content/drive/MyDrive/SeaAlert/data/audio_clean/wav/1193.wav,Safety,formal,water_ingress,p326
1194,/content/drive/MyDrive/SeaAlert/data/audio_clean/wav/1194.wav,Urgency,third_party,engine_failure,p347
1195,/content/drive/MyDrive/SeaAlert/data/audio_clean/wav/1195.wav,Distress,informal,cargo_shift,p253
1196,/content/drive/MyDrive/SeaAlert/data/audio_clean/wav/1196.wav,Urgency,formal,collision,p303
1197,/content/drive/MyDrive/SeaAlert/data/audio_clean/wav/1197.wav,Safety,informal,medical_issue,p264
1198,/content/drive/MyDrive/SeaAlert/data/audio_clean/wav/1198.wav,Safety,third_party,fire_smoke,p282
1199,/content/drive/MyDrive/SeaAlert/data/audio_clean/wav/1199.wav,Distress,informal,tow_request,p241
1200,/content/drive/MyDrive/SeaAlert/data/audio_clean/wav/1200.wav,Distress,third_party,radio_check,p360
1201,/content/drive/MyDrive/SeaAlert/data/audio_clean/wav/1201.wav,Routine,informal,grounding,p317
1202,/content/drive/MyDrive/SeaAlert/data/audio_clean/wav/1202.wav,Safety,third_party,radio_check,p329
1203,/content/drive/MyDrive/SeaAlert/data/audio_clean/wav/1203.wav,Distress,third_party,engine_failure,p269
1204,/content/drive/MyDrive/SeaAlert/data/audio_clean/wav/1204.wav,Routine,formal,grounding,p250
1205,/content/drive/MyDrive/SeaAlert/data/audio_clean/wav/1205.wav,Safety,third_party,engine_failure,p241
1206,/content/drive/MyDrive/SeaAlert/data/audio_clean/wav/1206.wav,Routine,third_party,tow_request,p237
1207,/content/drive/MyDrive/SeaAlert/data/audio_clean/wav/1207.wav,Safety,third_party,engine_failure,p314
1208,/content/drive/MyDrive/SeaAlert/data/audio_clean/wav/1208.wav,Urgency,informal,fire_smoke,p250
1209,/content/drive/MyDrive/SeaAlert/data/audio_clean/wav/1209.wav,Safety,formal,medical_issue,p297
1210,/content/drive/MyDrive/SeaAlert/data/audio_clean/wav/1210.wav,Urgency,third_party,collision,p233
1211,/content/drive/MyDrive/SeaAlert/data/audio_clean/wav/1211.wav,Distress,third_party,tow_request,p295
1212,/content/drive/MyDrive/SeaAlert/data/audio_clean/wav/1212.wav,Routine,third_party,medical_issue,p362
1213,/content/drive/MyDrive/SeaAlert/data/audio_clean/wav/1213.wav,Safety,informal,person_overboard,p376
1214,/content/drive/MyDrive/SeaAlert/data/audio_clean/wav/1214.wav,Safety,informal,medical_issue,p243
1215,/content/drive/MyDrive/SeaAlert/data/audio_clean/wav/1215.wav,Urgency,formal,collision,p345
1216,/content/drive/MyDrive/SeaAlert/data/audio_clean/wav/1216.wav,Safety,informal,cargo_shift,p317
1217,/content/drive/MyDrive/SeaAlert/data/audio_clean/wav/1217.wav,Routine,third_party,water_ingress,p259
1218,/content/drive/MyDrive/SeaAlert/data/audio_clean/wav/1218.wav,Distress,informal,cargo_shift,p231
1219,/content/drive/MyDrive/SeaAlert/data/audio_clean/wav/1219.wav,Routine,formal,medical_issue,p265
1220,/content/drive/MyDrive/SeaAlert/data/audio_clean/wav/1220.wav,Urgency,third_party,water_ingress,p374
1221,/content/drive/MyDrive/SeaAlert/data/audio_clean/wav/1221.wav,Urgency,informal,cargo_shift,p313
1222,/content/drive/MyDrive/SeaAlert/data/audio_clean/wav/1222.wav,Routine,formal,water_ingress,p267
1223,/content/drive/MyDrive/SeaAlert/data/audio_clean/wav/1223.wav,Safety,formal,medical_issue,p266
1224,/content/drive/MyDrive/SeaAlert/data/audio_clean/wav/1224.wav,Safety,third_party,nav_hazard,p347
1225,/content/drive/MyDrive/SeaAlert/data/audio_clean/wav/1225.wav,Safety,informal,water_ingress,p229
1226,/content/drive/MyDrive/SeaAlert/data/audio_clean/wav/1226.wav,Safety,formal,nav_hazard,p277
1227,/content/drive/MyDrive/SeaAlert/data/audio_clean/wav/1227.wav,Safety,formal,tow_request,p251
1228,/content/drive/MyDrive/SeaAlert/data/audio_clean/wav/1228.wav,Urgency,third_party,tow_request,p292
1229,/content/drive/MyDrive/SeaAlert/data/audio_clean/wav/1229.wav,Urgency,formal,radio_check,p341
1230,/content/drive/MyDrive/SeaAlert/data/audio_clean/wav/1230.wav,Routine,third_party,steering_failure,p284
1231,/content/drive/MyDrive/SeaAlert/data/audio_clean/wav/1231.wav,Safety,informal,steering_failure,p281
1232,/content/drive/MyDrive/SeaAlert/data/audio_clean/wav/1232.wav,Routine,formal,engine_failure,p284
1233,/content/drive/MyDrive/SeaAlert/data/audio_clean/wav/1233.wav,Safety,third_party,medical_issue,p376
1234,/content/drive/MyDrive/SeaAlert/data/audio_clean/wav/1234.wav,Safety,third_party,nav_hazard,p299
1235,/content/drive/MyDrive/SeaAlert/data/audio_clean/wav/1235.wav,Urgency,formal,engine_failure,p347
1236,/content/drive/MyDrive/SeaAlert/data/audio_clean/wav/1236.wav,Safety,informal,radio_check,p258
1237,/content/drive/MyDrive/SeaAlert/data/audio_clean/wav/1237.wav,Routine,informal,radio_check,p278
1238,/content/drive/MyDrive/SeaAlert/data/audio_clean/wav/1238.wav,Urgency,formal,engine_failure,p247
1239,/content/drive/MyDrive/SeaAlert/data/audio_clean/wav/1239.wav,Routine,third_party,tow_request,p246
1240,/content/drive/MyDrive/SeaAlert/data/audio_clean/wav/1240.wav,Distress,formal,fire_smoke,p299
1241,/content/drive/MyDrive/SeaAlert/data/audio_clean/wav/1241.wav,Safety,third_party,water_ingress,p299
1242,/content/drive/MyDrive/SeaAlert/data/audio_clean/wav/1242.wav,Distress,informal,engine_failure,p227
1243,/content/drive/MyDrive/SeaAlert/data/audio_clean/wav/1243.wav,Distress,formal,nav_hazard,p335
1244,/content/drive/MyDrive/SeaAlert/data/audio_clean/wav/1244.wav,Distress,third_party,engine_failure,p304
1245,/content/drive/MyDrive/SeaAlert/data/audio_clean/wav/1245.wav,Urgency,third_party,collision,p287
1246,/content/drive/MyDrive/SeaAlert/data/audio_clean/wav/1246.wav,Safety,third_party,tow_request,p287
1247,/content/drive/MyDrive/SeaAlert/data/audio_clean/wav/1247.wav,Safety,formal,collision,p335
1248,/content/drive/MyDrive/SeaAlert/data/audio_clean/wav/1248.wav,Distress,informal,engine_failure,p336
1249,/content/drive/MyDrive/SeaAlert/data/audio_clean/wav/1249.wav,Urgency,informal,radio_check,p249
1250,/content/drive/MyDrive/SeaAlert/data/audio_clean/wav/1250.wav,Distress,informal,tow_request,p280
1251,/content/drive/MyDrive/SeaAlert/data/audio_clean/wav/1251.wav,Distress,informal,radio_check,p232
1252,/content/drive/MyDrive/SeaAlert/data/audio_clean/wav/1252.wav,Routine,informal,fire_smoke,p226
1253,/content/drive/MyDrive/SeaAlert/data/audio_clean/wav/1253.wav,Distress,third_party,steering_failure,p256
1254,/content/drive/MyDrive/SeaAlert/data/audio_clean/wav/1254.wav,Urgency,formal,tow_request,p265
1255,/content/drive/MyDrive/SeaAlert/data/audio_clean/wav/1255.wav,Urgency,third_party,water_ingress,p347
1256,/content/drive/MyDrive/SeaAlert/data/audio_clean/wav/1256.wav,Distress,informal,radio_check,p261
1257,/content/drive/MyDrive/SeaAlert/data/audio_clean/wav/1257.wav,Urgency,third_party,fire_smoke,p249
1258,/content/drive/MyDrive/SeaAlert/data/audio_clean/wav/1258.wav,Routine,informal,medical_issue,p336
1259,/content/drive/MyDrive/SeaAlert/data/audio_clean/wav/1259.wav,Distress,third_party,radio_check,p229
1260,/content/drive/MyDrive/SeaAlert/data/audio_clean/wav/1260.wav,Routine,informal,engine_failure,p294
1261,/content/drive/MyDrive/SeaAlert/data/audio_clean/wav/1261.wav,Routine,informal,fire_smoke,p314
1262,/content/drive/MyDrive/SeaAlert/data/audio_clean/wav/1262.wav,Safety,formal,grounding,p333
1263,/content/drive/MyDrive/SeaAlert/data/audio_clean/wav/1263.wav,Safety,third_party,grounding,p304
1264,/content/drive/MyDrive/SeaAlert/data/audio_clean/wav/1264.wav,Safety,formal,grounding,p227
1265,/content/drive/MyDrive/SeaAlert/data/audio_clean/wav/1265.wav,Safety,third_party,water_ingress,p308
1266,/content/drive/MyDrive/SeaAlert/data/audio_clean/wav/1266.wav,Safety,third_party,grounding,p229
1267,/content/drive/MyDrive/SeaAlert/data/audio_clean/wav/1267.wav,Urgency,informal,engine_failure,p335
1268,/content/drive/MyDrive/SeaAlert/data/audio_clean/wav/1268.wav,Distress,informal,medical_issue,p351
1269,/content/drive/MyDrive/SeaAlert/data/audio_clean/wav/1269.wav,Urgency,informal,collision,p276
1270,/content/drive/MyDrive/SeaAlert/data/audio_clean/wav/1270.wav,Urgency,informal,fire_smoke,p287
1271,/content/drive/MyDrive/SeaAlert/data/audio_clean/wav/1271.wav,Routine,third_party,fire_smoke,p282
1272,/content/drive/MyDrive/SeaAlert/data/audio_clean/wav/1272.wav,Safety,informal,cargo_shift,p294
1273,/content/drive/MyDrive/SeaAlert/data/audio_clean/wav/1273.wav,Urgency,third_party,radio_check,p308
1274,/content/drive/MyDrive/SeaAlert/data/audio_clean/wav/1274.wav,Urgency,third_party,nav_hazard,p304
1275,/content/drive/MyDrive/SeaAlert/data/audio_clean/wav/1275.wav,Distress,third_party,radio_check,p231
1276,/content/drive/MyDrive/SeaAlert/data/audio_clean/wav/1276.wav,Urgency,third_party,nav_hazard,p251
1277,/content/drive/MyDrive/SeaAlert/data/audio_clean/wav/1277.wav,Distress,informal,medical_issue,p276
1278,/content/drive/MyDrive/SeaAlert/data/audio_clean/wav/1278.wav,Distress,formal,grounding,p270
1279,/content/drive/MyDrive/SeaAlert/data/audio_clean/wav/1279.wav,Safety,third_party,radio_check,p269
1280,/content/drive/MyDrive/SeaAlert/data/audio_clean/wav/1280.wav,Urgency,informal,engine_failure,p228
1281,/content/drive/MyDrive/SeaAlert/data/audio_clean/wav/1281.wav,Safety,informal,radio_check,p299
1282,/content/drive/MyDrive/SeaAlert/data/audio_clean/wav/1282.wav,Safety,informal,radio_check,p251
1283,/content/drive/MyDrive/SeaAlert/data/audio_clean/wav/1283.wav,Safety,third_party,person_overboard,p297
1284,/content/drive/MyDrive/SeaAlert/data/audio_clean/wav/1284.wav,Distress,third_party,fire_smoke,p244
1285,/content/drive/MyDrive/SeaAlert/data/audio_clean/wav/1285.wav,Safety,third_party,steering_failure,p314
1286,/content/drive/MyDrive/SeaAlert/data/audio_clean/wav/1286.wav,Urgency,third_party,nav_hazard,p340
1287,/content/drive/MyDrive/SeaAlert/data/audio_clean/wav/1287.wav,Routine,informal,radio_check,p245
1288,/content/drive/MyDrive/SeaAlert/data/audio_clean/wav/1288.wav,Distress,formal,steering_failure,p236
1289,/content/drive/MyDrive/SeaAlert/data/audio_clean/wav/1289.wav,Safety,informal,water_ingress,p272
1290,/content/drive/MyDrive/SeaAlert/data/audio_clean/wav/1290.wav,Safety,formal,steering_failure,"ED
"
1291,/content/drive/MyDrive/SeaAlert/data/audio_clean/wav/1291.wav,Routine,formal,medical_issue,p329
1292,/content/drive/MyDrive/SeaAlert/data/audio_clean/wav/1292.wav,Safety,informal,collision,p238
1293,/content/drive/MyDrive/SeaAlert/data/audio_clean/wav/1293.wav,Safety,informal,cargo_shift,p292
1294,/content/drive/MyDrive/SeaAlert/data/audio_clean/wav/1294.wav,Urgency,third_party,nav_hazard,p263
1295,/content/drive/MyDrive/SeaAlert/data/audio_clean/wav/1295.wav,Urgency,informal,tow_request,p262
1296,/content/drive/MyDrive/SeaAlert/data/audio_clean/wav/1296.wav,Routine,third_party,tow_request,p234
1297,/content/drive/MyDrive/SeaAlert/data/audio_clean/wav/1297.wav,Routine,third_party,collision,p345
1298,/content/drive/MyDrive/SeaAlert/data/audio_clean/wav/1298.wav,Safety,informal,tow_request,p306
1299,/content/drive/MyDrive/SeaAlert/data/audio_clean/wav/1299.wav,Routine,third_party,cargo_shift,p364
1300,/content/drive/MyDrive/SeaAlert/data/audio_clean/wav/1300.wav,Distress,third_party,tow_request,p226
1301,/content/drive/MyDrive/SeaAlert/data/audio_clean/wav/1301.wav,Urgency,informal,cargo_shift,p258
1302,/content/drive/MyDrive/SeaAlert/data/audio_clean/wav/1302.wav,Routine,third_party,medical_issue,p229
1303,/content/drive/MyDrive/SeaAlert/data/audio_clean/wav/1303.wav,Urgency,informal,medical_issue,p275
1304,/content/drive/MyDrive/SeaAlert/data/audio_clean/wav/1304.wav,Safety,third_party,tow_request,p233
1305,/content/drive/MyDrive/SeaAlert/data/audio_clean/wav/1305.wav,Distress,informal,engine_failure,p228
1306,/content/drive/MyDrive/SeaAlert/data/audio_clean/wav/1306.wav,Routine,third_party,cargo_shift,p248
1307,/content/drive/MyDrive/SeaAlert/data/audio_clean/wav/1307.wav,Routine,formal,nav_hazard,p233
1308,/content/drive/MyDrive/SeaAlert/data/audio_clean/wav/1308.wav,Distress,third_party,nav_hazard,p269
1309,/content/drive/MyDrive/SeaAlert/data/audio_clean/wav/1309.wav,Urgency,third_party,tow_request,p225
1310,/content/drive/MyDrive/SeaAlert/data/audio_clean/wav/1310.wav,Urgency,third_party,person_overboard,p237
1311,/content/drive/MyDrive/SeaAlert/data/audio_clean/wav/1311.wav,Safety,third_party,cargo_shift,p265
1312,/content/drive/MyDrive/SeaAlert/data/audio_clean/wav/1312.wav,Urgency,third_party,fire_smoke,p225
1313,/content/drive/MyDrive/SeaAlert/data/audio_clean/wav/1313.wav,Routine,informal,radio_check,p314
1314,/content/drive/MyDrive/SeaAlert/data/audio_clean/wav/1314.wav,Safety,third_party,cargo_shift,p293
1315,/content/drive/MyDrive/SeaAlert/data/audio_clean/wav/1315.wav,Routine,formal,water_ingress,p288
1316,/content/drive/MyDrive/SeaAlert/data/audio_clean/wav/1316.wav,Urgency,formal,cargo_shift,p347
1317,/content/drive/MyDrive/SeaAlert/data/audio_clean/wav/1317.wav,Distress,formal,medical_issue,p302
1318,/content/drive/MyDrive/SeaAlert/data/audio_clean/wav/1318.wav,Safety,third_party,person_overboard,p241
1319,/content/drive/MyDrive/SeaAlert/data/audio_clean/wav/1319.wav,Routine,informal,nav_hazard,p232
1320,/content/drive/MyDrive/SeaAlert/data/audio_clean/wav/1320.wav,Urgency,third_party,tow_request,p304
1321,/content/drive/MyDrive/SeaAlert/data/audio_clean/wav/1321.wav,Distress,third_party,radio_check,p239
1322,/content/drive/MyDrive/SeaAlert/data/audio_clean/wav/1322.wav,Distress,third_party,nav_hazard,p249
1323,/content/drive/MyDrive/SeaAlert/data/audio_clean/wav/1323.wav,Urgency,formal,water_ingress,p263
1324,/content/drive/MyDrive/SeaAlert/data/audio_clean/wav/1324.wav,Routine,informal,steering_failure,p260
1325,/content/drive/MyDrive/SeaAlert/data/audio_clean/wav/1325.wav,Routine,formal,medical_issue,p335
1326,/content/drive/MyDrive/SeaAlert/data/audio_clean/wav/1326.wav,Safety,informal,engine_failure,p336
1327,/content/drive/MyDrive/SeaAlert/data/audio_clean/wav/1327.wav,Safety,informal,fire_smoke,p274
1328,/content/drive/MyDrive/SeaAlert/data/audio_clean/wav/1328.wav,Distress,third_party,person_overboard,p298
1329,/content/drive/MyDrive/SeaAlert/data/audio_clean/wav/1329.wav,Urgency,third_party,engine_failure,p287
1330,/content/drive/MyDrive/SeaAlert/data/audio_clean/wav/1330.wav,Urgency,informal,radio_check,p285
1331,/content/drive/MyDrive/SeaAlert/data/audio_clean/wav/1331.wav,Distress,third_party,water_ingress,p374
1332,/content/drive/MyDrive/SeaAlert/data/audio_clean/wav/1332.wav,Urgency,third_party,radio_check,p275
1333,/content/drive/MyDrive/SeaAlert/data/audio_clean/wav/1333.wav,Distress,informal,engine_failure,p307
1334,/content/drive/MyDrive/SeaAlert/data/audio_clean/wav/1334.wav,Distress,informal,grounding,p304
1335,/content/drive/MyDrive/SeaAlert/data/audio_clean/wav/1335.wav,Routine,formal,engine_failure,p232
1336,/content/drive/MyDrive/SeaAlert/data/audio_clean/wav/1336.wav,Safety,third_party,engine_failure,p259
1337,/content/drive/MyDrive/SeaAlert/data/audio_clean/wav/1337.wav,Urgency,informal,nav_hazard,p305
1338,/content/drive/MyDrive/SeaAlert/data/audio_clean/wav/1338.wav,Safety,informal,radio_check,p343
1339,/content/drive/MyDrive/SeaAlert/data/audio_clean/wav/1339.wav,Safety,third_party,grounding,p260
1340,/content/drive/MyDrive/SeaAlert/data/audio_clean/wav/1340.wav,Distress,formal,grounding,"ED
"
1341,/content/drive/MyDrive/SeaAlert/data/audio_clean/wav/1341.wav,Urgency,informal,water_ingress,p265
1342,/content/drive/MyDrive/SeaAlert/data/audio_clean/wav/1342.wav,Urgency,formal,medical_issue,p292
1343,/content/drive/MyDrive/SeaAlert/data/audio_clean/wav/1343.wav,Urgency,formal,fire_smoke,p247
1344,/content/drive/MyDrive/SeaAlert/data/audio_clean/wav/1344.wav,Safety,third_party,tow_request,p285
1345,/content/drive/MyDrive/SeaAlert/data/audio_clean/wav/1345.wav,Distress,third_party,water_ingress,p292
1346,/content/drive/MyDrive/SeaAlert/data/audio_clean/wav/1346.wav,Routine,third_party,radio_check,p334
1347,/content/drive/MyDrive/SeaAlert/data/audio_clean/wav/1347.wav,Routine,third_party,engine_failure,p301
1348,/content/drive/MyDrive/SeaAlert/data/audio_clean/wav/1348.wav,Safety,formal,cargo_shift,p234
1349,/content/drive/MyDrive/SeaAlert/data/audio_clean/wav/1349.wav,Safety,informal,nav_hazard,p362
1350,/content/drive/MyDrive/SeaAlert/data/audio_clean/wav/1350.wav,Distress,third_party,grounding,p347
1351,/content/drive/MyDrive/SeaAlert/data/audio_clean/wav/1351.wav,Routine,informal,medical_issue,p238
1352,/content/drive/MyDrive/SeaAlert/data/audio_clean/wav/1352.wav,Urgency,third_party,collision,p285
1353,/content/drive/MyDrive/SeaAlert/data/audio_clean/wav/1353.wav,Distress,informal,person_overboard,p255
1354,/content/drive/MyDrive/SeaAlert/data/audio_clean/wav/1354.wav,Safety,formal,person_overboard,p260
1355,/content/drive/MyDrive/SeaAlert/data/audio_clean/wav/1355.wav,Routine,third_party,collision,p316
1356,/content/drive/MyDrive/SeaAlert/data/audio_clean/wav/1356.wav,Urgency,formal,cargo_shift,p262
1357,/content/drive/MyDrive/SeaAlert/data/audio_clean/wav/1357.wav,Safety,third_party,tow_request,p228
1358,/content/drive/MyDrive/SeaAlert/data/audio_clean/wav/1358.wav,Safety,third_party,steering_failure,p313
1359,/content/drive/MyDrive/SeaAlert/data/audio_clean/wav/1359.wav,Safety,formal,cargo_shift,p307
1360,/content/drive/MyDrive/SeaAlert/data/audio_clean/wav/1360.wav,Routine,informal,water_ingress,p251
1361,/content/drive/MyDrive/SeaAlert/data/audio_clean/wav/1361.wav,Distress,informal,fire_smoke,p287
1362,/content/drive/MyDrive/SeaAlert/data/audio_clean/wav/1362.wav,Safety,formal,radio_check,p227
1363,/content/drive/MyDrive/SeaAlert/data/audio_clean/wav/1363.wav,Routine,formal,cargo_shift,p326
1364,/content/drive/MyDrive/SeaAlert/data/audio_clean/wav/1364.wav,Distress,third_party,steering_failure,p376
1365,/content/drive/MyDrive/SeaAlert/data/audio_clean/wav/1365.wav,Distress,third_party,medical_issue,p267
1366,/content/drive/MyDrive/SeaAlert/data/audio_clean/wav/1366.wav,Routine,third_party,fire_smoke,p326
1367,/content/drive/MyDrive/SeaAlert/data/audio_clean/wav/1367.wav,Urgency,third_party,person_overboard,p243
1368,/content/drive/MyDrive/SeaAlert/data/audio_clean/wav/1368.wav,Safety,formal,fire_smoke,p265
1369,/content/drive/MyDrive/SeaAlert/data/audio_clean/wav/1369.wav,Distress,informal,medical_issue,p301
1370,/content/drive/MyDrive/SeaAlert/data/audio_clean/wav/1370.wav,Safety,third_party,tow_request,p264
1371,/content/drive/MyDrive/SeaAlert/data/audio_clean/wav/1371.wav,Routine,formal,fire_smoke,p361
1372,/content/drive/MyDrive/SeaAlert/data/audio_clean/wav/1372.wav,Distress,informal,engine_failure,p238
1373,/content/drive/MyDrive/SeaAlert/data/audio_clean/wav/1373.wav,Distress,informal,cargo_shift,p257
1374,/content/drive/MyDrive/SeaAlert/data/audio_clean/wav/1374.wav,Urgency,third_party,cargo_shift,p276
1375,/content/drive/MyDrive/SeaAlert/data/audio_clean/wav/1375.wav,Distress,third_party,medical_issue,p263
1376,/content/drive/MyDrive/SeaAlert/data/audio_clean/wav/1376.wav,Safety,third_party,radio_check,p340
1377,/content/drive/MyDrive/SeaAlert/data/audio_clean/wav/1377.wav,Distress,third_party,engine_failure,p248
1378,/content/drive/MyDrive/SeaAlert/data/audio_clean/wav/1378.wav,Routine,formal,collision,p288
1379,/content/drive/MyDrive/SeaAlert/data/audio_clean/wav/1379.wav,Safety,informal,steering_failure,p239
1380,/content/drive/MyDrive/SeaAlert/data/audio_clean/wav/1380.wav,Urgency,informal,cargo_shift,p340
1381,/content/drive/MyDrive/SeaAlert/data/audio_clean/wav/1381.wav,Routine,formal,person_overboard,p250
1382,/content/drive/MyDrive/SeaAlert/data/audio_clean/wav/1382.wav,Urgency,informal,nav_hazard,p241
1383,/content/drive/MyDrive/SeaAlert/data/audio_clean/wav/1383.wav,Distress,third_party,tow_request,p340
1384,/content/drive/MyDrive/SeaAlert/data/audio_clean/wav/1384.wav,Routine,third_party,collision,p294
1385,/content/drive/MyDrive/SeaAlert/data/audio_clean/wav/1385.wav,Urgency,third_party,person_overboard,p307
1386,/content/drive/MyDrive/SeaAlert/data/audio_clean/wav/1386.wav,Routine,informal,cargo_shift,p278
1387,/content/drive/MyDrive/SeaAlert/data/audio_clean/wav/1387.wav,Distress,informal,radio_check,p361
1388,/content/drive/MyDrive/SeaAlert/data/audio_clean/wav/1388.wav,Routine,third_party,water_ingress,p361
1389,/content/drive/MyDrive/SeaAlert/data/audio_clean/wav/1389.wav,Urgency,informal,engine_failure,p276
1390,/content/drive/MyDrive/SeaAlert/data/audio_clean/wav/1390.wav,Routine,formal,tow_request,p264
1391,/content/drive/MyDrive/SeaAlert/data/audio_clean/wav/1391.wav,Distress,informal,tow_request,p276
1392,/content/drive/MyDrive/SeaAlert/data/audio_clean/wav/1392.wav,Distress,third_party,person_overboard,p299
1393,/content/drive/MyDrive/SeaAlert/data/audio_clean/wav/1393.wav,Routine,informal,tow_request,p229
1394,/content/drive/MyDrive/SeaAlert/data/audio_clean/wav/1394.wav,Urgency,formal,fire_smoke,p295
1395,/content/drive/MyDrive/SeaAlert/data/audio_clean/wav/1395.wav,Routine,third_party,collision,p230
1396,/content/drive/MyDrive/SeaAlert/data/audio_clean/wav/1396.wav,Urgency,formal,person_overboard,p276
1397,/content/drive/MyDrive/SeaAlert/data/audio_clean/wav/1397.wav,Distress,informal,tow_request,p301
1398,/content/drive/MyDrive/SeaAlert/data/audio_clean/wav/1398.wav,Safety,informal,nav_hazard,p267
1399,/content/drive/MyDrive/SeaAlert/data/audio_clean/wav/1399.wav,Safety,informal,engine_failure,p292
1400,/content/drive/MyDrive/SeaAlert/data/audio_clean/wav/1400.wav,Routine,formal,cargo_shift,p239
1401,/content/drive/MyDrive/SeaAlert/data/audio_clean/wav/1401.wav,Safety,informal,fire_smoke,p254
1402,/content/drive/MyDrive/SeaAlert/data/audio_clean/wav/1402.wav,Safety,third_party,fire_smoke,p258
1403,/content/drive/MyDrive/SeaAlert/data/audio_clean/wav/1403.wav,Routine,third_party,radio_check,p335
1404,/content/drive/MyDrive/SeaAlert/data/audio_clean/wav/1404.wav,Safety,third_party,grounding,p360
1405,/content/drive/MyDrive/SeaAlert/data/audio_clean/wav/1405.wav,Safety,third_party,medical_issue,p252
1406,/content/drive/MyDrive/SeaAlert/data/audio_clean/wav/1406.wav,Routine,informal,nav_hazard,p261
1407,/content/drive/MyDrive/SeaAlert/data/audio_clean/wav/1407.wav,Routine,third_party,person_overboard,p254
1408,/content/drive/MyDrive/SeaAlert/data/audio_clean/wav/1408.wav,Routine,informal,engine_failure,p263
1409,/content/drive/MyDrive/SeaAlert/data/audio_clean/wav/1409.wav,Routine,informal,nav_hazard,p282
1410,/content/drive/MyDrive/SeaAlert/data/audio_clean/wav/1410.wav,Urgency,formal,engine_failure,p340
1411,/content/drive/MyDrive/SeaAlert/data/audio_clean/wav/1411.wav,Urgency,informal,water_ingress,p347
1412,/content/drive/MyDrive/SeaAlert/data/audio_clean/wav/1412.wav,Distress,informal,tow_request,p252
1413,/content/drive/MyDrive/SeaAlert/data/audio_clean/wav/1413.wav,Distress,informal,fire_smoke,p280
1414,/content/drive/MyDrive/SeaAlert/data/audio_clean/wav/1414.wav,Urgency,formal,engine_failure,p258
1415,/content/drive/MyDrive/SeaAlert/data/audio_clean/wav/1415.wav,Safety,informal,tow_request,p297
1416,/content/drive/MyDrive/SeaAlert/data/audio_clean/wav/1416.wav,Distress,formal,collision,p317
1417,/content/drive/MyDrive/SeaAlert/data/audio_clean/wav/1417.wav,Urgency,third_party,collision,p294
1418,/content/drive/MyDrive/SeaAlert/data/audio_clean/wav/1418.wav,Urgency,formal,water_ingress,p233
1419,/content/drive/MyDrive/SeaAlert/data/audio_clean/wav/1419.wav,Safety,third_party,engine_failure,p228
1420,/content/drive/MyDrive/SeaAlert/data/audio_clean/wav/1420.wav,Routine,third_party,steering_failure,p303
1421,/content/drive/MyDrive/SeaAlert/data/audio_clean/wav/1421.wav,Routine,formal,steering_failure,p340
1422,/content/drive/MyDrive/SeaAlert/data/audio_clean/wav/1422.wav,Safety,third_party,medical_issue,p263
1423,/content/drive/MyDrive/SeaAlert/data/audio_clean/wav/1423.wav,Distress,informal,water_ingress,p237
1424,/content/drive/MyDrive/SeaAlert/data/audio_clean/wav/1424.wav,Routine,third_party,water_ingress,p256
1425,/content/drive/MyDrive/SeaAlert/data/audio_clean/wav/1425.wav,Safety,informal,steering_failure,p272
1426,/content/drive/MyDrive/SeaAlert/data/audio_clean/wav/1426.wav,Distress,formal,radio_check,p345
1427,/content/drive/MyDrive/SeaAlert/data/audio_clean/wav/1427.wav,Routine,informal,person_overboard,p376
1428,/content/drive/MyDrive/SeaAlert/data/audio_clean/wav/1428.wav,Routine,third_party,water_ingress,p323
1429,/content/drive/MyDrive/SeaAlert/data/audio_clean/wav/1429.wav,Routine,formal,engine_failure,p277
1430,/content/drive/MyDrive/SeaAlert/data/audio_clean/wav/1430.wav,Urgency,informal,person_overboard,p281
1431,/content/drive/MyDrive/SeaAlert/data/audio_clean/wav/1431.wav,Distress,informal,collision,p239
1432,/content/drive/MyDrive/SeaAlert/data/audio_clean/wav/1432.wav,Routine,formal,grounding,p254
1433,/content/drive/MyDrive/SeaAlert/data/audio_clean/wav/1433.wav,Urgency,third_party,nav_hazard,p231
1434,/content/drive/MyDrive/SeaAlert/data/audio_clean/wav/1434.wav,Urgency,third_party,engine_failure,p228
1435,/content/drive/MyDrive/SeaAlert/data/audio_clean/wav/1435.wav,Routine,formal,tow_request,p254
1436,/content/drive/MyDrive/SeaAlert/data/audio_clean/wav/1436.wav,Distress,informal,cargo_shift,p272
1437,/content/drive/MyDrive/SeaAlert/data/audio_clean/wav/1437.wav,Safety,formal,nav_hazard,p297
1438,/content/drive/MyDrive/SeaAlert/data/audio_clean/wav/1438.wav,Safety,third_party,cargo_shift,p305
1439,/content/drive/MyDrive/SeaAlert/data/audio_clean/wav/1439.wav,Urgency,formal,radio_check,p270
1440,/content/drive/MyDrive/SeaAlert/data/audio_clean/wav/1440.wav,Safety,third_party,nav_hazard,p225
1441,/content/drive/MyDrive/SeaAlert/data/audio_clean/wav/1441.wav,Distress,formal,collision,p252
1442,/content/drive/MyDrive/SeaAlert/data/audio_clean/wav/1442.wav,Routine,informal,engine_failure,p336
1443,/content/drive/MyDrive/SeaAlert/data/audio_clean/wav/1443.wav,Safety,informal,cargo_shift,p261
1444,/content/drive/MyDrive/SeaAlert/data/audio_clean/wav/1444.wav,Distress,third_party,engine_failure,p261
1445,/content/drive/MyDrive/SeaAlert/data/audio_clean/wav/1445.wav,Distress,third_party,radio_check,p251
1446,/content/drive/MyDrive/SeaAlert/data/audio_clean/wav/1446.wav,Urgency,formal,grounding,p268
1447,/content/drive/MyDrive/SeaAlert/data/audio_clean/wav/1447.wav,Safety,informal,collision,p252
1448,/content/drive/MyDrive/SeaAlert/data/audio_clean/wav/1448.wav,Safety,third_party,collision,p298
1449,/content/drive/MyDrive/SeaAlert/data/audio_clean/wav/1449.wav,Routine,informal,grounding,p245
1450,/content/drive/MyDrive/SeaAlert/data/audio_clean/wav/1450.wav,Urgency,third_party,steering_failure,p234
1451,/content/drive/MyDrive/SeaAlert/data/audio_clean/wav/1451.wav,Urgency,third_party,engine_failure,p303
1452,/content/drive/MyDrive/SeaAlert/data/audio_clean/wav/1452.wav,Safety,third_party,person_overboard,p361
1453,/content/drive/MyDrive/SeaAlert/data/audio_clean/wav/1453.wav,Safety,third_party,fire_smoke,p263
1454,/content/drive/MyDrive/SeaAlert/data/audio_clean/wav/1454.wav,Distress,informal,radio_check,p229
1455,/content/drive/MyDrive/SeaAlert/data/audio_clean/wav/1455.wav,Distress,formal,nav_hazard,p301
1456,/content/drive/MyDrive/SeaAlert/data/audio_clean/wav/1456.wav,Distress,informal,cargo_shift,p248
1457,/content/drive/MyDrive/SeaAlert/data/audio_clean/wav/1457.wav,Urgency,formal,person_overboard,p272
1458,/content/drive/MyDrive/SeaAlert/data/audio_clean/wav/1458.wav,Urgency,informal,nav_hazard,p329
1459,/content/drive/MyDrive/SeaAlert/data/audio_clean/wav/1459.wav,Routine,informal,radio_check,p271
1460,/content/drive/MyDrive/SeaAlert/data/audio_clean/wav/1460.wav,Routine,informal,cargo_shift,p364
1461,/content/drive/MyDrive/SeaAlert/data/audio_clean/wav/1461.wav,Urgency,third_party,tow_request,p236
1462,/content/drive/MyDrive/SeaAlert/data/audio_clean/wav/1462.wav,Safety,third_party,collision,p329
1463,/content/drive/MyDrive/SeaAlert/data/audio_clean/wav/1463.wav,Safety,formal,person_overboard,p237
1464,/content/drive/MyDrive/SeaAlert/data/audio_clean/wav/1464.wav,Urgency,formal,medical_issue,p361
1465,/content/drive/MyDrive/SeaAlert/data/audio_clean/wav/1465.wav,Distress,informal,nav_hazard,p287
1466,/content/drive/MyDrive/SeaAlert/data/audio_clean/wav/1466.wav,Urgency,formal,water_ingress,p312
1467,/content/drive/MyDrive/SeaAlert/data/audio_clean/wav/1467.wav,Distress,formal,fire_smoke,p326
1468,/content/drive/MyDrive/SeaAlert/data/audio_clean/wav/1468.wav,Routine,third_party,person_overboard,p340
1469,/content/drive/MyDrive/SeaAlert/data/audio_clean/wav/1469.wav,Routine,formal,steering_failure,p361
1470,/content/drive/MyDrive/SeaAlert/data/audio_clean/wav/1470.wav,Routine,informal,medical_issue,p285
1471,/content/drive/MyDrive/SeaAlert/data/audio_clean/wav/1471.wav,Distress,third_party,cargo_shift,p268
1472,/content/drive/MyDrive/SeaAlert/data/audio_clean/wav/1472.wav,Safety,informal,collision,p305
1473,/content/drive/MyDrive/SeaAlert/data/audio_clean/wav/1473.wav,Urgency,informal,tow_request,p374
1474,/content/drive/MyDrive/SeaAlert/data/audio_clean/wav/1474.wav,Safety,formal,grounding,p345
1475,/content/drive/MyDrive/SeaAlert/data/audio_clean/wav/1475.wav,Routine,formal,cargo_shift,p297
1476,/content/drive/MyDrive/SeaAlert/data/audio_clean/wav/1476.wav,Distress,formal,collision,p228
1477,/content/drive/MyDrive/SeaAlert/data/audio_clean/wav/1477.wav,Safety,formal,cargo_shift,p262
1478,/content/drive/MyDrive/SeaAlert/data/audio_clean/wav/1478.wav,Distress,third_party,collision,p301
1479,/content/drive/MyDrive/SeaAlert/data/audio_clean/wav/1479.wav,Safety,informal,engine_failure,p363
1480,/content/drive/MyDrive/SeaAlert/data/audio_clean/wav/1480.wav,Safety,third_party,steering_failure,p333
1481,/content/drive/MyDrive/SeaAlert/data/audio_clean/wav/1481.wav,Routine,informal,medical_issue,p256
1482,/content/drive/MyDrive/SeaAlert/data/audio_clean/wav/1482.wav,Urgency,formal,tow_request,p232
1483,/content/drive/MyDrive/SeaAlert/data/audio_clean/wav/1483.wav,Distress,third_party,engine_failure,p276
1484,/content/drive/MyDrive/SeaAlert/data/audio_clean/wav/1484.wav,Urgency,informal,medical_issue,p254
1485,/content/drive/MyDrive/SeaAlert/data/audio_clean/wav/1485.wav,Distress,informal,engine_failure,p307
1486,/content/drive/MyDrive/SeaAlert/data/audio_clean/wav/1486.wav,Routine,informal,cargo_shift,p265
1487,/content/drive/MyDrive/SeaAlert/data/audio_clean/wav/1487.wav,Routine,formal,medical_issue,p266
1488,/content/drive/MyDrive/SeaAlert/data/audio_clean/wav/1488.wav,Distress,formal,cargo_shift,p317
1489,/content/drive/MyDrive/SeaAlert/data/audio_clean/wav/1489.wav,Distress,third_party,medical_issue,p234
1490,/content/drive/MyDrive/SeaAlert/data/audio_clean/wav/1490.wav,Urgency,third_party,medical_issue,p248
1491,/content/drive/MyDrive/SeaAlert/data/audio_clean/wav/1491.wav,Urgency,informal,nav_hazard,"ED
"
1492,/content/drive/MyDrive/SeaAlert/data/audio_clean/wav/1492.wav,Routine,third_party,water_ingress,p271
1493,/content/drive/MyDrive/SeaAlert/data/audio_clean/wav/1493.wav,Routine,formal,steering_failure,p347
1494,/content/drive/MyDrive/SeaAlert/data/audio_clean/wav/1494.wav,Urgency,informal,steering_failure,p246
1495,/content/drive/MyDrive/SeaAlert/data/audio_clean/wav/1495.wav,Urgency,third_party,water_ingress,p329
1496,/content/drive/MyDrive/SeaAlert/data/audio_clean/wav/1496.wav,Routine,third_party,grounding,p261
1497,/content/drive/MyDrive/SeaAlert/data/audio_clean/wav/1497.wav,Safety,formal,engine_failure,p279
1498,/content/drive/MyDrive/SeaAlert/data/audio_clean/wav/1498.wav,Safety,third_party,engine_failure,p318
1499,/content/drive/MyDrive/SeaAlert/data/audio_clean/wav/1499.wav,Urgency,third_party,steering_failure,p282
1500,/content/drive/MyDrive/SeaAlert/data/audio_clean/wav/1500.wav,Distress,formal,person_overboard,"ED
"
1501,/content/drive/MyDrive/SeaAlert/data/audio_clean/wav/1501.wav,Routine,formal,tow_request,p288
1502,/content/drive/MyDrive/SeaAlert/data/audio_clean/wav/1502.wav,Safety,third_party,radio_check,p279
1503,/content/drive/MyDrive/SeaAlert/data/audio_clean/wav/1503.wav,Urgency,third_party,medical_issue,p280
1504,/content/drive/MyDrive/SeaAlert/data/audio_clean/wav/1504.wav,Safety,informal,grounding,p265
1505,/content/drive/MyDrive/SeaAlert/data/audio_clean/wav/1505.wav,Safety,formal,collision,p239
1506,/content/drive/MyDrive/SeaAlert/data/audio_clean/wav/1506.wav,Safety,informal,nav_hazard,p246
1507,/content/drive/MyDrive/SeaAlert/data/audio_clean/wav/1507.wav,Routine,informal,grounding,p272
1508,/content/drive/MyDrive/SeaAlert/data/audio_clean/wav/1508.wav,Safety,third_party,cargo_shift,p302
1509,/content/drive/MyDrive/SeaAlert/data/audio_clean/wav/1509.wav,Safety,informal,nav_hazard,p278
1510,/content/drive/MyDrive/SeaAlert/data/audio_clean/wav/1510.wav,Urgency,formal,cargo_shift,p232
1511,/content/drive/MyDrive/SeaAlert/data/audio_clean/wav/1511.wav,Urgency,third_party,tow_request,p303
1512,/content/drive/MyDrive/SeaAlert/data/audio_clean/wav/1512.wav,Urgency,informal,steering_failure,p277
1513,/content/drive/MyDrive/SeaAlert/data/audio_clean/wav/1513.wav,Distress,formal,tow_request,p282
1514,/content/drive/MyDrive/SeaAlert/data/audio_clean/wav/1514.wav,Urgency,formal,collision,p251
1515,/content/drive/MyDrive/SeaAlert/data/audio_clean/wav/1515.wav,Distress,informal,nav_hazard,p266
1516,/content/drive/MyDrive/SeaAlert/data/audio_clean/wav/1516.wav,Routine,third_party,engine_failure,p260
1517,/content/drive/MyDrive/SeaAlert/data/audio_clean/wav/1517.wav,Distress,formal,collision,p288
1518,/content/drive/MyDrive/SeaAlert/data/audio_clean/wav/1518.wav,Routine,informal,cargo_shift,p250
1519,/content/drive/MyDrive/SeaAlert/data/audio_clean/wav/1519.wav,Distress,third_party,fire_smoke,p329
1520,/content/drive/MyDrive/SeaAlert/data/audio_clean/wav/1520.wav,Urgency,third_party,steering_failure,p304
1521,/content/drive/MyDrive/SeaAlert/data/audio_clean/wav/1521.wav,Routine,third_party,collision,p263
1522,/content/drive/MyDrive/SeaAlert/data/audio_clean/wav/1522.wav,Safety,formal,water_ingress,p225
1523,/content/drive/MyDrive/SeaAlert/data/audio_clean/wav/1523.wav,Distress,formal,nav_hazard,p230
1524,/content/drive/MyDrive/SeaAlert/data/audio_clean/wav/1524.wav,Routine,informal,medical_issue,p312
1525,/content/drive/MyDrive/SeaAlert/data/audio_clean/wav/1525.wav,Urgency,third_party,medical_issue,p330
1526,/content/drive/MyDrive/SeaAlert/data/audio_clean/wav/1526.wav,Distress,informal,collision,p259
1527,/content/drive/MyDrive/SeaAlert/data/audio_clean/wav/1527.wav,Urgency,formal,water_ingress,p330
1528,/content/drive/MyDrive/SeaAlert/data/audio_clean/wav/1528.wav,Urgency,third_party,steering_failure,p241
1529,/content/drive/MyDrive/SeaAlert/data/audio_clean/wav/1529.wav,Routine,informal,steering_failure,p268
1530,/content/drive/MyDrive/SeaAlert/data/audio_clean/wav/1530.wav,Routine,third_party,engine_failure,p284
1531,/content/drive/MyDrive/SeaAlert/data/audio_clean/wav/1531.wav,Safety,formal,collision,p374
1532,/content/drive/MyDrive/SeaAlert/data/audio_clean/wav/1532.wav,Routine,formal,nav_hazard,p276
1533,/content/drive/MyDrive/SeaAlert/data/audio_clean/wav/1533.wav,Urgency,informal,grounding,p279
1534,/content/drive/MyDrive/SeaAlert/data/audio_clean/wav/1534.wav,Distress,informal,collision,p249
1535,/content/drive/MyDrive/SeaAlert/data/audio_clean/wav/1535.wav,Safety,third_party,water_ingress,p250
1536,/content/drive/MyDrive/SeaAlert/data/audio_clean/wav/1536.wav,Urgency,informal,grounding,p300
1537,/content/drive/MyDrive/SeaAlert/data/audio_clean/wav/1537.wav,Routine,formal,fire_smoke,p277
1538,/content/drive/MyDrive/SeaAlert/data/audio_clean/wav/1538.wav,Distress,third_party,grounding,p299
1539,/content/drive/MyDrive/SeaAlert/data/audio_clean/wav/1539.wav,Urgency,formal,radio_check,p323
1540,/content/drive/MyDrive/SeaAlert/data/audio_clean/wav/1540.wav,Routine,informal,fire_smoke,p258
1541,/content/drive/MyDrive/SeaAlert/data/audio_clean/wav/1541.wav,Urgency,formal,radio_check,p274
1542,/content/drive/MyDrive/SeaAlert/data/audio_clean/wav/1542.wav,Distress,formal,grounding,p254
1543,/content/drive/MyDrive/SeaAlert/data/audio_clean/wav/1543.wav,Safety,third_party,person_overboard,p288
1544,/content/drive/MyDrive/SeaAlert/data/audio_clean/wav/1544.wav,Safety,informal,person_overboard,p364
1545,/content/drive/MyDrive/SeaAlert/data/audio_clean/wav/1545.wav,Routine,informal,fire_smoke,p247
1546,/content/drive/MyDrive/SeaAlert/data/audio_clean/wav/1546.wav,Urgency,third_party,cargo_shift,p251
1547,/content/drive/MyDrive/SeaAlert/data/audio_clean/wav/1547.wav,Distress,third_party,engine_failure,p253
1548,/content/drive/MyDrive/SeaAlert/data/audio_clean/wav/1548.wav,Routine,informal,grounding,p316
1549,/content/drive/MyDrive/SeaAlert/data/audio_clean/wav/1549.wav,Safety,informal,grounding,p274
1550,/content/drive/MyDrive/SeaAlert/data/audio_clean/wav/1550.wav,Distress,formal,tow_request,p300
1551,/content/drive/MyDrive/SeaAlert/data/audio_clean/wav/1551.wav,Safety,third_party,engine_failure,p311
1552,/content/drive/MyDrive/SeaAlert/data/audio_clean/wav/1552.wav,Distress,formal,steering_failure,p314
1553,/content/drive/MyDrive/SeaAlert/data/audio_clean/wav/1553.wav,Distress,informal,water_ingress,p362
1554,/content/drive/MyDrive/SeaAlert/data/audio_clean/wav/1554.wav,Routine,third_party,tow_request,p274
1555,/content/drive/MyDrive/SeaAlert/data/audio_clean/wav/1555.wav,Urgency,formal,tow_request,p245
1556,/content/drive/MyDrive/SeaAlert/data/audio_clean/wav/1556.wav,Safety,third_party,medical_issue,p317
1557,/content/drive/MyDrive/SeaAlert/data/audio_clean/wav/1557.wav,Safety,formal,grounding,p333
1558,/content/drive/MyDrive/SeaAlert/data/audio_clean/wav/1558.wav,Distress,formal,cargo_shift,p288
1559,/content/drive/MyDrive/SeaAlert/data/audio_clean/wav/1559.wav,Safety,informal,grounding,p286
1560,/content/drive/MyDrive/SeaAlert/data/audio_clean/wav/1560.wav,Routine,formal,engine_failure,p361
1561,/content/drive/MyDrive/SeaAlert/data/audio_clean/wav/1561.wav,Safety,informal,water_ingress,p274
1562,/content/drive/MyDrive/SeaAlert/data/audio_clean/wav/1562.wav,Routine,informal,medical_issue,p300
1563,/content/drive/MyDrive/SeaAlert/data/audio_clean/wav/1563.wav,Safety,informal,engine_failure,"ED
"
1564,/content/drive/MyDrive/SeaAlert/data/audio_clean/wav/1564.wav,Routine,formal,radio_check,p339
1565,/content/drive/MyDrive/SeaAlert/data/audio_clean/wav/1565.wav,Routine,formal,radio_check,p237
1566,/content/drive/MyDrive/SeaAlert/data/audio_clean/wav/1566.wav,Urgency,formal,person_overboard,p335
1567,/content/drive/MyDrive/SeaAlert/data/audio_clean/wav/1567.wav,Urgency,informal,person_overboard,p318
1568,/content/drive/MyDrive/SeaAlert/data/audio_clean/wav/1568.wav,Routine,formal,radio_check,p276
1569,/content/drive/MyDrive/SeaAlert/data/audio_clean/wav/1569.wav,Urgency,informal,person_overboard,p281
1570,/content/drive/MyDrive/SeaAlert/data/audio_clean/wav/1570.wav,Urgency,informal,nav_hazard,p313
1571,/content/drive/MyDrive/SeaAlert/data/audio_clean/wav/1571.wav,Routine,informal,engine_failure,p287
1572,/content/drive/MyDrive/SeaAlert/data/audio_clean/wav/1572.wav,Safety,formal,tow_request,p257
1573,/content/drive/MyDrive/SeaAlert/data/audio_clean/wav/1573.wav,Safety,formal,engine_failure,p255
1574,/content/drive/MyDrive/SeaAlert/data/audio_clean/wav/1574.wav,Routine,formal,nav_hazard,p254
1575,/content/drive/MyDrive/SeaAlert/data/audio_clean/wav/1575.wav,Urgency,third_party,person_overboard,p274
1576,/content/drive/MyDrive/SeaAlert/data/audio_clean/wav/1576.wav,Routine,third_party,radio_check,p270
1577,/content/drive/MyDrive/SeaAlert/data/audio_clean/wav/1577.wav,Distress,informal,steering_failure,p334
1578,/content/drive/MyDrive/SeaAlert/data/audio_clean/wav/1578.wav,Routine,third_party,nav_hazard,p255
1579,/content/drive/MyDrive/SeaAlert/data/audio_clean/wav/1579.wav,Safety,informal,water_ingress,p240
1580,/content/drive/MyDrive/SeaAlert/data/audio_clean/wav/1580.wav,Distress,formal,steering_failure,p265
1581,/content/drive/MyDrive/SeaAlert/data/audio_clean/wav/1581.wav,Distress,informal,tow_request,p244
1582,/content/drive/MyDrive/SeaAlert/data/audio_clean/wav/1582.wav,Urgency,informal,cargo_shift,p243
1583,/content/drive/MyDrive/SeaAlert/data/audio_clean/wav/1583.wav,Distress,informal,person_overboard,"ED
"
1584,/content/drive/MyDrive/SeaAlert/data/audio_clean/wav/1584.wav,Routine,formal,cargo_shift,p307
1585,/content/drive/MyDrive/SeaAlert/data/audio_clean/wav/1585.wav,Routine,informal,person_overboard,p272
1586,/content/drive/MyDrive/SeaAlert/data/audio_clean/wav/1586.wav,Urgency,informal,engine_failure,p294
1587,/content/drive/MyDrive/SeaAlert/data/audio_clean/wav/1587.wav,Routine,third_party,engine_failure,p333
1588,/content/drive/MyDrive/SeaAlert/data/audio_clean/wav/1588.wav,Distress,third_party,collision,p335
1589,/content/drive/MyDrive/SeaAlert/data/audio_clean/wav/1589.wav,Safety,formal,engine_failure,p263
1590,/content/drive/MyDrive/SeaAlert/data/audio_clean/wav/1590.wav,Routine,formal,person_overboard,p276
1591,/content/drive/MyDrive/SeaAlert/data/audio_clean/wav/1591.wav,Safety,informal,person_overboard,p288
1592,/content/drive/MyDrive/SeaAlert/data/audio_clean/wav/1592.wav,Urgency,informal,steering_failure,p227
1593,/content/drive/MyDrive/SeaAlert/data/audio_clean/wav/1593.wav,Distress,third_party,water_ingress,"ED
"
1594,/content/drive/MyDrive/SeaAlert/data/audio_clean/wav/1594.wav,Routine,informal,water_ingress,p231
1595,/content/drive/MyDrive/SeaAlert/data/audio_clean/wav/1595.wav,Routine,informal,person_overboard,p254
1596,/content/drive/MyDrive/SeaAlert/data/audio_clean/wav/1596.wav,Routine,informal,nav_hazard,p280
1597,/content/drive/MyDrive/SeaAlert/data/audio_clean/wav/1597.wav,Safety,formal,tow_request,p360
1598,/content/drive/MyDrive/SeaAlert/data/audio_clean/wav/1598.wav,Routine,third_party,tow_request,p226
1599,/content/drive/MyDrive/SeaAlert/data/audio_clean/wav/1599.wav,Distress,third_party,person_overboard,p257
1600,/content/drive/MyDrive/SeaAlert/data/audio_clean/wav/1600.wav,Urgency,third_party,nav_hazard,p233
1601,/content/drive/MyDrive/SeaAlert/data/audio_clean/wav/1601.wav,Safety,informal,cargo_shift,p303
1602,/content/drive/MyDrive/SeaAlert/data/audio_clean/wav/1602.wav,Routine,formal,grounding,p313
1603,/content/drive/MyDrive/SeaAlert/data/audio_clean/wav/1603.wav,Routine,third_party,engine_failure,p259
1604,/content/drive/MyDrive/SeaAlert/data/audio_clean/wav/1604.wav,Safety,informal,steering_failure,p340
1605,/content/drive/MyDrive/SeaAlert/data/audio_clean/wav/1605.wav,Safety,third_party,fire_smoke,p318
1606,/content/drive/MyDrive/SeaAlert/data/audio_clean/wav/1606.wav,Urgency,third_party,nav_hazard,p280
1607,/content/drive/MyDrive/SeaAlert/data/audio_clean/wav/1607.wav,Urgency,third_party,tow_request,p333
1608,/content/drive/MyDrive/SeaAlert/data/audio_clean/wav/1608.wav,Safety,informal,engine_failure,p257
1609,/content/drive/MyDrive/SeaAlert/data/audio_clean/wav/1609.wav,Urgency,formal,fire_smoke,p275
1610,/content/drive/MyDrive/SeaAlert/data/audio_clean/wav/1610.wav,Urgency,formal,engine_failure,p230
1611,/content/drive/MyDrive/SeaAlert/data/audio_clean/wav/1611.wav,Distress,formal,engine_failure,p334
1612,/content/drive/MyDrive/SeaAlert/data/audio_clean/wav/1612.wav,Routine,informal,water_ingress,p231
1613,/content/drive/MyDrive/SeaAlert/data/audio_clean/wav/1613.wav,Urgency,informal,steering_failure,p293
1614,/content/drive/MyDrive/SeaAlert/data/audio_clean/wav/1614.wav,Urgency,informal,person_overboard,p282
1615,/content/drive/MyDrive/SeaAlert/data/audio_clean/wav/1615.wav,Distress,formal,collision,p295
1616,/content/drive/MyDrive/SeaAlert/data/audio_clean/wav/1616.wav,Routine,third_party,person_overboard,p323
1617,/content/drive/MyDrive/SeaAlert/data/audio_clean/wav/1617.wav,Safety,third_party,engine_failure,p318
1618,/content/drive/MyDrive/SeaAlert/data/audio_clean/wav/1618.wav,Routine,third_party,cargo_shift,p284
1619,/content/drive/MyDrive/SeaAlert/data/audio_clean/wav/1619.wav,Distress,informal,steering_failure,p301
1620,/content/drive/MyDrive/SeaAlert/data/audio_clean/wav/1620.wav,Urgency,third_party,engine_failure,p279
1621,/content/drive/MyDrive/SeaAlert/data/audio_clean/wav/1621.wav,Safety,third_party,fire_smoke,p347
1622,/content/drive/MyDrive/SeaAlert/data/audio_clean/wav/1622.wav,Routine,third_party,collision,p295
1623,/content/drive/MyDrive/SeaAlert/data/audio_clean/wav/1623.wav,Distress,formal,collision,p276
1624,/content/drive/MyDrive/SeaAlert/data/audio_clean/wav/1624.wav,Routine,informal,radio_check,p340
1625,/content/drive/MyDrive/SeaAlert/data/audio_clean/wav/1625.wav,Distress,informal,cargo_shift,p333
1626,/content/drive/MyDrive/SeaAlert/data/audio_clean/wav/1626.wav,Urgency,formal,cargo_shift,p231
1627,/content/drive/MyDrive/SeaAlert/data/audio_clean/wav/1627.wav,Routine,informal,medical_issue,p259
1628,/content/drive/MyDrive/SeaAlert/data/audio_clean/wav/1628.wav,Safety,formal,tow_request,p260
1629,/content/drive/MyDrive/SeaAlert/data/audio_clean/wav/1629.wav,Routine,third_party,water_ingress,p339
1630,/content/drive/MyDrive/SeaAlert/data/audio_clean/wav/1630.wav,Distress,informal,tow_request,p323
1631,/content/drive/MyDrive/SeaAlert/data/audio_clean/wav/1631.wav,Routine,third_party,steering_failure,p307
1632,/content/drive/MyDrive/SeaAlert/data/audio_clean/wav/1632.wav,Distress,formal,fire_smoke,p257
1633,/content/drive/MyDrive/SeaAlert/data/audio_clean/wav/1633.wav,Safety,informal,water_ingress,p271
1634,/content/drive/MyDrive/SeaAlert/data/audio_clean/wav/1634.wav,Urgency,formal,radio_check,p364
1635,/content/drive/MyDrive/SeaAlert/data/audio_clean/wav/1635.wav,Urgency,informal,tow_request,p240
1636,/content/drive/MyDrive/SeaAlert/data/audio_clean/wav/1636.wav,Safety,formal,person_overboard,p297
1637,/content/drive/MyDrive/SeaAlert/data/audio_clean/wav/1637.wav,Distress,third_party,tow_request,p262
1638,/content/drive/MyDrive/SeaAlert/data/audio_clean/wav/1638.wav,Urgency,informal,fire_smoke,p279
1639,/content/drive/MyDrive/SeaAlert/data/audio_clean/wav/1639.wav,Safety,third_party,steering_failure,p316
1640,/content/drive/MyDrive/SeaAlert/data/audio_clean/wav/1640.wav,Urgency,third_party,steering_failure,p238
1641,/content/drive/MyDrive/SeaAlert/data/audio_clean/wav/1641.wav,Safety,third_party,tow_request,p336
1642,/content/drive/MyDrive/SeaAlert/data/audio_clean/wav/1642.wav,Safety,third_party,medical_issue,p280
1643,/content/drive/MyDrive/SeaAlert/data/audio_clean/wav/1643.wav,Routine,formal,engine_failure,p273
1644,/content/drive/MyDrive/SeaAlert/data/audio_clean/wav/1644.wav,Routine,third_party,engine_failure,p312
1645,/content/drive/MyDrive/SeaAlert/data/audio_clean/wav/1645.wav,Urgency,formal,radio_check,p230
1646,/content/drive/MyDrive/SeaAlert/data/audio_clean/wav/1646.wav,Routine,third_party,fire_smoke,p303
1647,/content/drive/MyDrive/SeaAlert/data/audio_clean/wav/1647.wav,Distress,formal,cargo_shift,p230
1648,/content/drive/MyDrive/SeaAlert/data/audio_clean/wav/1648.wav,Urgency,informal,steering_failure,p258
1649,/content/drive/MyDrive/SeaAlert/data/audio_clean/wav/1649.wav,Routine,formal,nav_hazard,p248
1650,/content/drive/MyDrive/SeaAlert/data/audio_clean/wav/1650.wav,Urgency,third_party,nav_hazard,p316
1651,/content/drive/MyDrive/SeaAlert/data/audio_clean/wav/1651.wav,Distress,third_party,water_ingress,p244
1652,/content/drive/MyDrive/SeaAlert/data/audio_clean/wav/1652.wav,Routine,third_party,water_ingress,p244
1653,/content/drive/MyDrive/SeaAlert/data/audio_clean/wav/1653.wav,Routine,informal,nav_hazard,p261
1654,/content/drive/MyDrive/SeaAlert/data/audio_clean/wav/1654.wav,Distress,third_party,radio_check,p254
1655,/content/drive/MyDrive/SeaAlert/data/audio_clean/wav/1655.wav,Routine,formal,medical_issue,p285
1656,/content/drive/MyDrive/SeaAlert/data/audio_clean/wav/1656.wav,Distress,formal,engine_failure,p312
1657,/content/drive/MyDrive/SeaAlert/data/audio_clean/wav/1657.wav,Urgency,third_party,nav_hazard,p225
1658,/content/drive/MyDrive/SeaAlert/data/audio_clean/wav/1658.wav,Distress,informal,fire_smoke,"ED
"
1659,/content/drive/MyDrive/SeaAlert/data/audio_clean/wav/1659.wav,Safety,third_party,collision,p272
1660,/content/drive/MyDrive/SeaAlert/data/audio_clean/wav/1660.wav,Safety,informal,nav_hazard,p298
1661,/content/drive/MyDrive/SeaAlert/data/audio_clean/wav/1661.wav,Distress,formal,nav_hazard,p245
1662,/content/drive/MyDrive/SeaAlert/data/audio_clean/wav/1662.wav,Safety,third_party,person_overboard,p234
1663,/content/drive/MyDrive/SeaAlert/data/audio_clean/wav/1663.wav,Distress,informal,grounding,p363
1664,/content/drive/MyDrive/SeaAlert/data/audio_clean/wav/1664.wav,Safety,formal,steering_failure,p225
1665,/content/drive/MyDrive/SeaAlert/data/audio_clean/wav/1665.wav,Distress,formal,medical_issue,p295
1666,/content/drive/MyDrive/SeaAlert/data/audio_clean/wav/1666.wav,Urgency,formal,steering_failure,p318
1667,/content/drive/MyDrive/SeaAlert/data/audio_clean/wav/1667.wav,Distress,third_party,engine_failure,p236
1668,/content/drive/MyDrive/SeaAlert/data/audio_clean/wav/1668.wav,Routine,informal,cargo_shift,p245
1669,/content/drive/MyDrive/SeaAlert/data/audio_clean/wav/1669.wav,Distress,formal,collision,p228
1670,/content/drive/MyDrive/SeaAlert/data/audio_clean/wav/1670.wav,Urgency,formal,medical_issue,p262
1671,/content/drive/MyDrive/SeaAlert/data/audio_clean/wav/1671.wav,Routine,third_party,person_overboard,p263
1672,/content/drive/MyDrive/SeaAlert/data/audio_clean/wav/1672.wav,Distress,informal,water_ingress,p335
1673,/content/drive/MyDrive/SeaAlert/data/audio_clean/wav/1673.wav,Routine,informal,steering_failure,p232
1674,/content/drive/MyDrive/SeaAlert/data/audio_clean/wav/1674.wav,Safety,third_party,nav_hazard,p341
1675,/content/drive/MyDrive/SeaAlert/data/audio_clean/wav/1675.wav,Distress,informal,grounding,p278
1676,/content/drive/MyDrive/SeaAlert/data/audio_clean/wav/1676.wav,Urgency,informal,nav_hazard,p269
1677,/content/drive/MyDrive/SeaAlert/data/audio_clean/wav/1677.wav,Routine,formal,engine_failure,p343
1678,/content/drive/MyDrive/SeaAlert/data/audio_clean/wav/1678.wav,Routine,informal,water_ingress,p317
1679,/content/drive/MyDrive/SeaAlert/data/audio_clean/wav/1679.wav,Safety,formal,medical_issue,p374
1680,/content/drive/MyDrive/SeaAlert/data/audio_clean/wav/1680.wav,Routine,informal,water_ingress,p249
1681,/content/drive/MyDrive/SeaAlert/data/audio_clean/wav/1681.wav,Routine,informal,cargo_shift,p311
1682,/content/drive/MyDrive/SeaAlert/data/audio_clean/wav/1682.wav,Safety,informal,collision,p303
1683,/content/drive/MyDrive/SeaAlert/data/audio_clean/wav/1683.wav,Distress,third_party,tow_request,p255
1684,/content/drive/MyDrive/SeaAlert/data/audio_clean/wav/1684.wav,Routine,formal,person_overboard,p284
1685,/content/drive/MyDrive/SeaAlert/data/audio_clean/wav/1685.wav,Routine,third_party,water_ingress,p318
1686,/content/drive/MyDrive/SeaAlert/data/audio_clean/wav/1686.wav,Urgency,informal,collision,p339
1687,/content/drive/MyDrive/SeaAlert/data/audio_clean/wav/1687.wav,Urgency,formal,fire_smoke,p311
1688,/content/drive/MyDrive/SeaAlert/data/audio_clean/wav/1688.wav,Routine,formal,steering_failure,p311
1689,/content/drive/MyDrive/SeaAlert/data/audio_clean/wav/1689.wav,Urgency,informal,radio_check,p238
1690,/content/drive/MyDrive/SeaAlert/data/audio_clean/wav/1690.wav,Urgency,third_party,grounding,p232
1691,/content/drive/MyDrive/SeaAlert/data/audio_clean/wav/1691.wav,Routine,informal,person_overboard,p265
1692,/content/drive/MyDrive/SeaAlert/data/audio_clean/wav/1692.wav,Distress,formal,medical_issue,p294
1693,/content/drive/MyDrive/SeaAlert/data/audio_clean/wav/1693.wav,Routine,formal,grounding,p376
1694,/content/drive/MyDrive/SeaAlert/data/audio_clean/wav/1694.wav,Safety,informal,cargo_shift,p250
1695,/content/drive/MyDrive/SeaAlert/data/audio_clean/wav/1695.wav,Safety,third_party,tow_request,p360
1696,/content/drive/MyDrive/SeaAlert/data/audio_clean/wav/1696.wav,Distress,formal,engine_failure,p302
1697,/content/drive/MyDrive/SeaAlert/data/audio_clean/wav/1697.wav,Routine,formal,person_overboard,p247
1698,/content/drive/MyDrive/SeaAlert/data/audio_clean/wav/1698.wav,Distress,formal,radio_check,p364
1699,/content/drive/MyDrive/SeaAlert/data/audio_clean/wav/1699.wav,Safety,informal,steering_failure,p227
1700,/content/drive/MyDrive/SeaAlert/data/audio_clean/wav/1700.wav,Routine,informal,cargo_shift,p251
1701,/content/drive/MyDrive/SeaAlert/data/audio_clean/wav/1701.wav,Distress,formal,medical_issue,p283
1702,/content/drive/MyDrive/SeaAlert/data/audio_clean/wav/1702.wav,Distress,formal,engine_failure,p254
1703,/content/drive/MyDrive/SeaAlert/data/audio_clean/wav/1703.wav,Routine,informal,tow_request,p376
1704,/content/drive/MyDrive/SeaAlert/data/audio_clean/wav/1704.wav,Routine,informal,collision,p341
1705,/content/drive/MyDrive/SeaAlert/data/audio_clean/wav/1705.wav,Distress,formal,collision,p318
1706,/content/drive/MyDrive/SeaAlert/data/audio_clean/wav/1706.wav,Routine,formal,grounding,p262
1707,/content/drive/MyDrive/SeaAlert/data/audio_clean/wav/1707.wav,Distress,third_party,collision,p304
1708,/content/drive/MyDrive/SeaAlert/data/audio_clean/wav/1708.wav,Distress,informal,cargo_shift,p299
1709,/content/drive/MyDrive/SeaAlert/data/audio_clean/wav/1709.wav,Routine,third_party,collision,p243
1710,/content/drive/MyDrive/SeaAlert/data/audio_clean/wav/1710.wav,Safety,formal,medical_issue,p316
1711,/content/drive/MyDrive/SeaAlert/data/audio_clean/wav/1711.wav,Safety,third_party,tow_request,p267
1712,/content/drive/MyDrive/SeaAlert/data/audio_clean/wav/1712.wav,Urgency,informal,medical_issue,p345
1713,/content/drive/MyDrive/SeaAlert/data/audio_clean/wav/1713.wav,Distress,informal,steering_failure,p266
1714,/content/drive/MyDrive/SeaAlert/data/audio_clean/wav/1714.wav,Routine,informal,cargo_shift,p263
1715,/content/drive/MyDrive/SeaAlert/data/audio_clean/wav/1715.wav,Urgency,formal,water_ingress,p259
1716,/content/drive/MyDrive/SeaAlert/data/audio_clean/wav/1716.wav,Safety,formal,cargo_shift,p241
1717,/content/drive/MyDrive/SeaAlert/data/audio_clean/wav/1717.wav,Routine,informal,collision,p262
1718,/content/drive/MyDrive/SeaAlert/data/audio_clean/wav/1718.wav,Distress,informal,collision,p250
1719,/content/drive/MyDrive/SeaAlert/data/audio_clean/wav/1719.wav,Distress,informal,medical_issue,p351
1720,/content/drive/MyDrive/SeaAlert/data/audio_clean/wav/1720.wav,Safety,informal,grounding,p305
1721,/content/drive/MyDrive/SeaAlert/data/audio_clean/wav/1721.wav,Safety,informal,radio_check,p318
1722,/content/drive/MyDrive/SeaAlert/data/audio_clean/wav/1722.wav,Routine,formal,collision,p363
1723,/content/drive/MyDrive/SeaAlert/data/audio_clean/wav/1723.wav,Distress,third_party,collision,p317
1724,/content/drive/MyDrive/SeaAlert/data/audio_clean/wav/1724.wav,Routine,informal,collision,p316
1725,/content/drive/MyDrive/SeaAlert/data/audio_clean/wav/1725.wav,Urgency,formal,medical_issue,p252
1726,/content/drive/MyDrive/SeaAlert/data/audio_clean/wav/1726.wav,Urgency,informal,fire_smoke,p282
1727,/content/drive/MyDrive/SeaAlert/data/audio_clean/wav/1727.wav,Safety,informal,collision,p256
1728,/content/drive/MyDrive/SeaAlert/data/audio_clean/wav/1728.wav,Routine,formal,medical_issue,p229
1729,/content/drive/MyDrive/SeaAlert/data/audio_clean/wav/1729.wav,Routine,third_party,grounding,p330
1730,/content/drive/MyDrive/SeaAlert/data/audio_clean/wav/1730.wav,Routine,formal,water_ingress,p265
1731,/content/drive/MyDrive/SeaAlert/data/audio_clean/wav/1731.wav,Safety,informal,grounding,p341
1732,/content/drive/MyDrive/SeaAlert/data/audio_clean/wav/1732.wav,Safety,formal,engine_failure,p236
1733,/content/drive/MyDrive/SeaAlert/data/audio_clean/wav/1733.wav,Routine,informal,engine_failure,p376
1734,/content/drive/MyDrive/SeaAlert/data/audio_clean/wav/1734.wav,Distress,formal,medical_issue,p278
1735,/content/drive/MyDrive/SeaAlert/data/audio_clean/wav/1735.wav,Routine,third_party,cargo_shift,p300
1736,/content/drive/MyDrive/SeaAlert/data/audio_clean/wav/1736.wav,Distress,formal,collision,p233
1737,/content/drive/MyDrive/SeaAlert/data/audio_clean/wav/1737.wav,Distress,informal,radio_check,p270
1738,/content/drive/MyDrive/SeaAlert/data/audio_clean/wav/1738.wav,Distress,third_party,fire_smoke,p241
1739,/content/drive/MyDrive/SeaAlert/data/audio_clean/wav/1739.wav,Distress,informal,medical_issue,p251
1740,/content/drive/MyDrive/SeaAlert/data/audio_clean/wav/1740.wav,Distress,third_party,nav_hazard,p316
1741,/content/drive/MyDrive/SeaAlert/data/audio_clean/wav/1741.wav,Urgency,formal,steering_failure,p333
1742,/content/drive/MyDrive/SeaAlert/data/audio_clean/wav/1742.wav,Safety,third_party,tow_request,p287
1743,/content/drive/MyDrive/SeaAlert/data/audio_clean/wav/1743.wav,Distress,third_party,cargo_shift,p271
1744,/content/drive/MyDrive/SeaAlert/data/audio_clean/wav/1744.wav,Urgency,informal,radio_check,p292
1745,/content/drive/MyDrive/SeaAlert/data/audio_clean/wav/1745.wav,Routine,informal,engine_failure,p225
1746,/content/drive/MyDrive/SeaAlert/data/audio_clean/wav/1746.wav,Distress,third_party,cargo_shift,p279
1747,/content/drive/MyDrive/SeaAlert/data/audio_clean/wav/1747.wav,Safety,formal,water_ingress,p364
1748,/content/drive/MyDrive/SeaAlert/data/audio_clean/wav/1748.wav,Distress,informal,collision,p293
1749,/content/drive/MyDrive/SeaAlert/data/audio_clean/wav/1749.wav,Urgency,informal,water_ingress,p276
1750,/content/drive/MyDrive/SeaAlert/data/audio_clean/wav/1750.wav,Urgency,formal,steering_failure,p278
1751,/content/drive/MyDrive/SeaAlert/data/audio_clean/wav/1751.wav,Urgency,formal,nav_hazard,p261
1752,/content/drive/MyDrive/SeaAlert/data/audio_clean/wav/1752.wav,Urgency,informal,water_ingress,p251
1753,/content/drive/MyDrive/SeaAlert/data/audio_clean/wav/1753.wav,Urgency,informal,water_ingress,p254
1754,/content/drive/MyDrive/SeaAlert/data/audio_clean/wav/1754.wav,Urgency,formal,tow_request,p246
1755,/content/drive/MyDrive/SeaAlert/data/audio_clean/wav/1755.wav,Urgency,informal,medical_issue,p234
1756,/content/drive/MyDrive/SeaAlert/data/audio_clean/wav/1756.wav,Safety,third_party,nav_hazard,p265
1757,/content/drive/MyDrive/SeaAlert/data/audio_clean/wav/1757.wav,Safety,third_party,water_ingress,p234
1758,/content/drive/MyDrive/SeaAlert/data/audio_clean/wav/1758.wav,Safety,formal,medical_issue,p261
1759,/content/drive/MyDrive/SeaAlert/data/audio_clean/wav/1759.wav,Urgency,third_party,radio_check,p284
1760,/content/drive/MyDrive/SeaAlert/data/audio_clean/wav/1760.wav,Distress,informal,tow_request,p264
1761,/content/drive/MyDrive/SeaAlert/data/audio_clean/wav/1761.wav,Routine,informal,collision,p361
1762,/content/drive/MyDrive/SeaAlert/data/audio_clean/wav/1762.wav,Safety,informal,person_overboard,p343
1763,/content/drive/MyDrive/SeaAlert/data/audio_clean/wav/1763.wav,Urgency,third_party,person_overboard,p279
1764,/content/drive/MyDrive/SeaAlert/data/audio_clean/wav/1764.wav,Distress,informal,nav_hazard,p341
1765,/content/drive/MyDrive/SeaAlert/data/audio_clean/wav/1765.wav,Urgency,informal,cargo_shift,p280
1766,/content/drive/MyDrive/SeaAlert/data/audio_clean/wav/1766.wav,Safety,third_party,nav_hazard,p249
1767,/content/drive/MyDrive/SeaAlert/data/audio_clean/wav/1767.wav,Distress,formal,engine_failure,p247
1768,/content/drive/MyDrive/SeaAlert/data/audio_clean/wav/1768.wav,Urgency,formal,fire_smoke,p298
1769,/content/drive/MyDrive/SeaAlert/data/audio_clean/wav/1769.wav,Safety,third_party,tow_request,p281
1770,/content/drive/MyDrive/SeaAlert/data/audio_clean/wav/1770.wav,Urgency,formal,nav_hazard,p258
1771,/content/drive/MyDrive/SeaAlert/data/audio_clean/wav/1771.wav,Safety,informal,medical_issue,p261
1772,/content/drive/MyDrive/SeaAlert/data/audio_clean/wav/1772.wav,Safety,informal,radio_check,p245
1773,/content/drive/MyDrive/SeaAlert/data/audio_clean/wav/1773.wav,Safety,third_party,water_ingress,p313
1774,/content/drive/MyDrive/SeaAlert/data/audio_clean/wav/1774.wav,Distress,informal,water_ingress,p343
1775,/content/drive/MyDrive/SeaAlert/data/audio_clean/wav/1775.wav,Routine,third_party,person_overboard,p364
1776,/content/drive/MyDrive/SeaAlert/data/audio_clean/wav/1776.wav,Routine,informal,grounding,p311
1777,/content/drive/MyDrive/SeaAlert/data/audio_clean/wav/1777.wav,Safety,informal,medical_issue,p287
1778,/content/drive/MyDrive/SeaAlert/data/audio_clean/wav/1778.wav,Routine,informal,medical_issue,p376
1779,/content/drive/MyDrive/SeaAlert/data/audio_clean/wav/1779.wav,Routine,informal,cargo_shift,p364
1780,/content/drive/MyDrive/SeaAlert/data/audio_clean/wav/1780.wav,Safety,formal,radio_check,p341
1781,/content/drive/MyDrive/SeaAlert/data/audio_clean/wav/1781.wav,Distress,formal,tow_request,p302
1782,/content/drive/MyDrive/SeaAlert/data/audio_clean/wav/1782.wav,Safety,third_party,radio_check,p251
1783,/content/drive/MyDrive/SeaAlert/data/audio_clean/wav/1783.wav,Urgency,informal,radio_check,p294
1784,/content/drive/MyDrive/SeaAlert/data/audio_clean/wav/1784.wav,Routine,informal,nav_hazard,p302
1785,/content/drive/MyDrive/SeaAlert/data/audio_clean/wav/1785.wav,Routine,formal,cargo_shift,p302
1786,/content/drive/MyDrive/SeaAlert/data/audio_clean/wav/1786.wav,Distress,informal,grounding,p265
1787,/content/drive/MyDrive/SeaAlert/data/audio_clean/wav/1787.wav,Urgency,formal,fire_smoke,p241
1788,/content/drive/MyDrive/SeaAlert/data/audio_clean/wav/1788.wav,Distress,informal,fire_smoke,"ED
"
1789,/content/drive/MyDrive/SeaAlert/data/audio_clean/wav/1789.wav,Distress,informal,nav_hazard,p326
1790,/content/drive/MyDrive/SeaAlert/data/audio_clean/wav/1790.wav,Distress,formal,nav_hazard,p286
1791,/content/drive/MyDrive/SeaAlert/data/audio_clean/wav/1791.wav,Safety,third_party,cargo_shift,p268
1792,/content/drive/MyDrive/SeaAlert/data/audio_clean/wav/1792.wav,Safety,third_party,engine_failure,p361
1793,/content/drive/MyDrive/SeaAlert/data/audio_clean/wav/1793.wav,Routine,informal,steering_failure,p267
1794,/content/drive/MyDrive/SeaAlert/data/audio_clean/wav/1794.wav,Safety,informal,medical_issue,p250
1795,/content/drive/MyDrive/SeaAlert/data/audio_clean/wav/1795.wav,Routine,informal,steering_failure,p264
1796,/content/drive/MyDrive/SeaAlert/data/audio_clean/wav/1796.wav,Urgency,third_party,radio_check,p260
1797,/content/drive/MyDrive/SeaAlert/data/audio_clean/wav/1797.wav,Distress,informal,medical_issue,p226
1798,/content/drive/MyDrive/SeaAlert/data/audio_clean/wav/1798.wav,Routine,informal,steering_failure,p347
1799,/content/drive/MyDrive/SeaAlert/data/audio_clean/wav/1799.wav,Distress,third_party,fire_smoke,p374
1800,/content/drive/MyDrive/SeaAlert/data/audio_clean/wav/1800.wav,Routine,formal,water_ingress,p269
1801,/content/drive/MyDrive/SeaAlert/data/audio_clean/wav/1801.wav,Distress,informal,person_overboard,p276
1802,/content/drive/MyDrive/SeaAlert/data/audio_clean/wav/1802.wav,Distress,third_party,collision,p335
1803,/content/drive/MyDrive/SeaAlert/data/audio_clean/wav/1803.wav,Distress,informal,nav_hazard,p351
1804,/content/drive/MyDrive/SeaAlert/data/audio_clean/wav/1804.wav,Distress,formal,person_overboard,p341
1805,/content/drive/MyDrive/SeaAlert/data/audio_clean/wav/1805.wav,Distress,informal,radio_check,p236
1806,/content/drive/MyDrive/SeaAlert/data/audio_clean/wav/1806.wav,Safety,formal,nav_hazard,p244
1807,/content/drive/MyDrive/SeaAlert/data/audio_clean/wav/1807.wav,Safety,informal,cargo_shift,p347
1808,/content/drive/MyDrive/SeaAlert/data/audio_clean/wav/1808.wav,Urgency,third_party,grounding,p269
1809,/content/drive/MyDrive/SeaAlert/data/audio_clean/wav/1809.wav,Urgency,formal,tow_request,p284
1810,/content/drive/MyDrive/SeaAlert/data/audio_clean/wav/1810.wav,Safety,formal,tow_request,p274
1811,/content/drive/MyDrive/SeaAlert/data/audio_clean/wav/1811.wav,Routine,informal,person_overboard,p286
1812,/content/drive/MyDrive/SeaAlert/data/audio_clean/wav/1812.wav,Distress,third_party,nav_hazard,p241
1813,/content/drive/MyDrive/SeaAlert/data/audio_clean/wav/1813.wav,Safety,informal,tow_request,p303
1814,/content/drive/MyDrive/SeaAlert/data/audio_clean/wav/1814.wav,Distress,third_party,cargo_shift,p282
1815,/content/drive/MyDrive/SeaAlert/data/audio_clean/wav/1815.wav,Distress,informal,grounding,p280
1816,/content/drive/MyDrive/SeaAlert/data/audio_clean/wav/1816.wav,Urgency,third_party,medical_issue,p272
1817,/content/drive/MyDrive/SeaAlert/data/audio_clean/wav/1817.wav,Safety,formal,steering_failure,p236
1818,/content/drive/MyDrive/SeaAlert/data/audio_clean/wav/1818.wav,Distress,formal,water_ingress,p287
1819,/content/drive/MyDrive/SeaAlert/data/audio_clean/wav/1819.wav,Urgency,third_party,collision,p310
1820,/content/drive/MyDrive/SeaAlert/data/audio_clean/wav/1820.wav,Routine,informal,steering_failure,p323
1821,/content/drive/MyDrive/SeaAlert/data/audio_clean/wav/1821.wav,Safety,third_party,tow_request,p313
1822,/content/drive/MyDrive/SeaAlert/data/audio_clean/wav/1822.wav,Urgency,third_party,steering_failure,p231
1823,/content/drive/MyDrive/SeaAlert/data/audio_clean/wav/1823.wav,Routine,third_party,person_overboard,p336
1824,/content/drive/MyDrive/SeaAlert/data/audio_clean/wav/1824.wav,Urgency,informal,cargo_shift,p246
1825,/content/drive/MyDrive/SeaAlert/data/audio_clean/wav/1825.wav,Safety,informal,person_overboard,p311
1826,/content/drive/MyDrive/SeaAlert/data/audio_clean/wav/1826.wav,Urgency,formal,steering_failure,p318
1827,/content/drive/MyDrive/SeaAlert/data/audio_clean/wav/1827.wav,Safety,third_party,radio_check,p347
1828,/content/drive/MyDrive/SeaAlert/data/audio_clean/wav/1828.wav,Routine,third_party,person_overboard,p310
1829,/content/drive/MyDrive/SeaAlert/data/audio_clean/wav/1829.wav,Routine,informal,steering_failure,p299
1830,/content/drive/MyDrive/SeaAlert/data/audio_clean/wav/1830.wav,Urgency,informal,steering_failure,p301
1831,/content/drive/MyDrive/SeaAlert/data/audio_clean/wav/1831.wav,Routine,formal,tow_request,p250
1832,/content/drive/MyDrive/SeaAlert/data/audio_clean/wav/1832.wav,Routine,informal,engine_failure,p312
1833,/content/drive/MyDrive/SeaAlert/data/audio_clean/wav/1833.wav,Safety,informal,grounding,p326
1834,/content/drive/MyDrive/SeaAlert/data/audio_clean/wav/1834.wav,Routine,informal,tow_request,p236
1835,/content/drive/MyDrive/SeaAlert/data/audio_clean/wav/1835.wav,Safety,informal,person_overboard,p239
1836,/content/drive/MyDrive/SeaAlert/data/audio_clean/wav/1836.wav,Urgency,third_party,water_ingress,p284
1837,/content/drive/MyDrive/SeaAlert/data/audio_clean/wav/1837.wav,Routine,informal,water_ingress,p251
1838,/content/drive/MyDrive/SeaAlert/data/audio_clean/wav/1838.wav,Safety,informal,grounding,p362
1839,/content/drive/MyDrive/SeaAlert/data/audio_clean/wav/1839.wav,Safety,formal,grounding,p376
1840,/content/drive/MyDrive/SeaAlert/data/audio_clean/wav/1840.wav,Routine,informal,person_overboard,p251
1841,/content/drive/MyDrive/SeaAlert/data/audio_clean/wav/1841.wav,Distress,third_party,steering_failure,p272
1842,/content/drive/MyDrive/SeaAlert/data/audio_clean/wav/1842.wav,Routine,informal,nav_hazard,p257
1843,/content/drive/MyDrive/SeaAlert/data/audio_clean/wav/1843.wav,Routine,third_party,medical_issue,p233
1844,/content/drive/MyDrive/SeaAlert/data/audio_clean/wav/1844.wav,Urgency,formal,nav_hazard,p240
1845,/content/drive/MyDrive/SeaAlert/data/audio_clean/wav/1845.wav,Routine,informal,nav_hazard,p300
1846,/content/drive/MyDrive/SeaAlert/data/audio_clean/wav/1846.wav,Distress,informal,collision,p241
1847,/content/drive/MyDrive/SeaAlert/data/audio_clean/wav/1847.wav,Distress,formal,person_overboard,p248
1848,/content/drive/MyDrive/SeaAlert/data/audio_clean/wav/1848.wav,Distress,third_party,radio_check,p251
1849,/content/drive/MyDrive/SeaAlert/data/audio_clean/wav/1849.wav,Distress,formal,water_ingress,p316
1850,/content/drive/MyDrive/SeaAlert/data/audio_clean/wav/1850.wav,Safety,third_party,water_ingress,p317
1851,/content/drive/MyDrive/SeaAlert/data/audio_clean/wav/1851.wav,Urgency,third_party,steering_failure,p230
1852,/content/drive/MyDrive/SeaAlert/data/audio_clean/wav/1852.wav,Distress,third_party,tow_request,p238
1853,/content/drive/MyDrive/SeaAlert/data/audio_clean/wav/1853.wav,Routine,third_party,steering_failure,p308
1854,/content/drive/MyDrive/SeaAlert/data/audio_clean/wav/1854.wav,Safety,formal,collision,p230
1855,/content/drive/MyDrive/SeaAlert/data/audio_clean/wav/1855.wav,Urgency,third_party,radio_check,p232
1856,/content/drive/MyDrive/SeaAlert/data/audio_clean/wav/1856.wav,Safety,informal,radio_check,p273
1857,/content/drive/MyDrive/SeaAlert/data/audio_clean/wav/1857.wav,Routine,informal,steering_failure,p301
1858,/content/drive/MyDrive/SeaAlert/data/audio_clean/wav/1858.wav,Safety,third_party,water_ingress,p284
1859,/content/drive/MyDrive/SeaAlert/data/audio_clean/wav/1859.wav,Safety,third_party,radio_check,p318
1860,/content/drive/MyDrive/SeaAlert/data/audio_clean/wav/1860.wav,Routine,third_party,steering_failure,p334
1861,/content/drive/MyDrive/SeaAlert/data/audio_clean/wav/1861.wav,Routine,formal,fire_smoke,p312
1862,/content/drive/MyDrive/SeaAlert/data/audio_clean/wav/1862.wav,Routine,third_party,steering_failure,p336
1863,/content/drive/MyDrive/SeaAlert/data/audio_clean/wav/1863.wav,Routine,formal,water_ingress,p335
1864,/content/drive/MyDrive/SeaAlert/data/audio_clean/wav/1864.wav,Routine,informal,cargo_shift,p264
1865,/content/drive/MyDrive/SeaAlert/data/audio_clean/wav/1865.wav,Safety,third_party,nav_hazard,p343
1866,/content/drive/MyDrive/SeaAlert/data/audio_clean/wav/1866.wav,Distress,informal,steering_failure,p243
1867,/content/drive/MyDrive/SeaAlert/data/audio_clean/wav/1867.wav,Distress,third_party,radio_check,p284
1868,/content/drive/MyDrive/SeaAlert/data/audio_clean/wav/1868.wav,Urgency,formal,grounding,p363
1869,/content/drive/MyDrive/SeaAlert/data/audio_clean/wav/1869.wav,Routine,informal,person_overboard,p360
1870,/content/drive/MyDrive/SeaAlert/data/audio_clean/wav/1870.wav,Safety,formal,cargo_shift,p241
1871,/content/drive/MyDrive/SeaAlert/data/audio_clean/wav/1871.wav,Urgency,informal,engine_failure,p238
